ISO-10303-21;
HEADER;
/* Generated by software containing ST-Developer
 * from STEP Tools, Inc. (www.steptools.com) 
 */

FILE_DESCRIPTION(
/* description */ (''),
/* implementation_level */ '2;1');

FILE_NAME(
/* name */ 'fuse.step',
/* time_stamp */ '2023-11-17T00:08:54+04:00',
/* author */ (''),
/* organization */ (''),
/* preprocessor_version */ 'ST-DEVELOPER v20',
/* originating_system */ 'Autodesk Translation Framework v12.14.0.127',

/* authorisation */ '');

FILE_SCHEMA (('AUTOMOTIVE_DESIGN { 1 0 10303 214 3 1 1 }'));
ENDSEC;

DATA;
#10=MECHANICAL_DESIGN_GEOMETRIC_PRESENTATION_REPRESENTATION('',(#17,#18,
#19),#3669);
#11=SHAPE_REPRESENTATION_RELATIONSHIP('SRR','None',#3676,#12);
#12=ADVANCED_BREP_SHAPE_REPRESENTATION('',(#20,#21,#22),#3668);
#13=CYLINDRICAL_SURFACE('',#843,0.149999999999999);
#14=CYLINDRICAL_SURFACE('',#847,0.150000000000001);
#15=CYLINDRICAL_SURFACE('',#849,0.149999999999999);
#16=CYLINDRICAL_SURFACE('',#851,0.149999999999998);
#17=STYLED_ITEM('',(#3686),#20);
#18=STYLED_ITEM('',(#3686),#21);
#19=STYLED_ITEM('',(#3687),#22);
#20=MANIFOLD_SOLID_BREP('Body1',#788);
#21=MANIFOLD_SOLID_BREP('Body2',#789);
#22=MANIFOLD_SOLID_BREP('Body3',#790);
#23=B_SPLINE_SURFACE_WITH_KNOTS('',3,3,((#1808,#1809,#1810,#1811,#1812,
#1813,#1814,#1815,#1816,#1817,#1818),(#1819,#1820,#1821,#1822,#1823,#1824,
#1825,#1826,#1827,#1828,#1829),(#1830,#1831,#1832,#1833,#1834,#1835,#1836,
#1837,#1838,#1839,#1840),(#1841,#1842,#1843,#1844,#1845,#1846,#1847,#1848,
#1849,#1850,#1851),(#1852,#1853,#1854,#1855,#1856,#1857,#1858,#1859,#1860,
#1861,#1862),(#1863,#1864,#1865,#1866,#1867,#1868,#1869,#1870,#1871,#1872,
#1873),(#1874,#1875,#1876,#1877,#1878,#1879,#1880,#1881,#1882,#1883,#1884),
(#1885,#1886,#1887,#1888,#1889,#1890,#1891,#1892,#1893,#1894,#1895),(#1896,
#1897,#1898,#1899,#1900,#1901,#1902,#1903,#1904,#1905,#1906),(#1907,#1908,
#1909,#1910,#1911,#1912,#1913,#1914,#1915,#1916,#1917),(#1918,#1919,#1920,
#1921,#1922,#1923,#1924,#1925,#1926,#1927,#1928)),.UNSPECIFIED.,.F.,.F.,
 .F.,(4,1,1,1,1,1,1,1,4),(4,1,1,1,1,1,1,1,4),(-8.79391845781029E-5,0.125,
0.25,0.375,0.5,0.625,0.75,0.875,1.),(-0.149000761993661,0.125,0.25,0.375,
0.5,0.625,0.75,0.875,1.00008081629905),.UNSPECIFIED.);
#24=B_SPLINE_SURFACE_WITH_KNOTS('',3,3,((#1929,#1930,#1931,#1932,#1933,
#1934,#1935,#1936,#1937,#1938,#1939),(#1940,#1941,#1942,#1943,#1944,#1945,
#1946,#1947,#1948,#1949,#1950),(#1951,#1952,#1953,#1954,#1955,#1956,#1957,
#1958,#1959,#1960,#1961),(#1962,#1963,#1964,#1965,#1966,#1967,#1968,#1969,
#1970,#1971,#1972),(#1973,#1974,#1975,#1976,#1977,#1978,#1979,#1980,#1981,
#1982,#1983),(#1984,#1985,#1986,#1987,#1988,#1989,#1990,#1991,#1992,#1993,
#1994),(#1995,#1996,#1997,#1998,#1999,#2000,#2001,#2002,#2003,#2004,#2005),
(#2006,#2007,#2008,#2009,#2010,#2011,#2012,#2013,#2014,#2015,#2016),(#2017,
#2018,#2019,#2020,#2021,#2022,#2023,#2024,#2025,#2026,#2027),(#2028,#2029,
#2030,#2031,#2032,#2033,#2034,#2035,#2036,#2037,#2038),(#2039,#2040,#2041,
#2042,#2043,#2044,#2045,#2046,#2047,#2048,#2049)),.UNSPECIFIED.,.F.,.F.,
 .F.,(4,1,1,1,1,1,1,1,4),(4,1,1,1,1,1,1,1,4),(-7.88238334481653E-5,0.125,
0.25,0.375,0.5,0.625,0.75,0.875,1.),(-0.000106390972514804,0.125,0.25,0.375,
0.5,0.625,0.75,0.875,1.),.UNSPECIFIED.);
#25=B_SPLINE_SURFACE_WITH_KNOTS('',3,3,((#2050,#2051,#2052,#2053,#2054,
#2055,#2056,#2057,#2058,#2059,#2060),(#2061,#2062,#2063,#2064,#2065,#2066,
#2067,#2068,#2069,#2070,#2071),(#2072,#2073,#2074,#2075,#2076,#2077,#2078,
#2079,#2080,#2081,#2082),(#2083,#2084,#2085,#2086,#2087,#2088,#2089,#2090,
#2091,#2092,#2093),(#2094,#2095,#2096,#2097,#2098,#2099,#2100,#2101,#2102,
#2103,#2104),(#2105,#2106,#2107,#2108,#2109,#2110,#2111,#2112,#2113,#2114,
#2115),(#2116,#2117,#2118,#2119,#2120,#2121,#2122,#2123,#2124,#2125,#2126),
(#2127,#2128,#2129,#2130,#2131,#2132,#2133,#2134,#2135,#2136,#2137),(#2138,
#2139,#2140,#2141,#2142,#2143,#2144,#2145,#2146,#2147,#2148),(#2149,#2150,
#2151,#2152,#2153,#2154,#2155,#2156,#2157,#2158,#2159),(#2160,#2161,#2162,
#2163,#2164,#2165,#2166,#2167,#2168,#2169,#2170)),.UNSPECIFIED.,.F.,.F.,
 .F.,(4,1,1,1,1,1,1,1,4),(4,1,1,1,1,1,1,1,4),(-8.08162912758575E-5,0.125,
0.25,0.375,0.5,0.625,0.75,0.875,1.14900076887897),(-8.79391767805191E-5,
0.125,0.25,0.375,0.5,0.625,0.75,0.875,1.),.UNSPECIFIED.);
#26=B_SPLINE_SURFACE_WITH_KNOTS('',3,3,((#2171,#2172,#2173,#2174,#2175,
#2176,#2177,#2178,#2179,#2180,#2181),(#2182,#2183,#2184,#2185,#2186,#2187,
#2188,#2189,#2190,#2191,#2192),(#2193,#2194,#2195,#2196,#2197,#2198,#2199,
#2200,#2201,#2202,#2203),(#2204,#2205,#2206,#2207,#2208,#2209,#2210,#2211,
#2212,#2213,#2214),(#2215,#2216,#2217,#2218,#2219,#2220,#2221,#2222,#2223,
#2224,#2225),(#2226,#2227,#2228,#2229,#2230,#2231,#2232,#2233,#2234,#2235,
#2236),(#2237,#2238,#2239,#2240,#2241,#2242,#2243,#2244,#2245,#2246,#2247),
(#2248,#2249,#2250,#2251,#2252,#2253,#2254,#2255,#2256,#2257,#2258),(#2259,
#2260,#2261,#2262,#2263,#2264,#2265,#2266,#2267,#2268,#2269),(#2270,#2271,
#2272,#2273,#2274,#2275,#2276,#2277,#2278,#2279,#2280),(#2281,#2282,#2283,
#2284,#2285,#2286,#2287,#2288,#2289,#2290,#2291)),.UNSPECIFIED.,.F.,.F.,
 .F.,(4,1,1,1,1,1,1,1,4),(4,1,1,1,1,1,1,1,4),(0.,0.125,0.25,0.375,0.5,0.625,
0.75,0.875,1.00009669059081),(-9.22007244421788E-5,0.125,0.25,0.375,0.5,
0.625,0.75,0.875,1.),.UNSPECIFIED.);
#27=B_SPLINE_SURFACE_WITH_KNOTS('',3,3,((#3132,#3133,#3134,#3135,#3136,
#3137,#3138,#3139,#3140,#3141,#3142),(#3143,#3144,#3145,#3146,#3147,#3148,
#3149,#3150,#3151,#3152,#3153),(#3154,#3155,#3156,#3157,#3158,#3159,#3160,
#3161,#3162,#3163,#3164),(#3165,#3166,#3167,#3168,#3169,#3170,#3171,#3172,
#3173,#3174,#3175),(#3176,#3177,#3178,#3179,#3180,#3181,#3182,#3183,#3184,
#3185,#3186),(#3187,#3188,#3189,#3190,#3191,#3192,#3193,#3194,#3195,#3196,
#3197),(#3198,#3199,#3200,#3201,#3202,#3203,#3204,#3205,#3206,#3207,#3208),
(#3209,#3210,#3211,#3212,#3213,#3214,#3215,#3216,#3217,#3218,#3219),(#3220,
#3221,#3222,#3223,#3224,#3225,#3226,#3227,#3228,#3229,#3230),(#3231,#3232,
#3233,#3234,#3235,#3236,#3237,#3238,#3239,#3240,#3241),(#3242,#3243,#3244,
#3245,#3246,#3247,#3248,#3249,#3250,#3251,#3252)),.UNSPECIFIED.,.F.,.F.,
 .F.,(4,1,1,1,1,1,1,1,4),(4,1,1,1,1,1,1,1,4),(-0.149000761992096,0.125,
0.25,0.375,0.5,0.625,0.75,0.875,1.00008081629905),(-8.7939184577908E-5,
0.125,0.25,0.375,0.5,0.625,0.75,0.875,1.),.UNSPECIFIED.);
#28=B_SPLINE_SURFACE_WITH_KNOTS('',3,3,((#3253,#3254,#3255,#3256,#3257,
#3258,#3259,#3260,#3261,#3262,#3263),(#3264,#3265,#3266,#3267,#3268,#3269,
#3270,#3271,#3272,#3273,#3274),(#3275,#3276,#3277,#3278,#3279,#3280,#3281,
#3282,#3283,#3284,#3285),(#3286,#3287,#3288,#3289,#3290,#3291,#3292,#3293,
#3294,#3295,#3296),(#3297,#3298,#3299,#3300,#3301,#3302,#3303,#3304,#3305,
#3306,#3307),(#3308,#3309,#3310,#3311,#3312,#3313,#3314,#3315,#3316,#3317,
#3318),(#3319,#3320,#3321,#3322,#3323,#3324,#3325,#3326,#3327,#3328,#3329),
(#3330,#3331,#3332,#3333,#3334,#3335,#3336,#3337,#3338,#3339,#3340),(#3341,
#3342,#3343,#3344,#3345,#3346,#3347,#3348,#3349,#3350,#3351),(#3352,#3353,
#3354,#3355,#3356,#3357,#3358,#3359,#3360,#3361,#3362),(#3363,#3364,#3365,
#3366,#3367,#3368,#3369,#3370,#3371,#3372,#3373)),.UNSPECIFIED.,.F.,.F.,
 .F.,(4,1,1,1,1,1,1,1,4),(4,1,1,1,1,1,1,1,4),(-0.00643170107933259,0.125,
0.25,0.375,0.5,0.625,0.75,0.875,1.),(-0.0216968253801185,0.125,0.25,0.375,
0.5,0.625,0.75,0.875,1.),.UNSPECIFIED.);
#29=B_SPLINE_SURFACE_WITH_KNOTS('',3,3,((#3374,#3375,#3376,#3377,#3378,
#3379,#3380,#3381,#3382,#3383,#3384),(#3385,#3386,#3387,#3388,#3389,#3390,
#3391,#3392,#3393,#3394,#3395),(#3396,#3397,#3398,#3399,#3400,#3401,#3402,
#3403,#3404,#3405,#3406),(#3407,#3408,#3409,#3410,#3411,#3412,#3413,#3414,
#3415,#3416,#3417),(#3418,#3419,#3420,#3421,#3422,#3423,#3424,#3425,#3426,
#3427,#3428),(#3429,#3430,#3431,#3432,#3433,#3434,#3435,#3436,#3437,#3438,
#3439),(#3440,#3441,#3442,#3443,#3444,#3445,#3446,#3447,#3448,#3449,#3450),
(#3451,#3452,#3453,#3454,#3455,#3456,#3457,#3458,#3459,#3460,#3461),(#3462,
#3463,#3464,#3465,#3466,#3467,#3468,#3469,#3470,#3471,#3472),(#3473,#3474,
#3475,#3476,#3477,#3478,#3479,#3480,#3481,#3482,#3483),(#3484,#3485,#3486,
#3487,#3488,#3489,#3490,#3491,#3492,#3493,#3494)),.UNSPECIFIED.,.F.,.F.,
 .F.,(4,1,1,1,1,1,1,1,4),(4,1,1,1,1,1,1,1,4),(-8.79391767808496E-5,0.125,
0.25,0.375,0.5,0.625,0.75,0.875,1.),(-8.08162912782996E-5,0.125,0.25,0.375,
0.5,0.625,0.75,0.875,1.1490007688899),.UNSPECIFIED.);
#30=B_SPLINE_SURFACE_WITH_KNOTS('',3,3,((#3495,#3496,#3497,#3498,#3499,
#3500,#3501,#3502,#3503,#3504,#3505),(#3506,#3507,#3508,#3509,#3510,#3511,
#3512,#3513,#3514,#3515,#3516),(#3517,#3518,#3519,#3520,#3521,#3522,#3523,
#3524,#3525,#3526,#3527),(#3528,#3529,#3530,#3531,#3532,#3533,#3534,#3535,
#3536,#3537,#3538),(#3539,#3540,#3541,#3542,#3543,#3544,#3545,#3546,#3547,
#3548,#3549),(#3550,#3551,#3552,#3553,#3554,#3555,#3556,#3557,#3558,#3559,
#3560),(#3561,#3562,#3563,#3564,#3565,#3566,#3567,#3568,#3569,#3570,#3571),
(#3572,#3573,#3574,#3575,#3576,#3577,#3578,#3579,#3580,#3581,#3582),(#3583,
#3584,#3585,#3586,#3587,#3588,#3589,#3590,#3591,#3592,#3593),(#3594,#3595,
#3596,#3597,#3598,#3599,#3600,#3601,#3602,#3603,#3604),(#3605,#3606,#3607,
#3608,#3609,#3610,#3611,#3612,#3613,#3614,#3615)),.UNSPECIFIED.,.F.,.F.,
 .F.,(4,1,1,1,1,1,1,1,4),(4,1,1,1,1,1,1,1,4),(-9.22007244426209E-5,0.125,
0.25,0.375,0.5,0.625,0.75,0.875,1.),(0.,0.125,0.25,0.375,0.5,0.625,0.75,
0.875,1.00009669059081),.UNSPECIFIED.);
#31=(
BOUNDED_SURFACE()
B_SPLINE_SURFACE(1,2,((#1130,#1131,#1132),(#1133,#1134,#1135)),
 .UNSPECIFIED.,.F.,.F.,.F.)
B_SPLINE_SURFACE_WITH_KNOTS((2,2),(3,3),(-10.2779872651323,3.7855557055735),
(0.,2.90073721681457),.UNSPECIFIED.)
GEOMETRIC_REPRESENTATION_ITEM()
RATIONAL_B_SPLINE_SURFACE(((1.,0.707106781186548,1.),(1.,0.707106781186548,
1.)))
REPRESENTATION_ITEM('')
SURFACE()
);
#32=(
BOUNDED_SURFACE()
B_SPLINE_SURFACE(2,1,((#1210,#1211),(#1212,#1213),(#1214,#1215)),
 .UNSPECIFIED.,.F.,.F.,.F.)
B_SPLINE_SURFACE_WITH_KNOTS((3,3),(2,2),(0.,2.90073721681457),(-10.2779872651323,
3.7855557055735),.UNSPECIFIED.)
GEOMETRIC_REPRESENTATION_ITEM()
RATIONAL_B_SPLINE_SURFACE(((1.,1.),(0.707106781186548,0.707106781186548),
(1.,1.)))
REPRESENTATION_ITEM('')
SURFACE()
);
#33=(
BOUNDED_SURFACE()
B_SPLINE_SURFACE(2,3,((#1219,#1220,#1221,#1222,#1223,#1224,#1225,#1226),
(#1227,#1228,#1229,#1230,#1231,#1232,#1233,#1234),(#1235,#1236,#1237,#1238,
#1239,#1240,#1241,#1242)),.UNSPECIFIED.,.F.,.F.,.F.)
B_SPLINE_SURFACE_WITH_KNOTS((3,3),(4,1,1,1,1,4),(-3.30040406518212E-6,44.2922236190204),
(0.408601838453375,0.694431686204889,1.38886337240978,1.71422571452881,
2.03958805664785,2.36922786944761),.UNSPECIFIED.)
GEOMETRIC_REPRESENTATION_ITEM()
RATIONAL_B_SPLINE_SURFACE(((1.00000004364043,1.00000004364043,1.00000004364043,
1.00000004364043,1.00000004364043,1.00000004364043,1.00000004364043,1.00000004364043),
(0.707167388662212,0.707167388662212,0.707167388662212,0.707167388662211,
0.707167388662212,0.707167388662212,0.707167388662212,0.707167388662212),
(0.999878766526995,0.999878766526995,0.999878766526995,0.999878766526995,
0.999878766526995,0.999878766526995,0.999878766526995,0.999878766526995)))
REPRESENTATION_ITEM('')
SURFACE()
);
#34=(
BOUNDED_SURFACE()
B_SPLINE_SURFACE(1,2,((#1397,#1398,#1399),(#1400,#1401,#1402)),
 .UNSPECIFIED.,.F.,.F.,.F.)
B_SPLINE_SURFACE_WITH_KNOTS((2,2),(3,3),(-2.25912195332612,11.8044210173797),
(0.,2.90073721681457),.UNSPECIFIED.)
GEOMETRIC_REPRESENTATION_ITEM()
RATIONAL_B_SPLINE_SURFACE(((1.,0.707106781186422,1.),(1.,0.707106781186547,
1.)))
REPRESENTATION_ITEM('')
SURFACE()
);
#35=(
BOUNDED_SURFACE()
B_SPLINE_SURFACE(2,3,((#1406,#1407,#1408,#1409,#1410,#1411,#1412,#1413),
(#1414,#1415,#1416,#1417,#1418,#1419,#1420,#1421),(#1422,#1423,#1424,#1425,
#1426,#1427,#1428,#1429)),.UNSPECIFIED.,.F.,.F.,.F.)
B_SPLINE_SURFACE_WITH_KNOTS((3,3),(4,1,1,1,1,4),(0.,44.2922476381196),(0.408547733703106,
0.694431686204889,1.38886337240978,1.71422571452881,2.03958805664785,2.36928193686156),
 .UNSPECIFIED.)
GEOMETRIC_REPRESENTATION_ITEM()
RATIONAL_B_SPLINE_SURFACE(((1.,1.,1.,1.,1.,1.,1.,1.),(0.707167251674073,
0.707167251674073,0.707167251674073,0.707167251674071,0.707167251674072,
0.707167251674074,0.707167251674073,0.707167251674073),(0.99987908399432,
0.99987908399432,0.99987908399432,0.99987908399432,0.99987908399432,0.99987908399432,
0.99987908399432,0.99987908399432)))
REPRESENTATION_ITEM('')
SURFACE()
);
#36=(
BOUNDED_SURFACE()
B_SPLINE_SURFACE(2,1,((#1534,#1535),(#1536,#1537),(#1538,#1539)),
 .UNSPECIFIED.,.F.,.F.,.F.)
B_SPLINE_SURFACE_WITH_KNOTS((3,3),(2,2),(0.,2.90073721681457),(-2.25912195332612,
11.8044210173797),.UNSPECIFIED.)
GEOMETRIC_REPRESENTATION_ITEM()
RATIONAL_B_SPLINE_SURFACE(((1.,1.),(0.707106781186454,0.707106781186548),
(1.,1.)))
REPRESENTATION_ITEM('')
SURFACE()
);
#37=(
BOUNDED_SURFACE()
B_SPLINE_SURFACE(3,2,((#1543,#1544,#1545),(#1546,#1547,#1548),(#1549,#1550,
#1551),(#1552,#1553,#1554),(#1555,#1556,#1557),(#1558,#1559,#1560),(#1561,
#1562,#1563),(#1564,#1565,#1566)),.UNSPECIFIED.,.F.,.F.,.F.)
B_SPLINE_SURFACE_WITH_KNOTS((4,1,1,1,1,4),(3,3),(0.408601838453373,0.694431686204889,
1.38886337240978,1.71422571452881,2.03958805664785,2.36928193686155),(0.00914576589081492,
44.3013940666651),.UNSPECIFIED.)
GEOMETRIC_REPRESENTATION_ITEM()
RATIONAL_B_SPLINE_SURFACE(((0.999879092752819,0.707167247293015,1.),(0.999879092752819,
0.707167247293015,1.),(0.999879092752819,0.707167247293014,1.),(0.999879092752819,
0.707167247293016,1.),(0.999879092752819,0.707167247293014,1.),(0.999879092752819,
0.707167247293015,1.),(0.999879092752819,0.707167247293015,1.),(0.999879092752819,
0.707167247293015,1.)))
REPRESENTATION_ITEM('')
SURFACE()
);
#38=(
BOUNDED_SURFACE()
B_SPLINE_SURFACE(2,3,((#1673,#1674,#1675,#1676,#1677,#1678,#1679,#1680),
(#1681,#1682,#1683,#1684,#1685,#1686,#1687,#1688),(#1689,#1690,#1691,#1692,
#1693,#1694,#1695,#1696)),.UNSPECIFIED.,.F.,.F.,.F.)
B_SPLINE_SURFACE_WITH_KNOTS((3,3),(4,1,1,1,1,4),(0.00916968168350432,44.3013940666651),
(0.408547733703102,0.694431686204889,1.38886337240978,1.71422571452881,
2.03958805664785,2.36922786944762),.UNSPECIFIED.)
GEOMETRIC_REPRESENTATION_ITEM()
RATIONAL_B_SPLINE_SURFACE(((0.999878776650915,0.999878776650915,0.999878776650915,
0.999878776650915,0.999878776650915,0.999878776650915,0.999878776650915,
0.999878776650915),(0.707167405409337,0.707167405409337,0.707167405409336,
0.707167405409338,0.707167405409336,0.707167405409337,0.707167405409337,
0.707167405409337),(1.,1.,1.,1.,1.,1.,1.,1.)))
REPRESENTATION_ITEM('')
SURFACE()
);
#39=(
BOUNDED_SURFACE()
B_SPLINE_SURFACE(2,1,((#2425,#2426),(#2427,#2428),(#2429,#2430)),
 .UNSPECIFIED.,.F.,.F.,.F.)
B_SPLINE_SURFACE_WITH_KNOTS((3,3),(2,2),(0.,2.90073721681457),(-10.2779872651323,
3.7855557055735),.UNSPECIFIED.)
GEOMETRIC_REPRESENTATION_ITEM()
RATIONAL_B_SPLINE_SURFACE(((1.,1.),(0.707106781186548,0.707106781186548),
(1.,1.)))
REPRESENTATION_ITEM('')
SURFACE()
);
#40=(
BOUNDED_SURFACE()
B_SPLINE_SURFACE(1,2,((#2459,#2460,#2461),(#2462,#2463,#2464)),
 .UNSPECIFIED.,.F.,.F.,.F.)
B_SPLINE_SURFACE_WITH_KNOTS((2,2),(3,3),(-10.2779872651323,3.7855557055735),
(0.,2.90073721750691),.UNSPECIFIED.)
GEOMETRIC_REPRESENTATION_ITEM()
RATIONAL_B_SPLINE_SURFACE(((1.,0.707106781116641,1.00000000013981),(1.,
0.707106781116641,1.00000000013981)))
REPRESENTATION_ITEM('')
SURFACE()
);
#41=(
BOUNDED_SURFACE()
B_SPLINE_SURFACE(3,2,((#2477,#2478,#2479),(#2480,#2481,#2482),(#2483,#2484,
#2485),(#2486,#2487,#2488),(#2489,#2490,#2491),(#2492,#2493,#2494),(#2495,
#2496,#2497),(#2498,#2499,#2500)),.UNSPECIFIED.,.F.,.F.,.F.)
B_SPLINE_SURFACE_WITH_KNOTS((4,1,1,1,1,4),(3,3),(0.408601838453375,0.694431686204889,
1.38886337240978,1.71422571452881,2.03958805664785,2.36922786944761),(-3.30040462697666E-6,
44.2922236190204),.UNSPECIFIED.)
GEOMETRIC_REPRESENTATION_ITEM()
RATIONAL_B_SPLINE_SURFACE(((1.00000004364044,0.707167388662209,0.999878766526994),
(1.00000004364044,0.707167388662209,0.999878766526994),(1.00000004364044,
0.707167388662209,0.999878766526994),(1.00000004364044,0.707167388662208,
0.999878766526994),(1.00000004364044,0.707167388662209,0.999878766526994),
(1.00000004364044,0.707167388662209,0.999878766526994),(1.00000004364044,
0.707167388662209,0.999878766526994),(1.00000004364044,0.707167388662209,
0.999878766526994)))
REPRESENTATION_ITEM('')
SURFACE()
);
#42=(
BOUNDED_SURFACE()
B_SPLINE_SURFACE(2,1,((#2655,#2656),(#2657,#2658),(#2659,#2660)),
 .UNSPECIFIED.,.F.,.F.,.F.)
B_SPLINE_SURFACE_WITH_KNOTS((3,3),(2,2),(0.,2.90073721681457),(-2.25912195332612,
11.8044210173797),.UNSPECIFIED.)
GEOMETRIC_REPRESENTATION_ITEM()
RATIONAL_B_SPLINE_SURFACE(((1.,1.),(0.707106781186422,0.707106781186547),
(1.,1.)))
REPRESENTATION_ITEM('')
SURFACE()
);
#43=(
BOUNDED_SURFACE()
B_SPLINE_SURFACE(3,2,((#2730,#2731,#2732),(#2733,#2734,#2735),(#2736,#2737,
#2738),(#2739,#2740,#2741),(#2742,#2743,#2744),(#2745,#2746,#2747),(#2748,
#2749,#2750),(#2751,#2752,#2753)),.UNSPECIFIED.,.F.,.F.,.F.)
B_SPLINE_SURFACE_WITH_KNOTS((4,1,1,1,1,4),(3,3),(0.408547733703106,0.694431686204889,
1.38886337240978,1.71422571452881,2.03958805664785,2.36928193686156),(0.,
44.2922476381195),.UNSPECIFIED.)
GEOMETRIC_REPRESENTATION_ITEM()
RATIONAL_B_SPLINE_SURFACE(((1.,0.707167251674073,0.99987908399432),(1.,
0.707167251674073,0.99987908399432),(1.,0.707167251674073,0.99987908399432),
(1.,0.707167251674071,0.99987908399432),(1.,0.707167251674072,0.99987908399432),
(1.,0.707167251674074,0.99987908399432),(1.,0.707167251674074,0.99987908399432),
(1.,0.707167251674074,0.99987908399432)))
REPRESENTATION_ITEM('')
SURFACE()
);
#44=(
BOUNDED_SURFACE()
B_SPLINE_SURFACE(1,2,((#2858,#2859,#2860),(#2861,#2862,#2863)),
 .UNSPECIFIED.,.F.,.F.,.F.)
B_SPLINE_SURFACE_WITH_KNOTS((2,2),(3,3),(-2.25912195332612,11.8044210173797),
(0.,2.90073721681457),.UNSPECIFIED.)
GEOMETRIC_REPRESENTATION_ITEM()
RATIONAL_B_SPLINE_SURFACE(((1.,0.707106781186454,1.),(1.,0.707106781186548,
1.)))
REPRESENTATION_ITEM('')
SURFACE()
);
#45=(
BOUNDED_SURFACE()
B_SPLINE_SURFACE(2,3,((#2867,#2868,#2869,#2870,#2871,#2872,#2873,#2874),
(#2875,#2876,#2877,#2878,#2879,#2880,#2881,#2882),(#2883,#2884,#2885,#2886,
#2887,#2888,#2889,#2890)),.UNSPECIFIED.,.F.,.F.,.F.)
B_SPLINE_SURFACE_WITH_KNOTS((3,3),(4,1,1,1,1,4),(0.00914576589077161,44.3013940666651),
(0.408601838453375,0.694431686204889,1.38886337240978,1.71422571452881,
2.03958805664785,2.36928193686155),.UNSPECIFIED.)
GEOMETRIC_REPRESENTATION_ITEM()
RATIONAL_B_SPLINE_SURFACE(((0.999879092752821,0.999879092752821,0.999879092752821,
0.999879092752821,0.999879092752821,0.999879092752821,0.999879092752821,
0.999879092752821),(0.707167247293014,0.707167247293013,0.707167247293013,
0.707167247293015,0.707167247293013,0.707167247293014,0.707167247293014,
0.707167247293014),(1.,1.,1.,1.,1.,1.,1.,1.)))
REPRESENTATION_ITEM('')
SURFACE()
);
#46=(
BOUNDED_SURFACE()
B_SPLINE_SURFACE(3,2,((#2997,#2998,#2999),(#3000,#3001,#3002),(#3003,#3004,
#3005),(#3006,#3007,#3008),(#3009,#3010,#3011),(#3012,#3013,#3014),(#3015,
#3016,#3017),(#3018,#3019,#3020)),.UNSPECIFIED.,.F.,.F.,.F.)
B_SPLINE_SURFACE_WITH_KNOTS((4,1,1,1,1,4),(3,3),(0.408547733703102,0.694431686204889,
1.38886337240978,1.71422571452881,2.03958805664785,2.36922786944762),(0.00916968168348381,
44.3013940666651),.UNSPECIFIED.)
GEOMETRIC_REPRESENTATION_ITEM()
RATIONAL_B_SPLINE_SURFACE(((0.999878776650915,0.707167405409337,1.),(0.999878776650915,
0.707167405409337,1.),(0.999878776650915,0.707167405409336,1.),(0.999878776650915,
0.707167405409338,1.),(0.999878776650915,0.707167405409336,1.),(0.999878776650915,
0.707167405409337,1.),(0.999878776650915,0.707167405409337,1.),(0.999878776650915,
0.707167405409337,1.)))
REPRESENTATION_ITEM('')
SURFACE()
);
#47=B_SPLINE_CURVE_WITH_KNOTS('',3,(#1017,#1018,#1019,#1020,#1021,#1022,
#1023,#1024,#1025,#1026,#1027,#1028,#1029,#1030,#1031,#1032),
 .UNSPECIFIED.,.F.,.F.,(4,3,3,3,3,4),(0.547951723332795,0.694437587944248,
1.38886337240978,1.71422571452881,2.03958805664785,2.22999441544409),
 .UNSPECIFIED.);
#48=B_SPLINE_CURVE_WITH_KNOTS('',3,(#1039,#1040,#1041,#1042,#1043,#1044,
#1045,#1046),.UNSPECIFIED.,.F.,.F.,(4,1,1,1,1,4),(0.547951722804263,0.694431686204889,
1.38886337240978,1.71422571452881,2.03958805664785,2.22999220376642),
 .UNSPECIFIED.);
#49=B_SPLINE_CURVE_WITH_KNOTS('',3,(#1053,#1054,#1055,#1056,#1057,#1058,
#1059,#1060),.UNSPECIFIED.,.F.,.F.,(4,1,1,1,1,4),(0.54794383081298,0.694431686204889,
1.38886337240978,1.71422571452881,2.03958805664785,2.22999005843905),
 .UNSPECIFIED.);
#50=B_SPLINE_CURVE_WITH_KNOTS('',3,(#1065,#1066,#1067,#1068,#1069,#1070,
#1071,#1072,#1073,#1074,#1075,#1076,#1077,#1078,#1079,#1080),
 .UNSPECIFIED.,.F.,.F.,(4,3,3,3,3,4),(0.547953093095579,0.694431686204889,
1.38886337240978,1.71422571452881,2.03958805664785,2.22999441544408),
 .UNSPECIFIED.);
#51=B_SPLINE_CURVE_WITH_KNOTS('',3,(#1085,#1086,#1087,#1088,#1089,#1090,
#1091,#1092,#1093,#1094,#1095,#1096),.UNSPECIFIED.,.F.,.F.,(4,2,2,2,2,4),
(0.408629000131716,0.694431686204889,1.38885873049354,1.71419441076689,
2.03952806432149,2.36913595898027),.UNSPECIFIED.);
#52=B_SPLINE_CURVE_WITH_KNOTS('',3,(#1098,#1099,#1100,#1101,#1102,#1103,
#1104,#1105),.UNSPECIFIED.,.F.,.F.,(4,1,1,1,1,4),(0.408701167122544,0.694431686204889,
1.38886337240978,1.71422571452881,2.03958805664785,2.36913595920558),
 .UNSPECIFIED.);
#53=B_SPLINE_CURVE_WITH_KNOTS('',3,(#1107,#1108,#1109,#1110,#1111,#1112,
#1113,#1114,#1115,#1116,#1117),.UNSPECIFIED.,.F.,.F.,(4,2,1,2,2,4),(0.408701167445036,
0.694431686204889,1.38886337240978,1.71421036444534,2.03954488491837,2.36920805833786),
 .UNSPECIFIED.);
#54=B_SPLINE_CURVE_WITH_KNOTS('',3,(#1118,#1119,#1120,#1121,#1122,#1123,
#1124,#1125,#1126,#1127,#1128,#1129),.UNSPECIFIED.,.F.,.F.,(4,2,2,2,2,4),
(0.408629000131438,0.694431686204889,1.38886337240978,1.71420515729862,
2.03954220725536,2.36920805870756),.UNSPECIFIED.);
#55=B_SPLINE_CURVE_WITH_KNOTS('',3,(#1137,#1138,#1139,#1140,#1141,#1142,
#1143,#1144,#1145,#1146,#1147,#1148,#1149,#1150),.UNSPECIFIED.,.F.,.F.,
(4,2,2,2,2,2,4),(-0.713146798405108,-0.625000258326645,-0.499999928252556,
-0.374999938697698,-0.25,-0.125,0.),.UNSPECIFIED.);
#56=B_SPLINE_CURVE_WITH_KNOTS('',3,(#1152,#1153,#1154,#1155,#1156,#1157,
#1158,#1159,#1160,#1161),.UNSPECIFIED.,.F.,.F.,(4,2,2,2,4),(-0.95003516243195,
-0.94607824308112,-0.875002296908774,-0.750000874205452,-0.713146798405108),
 .UNSPECIFIED.);
#57=B_SPLINE_CURVE_WITH_KNOTS('',3,(#1163,#1164,#1165,#1166,#1167,#1168,
#1169,#1170,#1171,#1172,#1173,#1174,#1175,#1176,#1177,#1178,#1179,#1180,
#1181,#1182,#1183,#1184,#1185,#1186,#1187,#1188,#1189,#1190),
 .UNSPECIFIED.,.F.,.F.,(4,3,3,3,3,3,3,3,3,4),(-0.98306012269602,-0.979487383129384,
-0.974179384209157,-0.968339004447875,-0.964123712087919,-0.961289220454614,
-0.95810722393279,-0.954837310767928,-0.95080027961055,-0.95003516243195),
 .UNSPECIFIED.);
#58=B_SPLINE_CURVE_WITH_KNOTS('',3,(#1191,#1192,#1193,#1194,#1195,#1196,
#1197,#1198,#1199,#1200,#1201,#1202,#1203,#1204,#1205,#1206,#1207,#1208,
#1209),.UNSPECIFIED.,.F.,.F.,(4,3,3,3,3,3,4),(-0.999933878990898,-0.996176051979271,
-0.994632588197127,-0.9898331445637,-0.989545496539445,-0.98454942038384,
-0.983060123956589),.UNSPECIFIED.);
#59=B_SPLINE_CURVE_WITH_KNOTS('',3,(#1244,#1245,#1246,#1247,#1248,#1249,
#1250,#1251,#1252,#1253,#1254,#1255,#1256),.UNSPECIFIED.,.F.,.F.,(4,3,3,
3,4),(9.55923980026006E-11,0.0818678457250649,0.0901443645610113,0.124853528976648,
0.125),.UNSPECIFIED.);
#60=B_SPLINE_CURVE_WITH_KNOTS('',3,(#1257,#1258,#1259,#1260,#1261,#1262,
#1263,#1264,#1265,#1266,#1267,#1268,#1269,#1270,#1271,#1272,#1273,#1274,
#1275,#1276,#1277,#1278,#1279,#1280,#1281,#1282,#1283,#1284,#1285,#1286,
#1287,#1288,#1289,#1290,#1291,#1292,#1293,#1294,#1295,#1296,#1297,#1298,
#1299,#1300,#1301,#1302,#1303,#1304,#1305,#1306,#1307,#1308,#1309,#1310,
#1311,#1312,#1313,#1314,#1315,#1316,#1317,#1318,#1319,#1320,#1321,#1322,
#1323),.UNSPECIFIED.,.F.,.F.,(4,3,3,3,3,3,3,3,3,3,3,3,3,3,3,3,3,3,3,3,3,
3,4),(-1.,-0.916004246604979,-0.909880236231559,-0.875167932741099,-0.875,
-0.79396010163668,-0.749974819586108,-0.71462010367712,-0.636031973504367,
-0.624882598112781,-0.55781633260757,-0.500052680180005,-0.5,-0.420659726463112,
-0.375429679900847,-0.340759164539887,-0.260366276149143,-0.250381886806357,
-0.178418304192172,-0.125,-0.12497553633507,-0.0474796846680102,0.),
 .UNSPECIFIED.);
#61=B_SPLINE_CURVE_WITH_KNOTS('',3,(#1324,#1325,#1326,#1327,#1328,#1329,
#1330,#1331,#1332,#1333,#1334,#1335,#1336,#1337,#1338,#1339,#1340,#1341,
#1342,#1343,#1344,#1345,#1346,#1347,#1348,#1349,#1350,#1351,#1352,#1353,
#1354,#1355,#1356,#1357,#1358,#1359,#1360,#1361,#1362,#1363,#1364,#1365,
#1366,#1367,#1368,#1369,#1370,#1371,#1372,#1373,#1374,#1375,#1376,#1377,
#1378,#1379,#1380,#1381,#1382,#1383,#1384,#1385,#1386,#1387,#1388,#1389,
#1390,#1391,#1392,#1393,#1394,#1395,#1396),.UNSPECIFIED.,.F.,.F.,(4,3,3,
3,3,3,3,3,3,3,3,3,3,3,3,3,3,3,3,3,3,3,3,3,4),(0.125000001218669,0.206037364457467,
0.250038915976019,0.285374262344777,0.363959013724284,0.37512082326016,
0.442170966084449,0.499936990291082,0.5,0.575981218453751,0.624194604949818,
0.652123987001688,0.728810413940603,0.748734968446198,0.807206842924703,
0.874391579001173,0.886802202203384,0.954149171040177,0.968874096092378,
0.989616431608466,0.996530543447162,0.998374306604148,0.999325926298076,
0.999809288682293,1.),.UNSPECIFIED.);
#62=B_SPLINE_CURVE_WITH_KNOTS('',3,(#1430,#1431,#1432,#1433,#1434,#1435,
#1436,#1437,#1438,#1439,#1440,#1441,#1442,#1443,#1444,#1445,#1446,#1447,
#1448,#1449,#1450,#1451,#1452,#1453,#1454,#1455,#1456,#1457,#1458,#1459,
#1460,#1461,#1462,#1463,#1464,#1465,#1466,#1467,#1468,#1469,#1470,#1471,
#1472,#1473,#1474,#1475,#1476,#1477,#1478,#1479,#1480,#1481),
 .UNSPECIFIED.,.F.,.F.,(4,3,3,3,3,3,3,3,3,3,3,3,3,3,3,3,3,4),(-1.,-0.923167663145694,
-0.875,-0.792737461871094,-0.749569474261509,-0.712163049669971,-0.632338908857807,
-0.552892872524857,-0.5,-0.421913236963163,-0.375113876733291,-0.343280776574801,
-0.264169762880782,-0.250033979084737,-0.183486062136429,-0.125,-0.0348538681870306,
0.),.UNSPECIFIED.);
#63=B_SPLINE_CURVE_WITH_KNOTS('',3,(#1482,#1483,#1484,#1485,#1486,#1487,
#1488,#1489,#1490,#1491,#1492,#1493,#1494,#1495,#1496,#1497,#1498,#1499,
#1500,#1501,#1502,#1503,#1504,#1505,#1506,#1507,#1508,#1509,#1510,#1511,
#1512,#1513,#1514,#1515,#1516,#1517,#1518,#1519,#1520,#1521,#1522,#1523,
#1524,#1525,#1526,#1527,#1528,#1529,#1530,#1531,#1532,#1533),
 .UNSPECIFIED.,.F.,.F.,(4,3,3,3,3,3,3,3,3,3,3,3,3,3,3,3,3,4),(0.,0.0764464767668663,
0.125,0.20726532997789,0.250394285124265,0.287842970231969,0.36767053168656,
0.447120131193572,0.5,0.578090567605163,0.624889256716463,0.65672647577002,
0.735840743460612,0.749979946839727,0.816527178951347,0.875,0.965121536551924,
1.),.UNSPECIFIED.);
#64=B_SPLINE_CURVE_WITH_KNOTS('',3,(#1567,#1568,#1569,#1570,#1571,#1572,
#1573,#1574,#1575,#1576,#1577,#1578,#1579,#1580,#1581,#1582,#1583,#1584,
#1585,#1586,#1587,#1588,#1589,#1590,#1591,#1592,#1593,#1594,#1595,#1596,
#1597,#1598,#1599,#1600,#1601,#1602,#1603,#1604,#1605,#1606,#1607,#1608,
#1609,#1610,#1611,#1612,#1613,#1614,#1615,#1616,#1617,#1618),
 .UNSPECIFIED.,.F.,.F.,(4,3,3,3,3,3,3,3,3,3,3,3,3,3,3,3,3,4),(-1.,-0.923553523233212,
-0.875,-0.792734670022082,-0.749605714876638,-0.712157029767974,-0.632329468313353,
-0.552879868806323,-0.5,-0.421909432394912,-0.375110743279774,-0.343273524230118,
-0.264159256539607,-0.250020053160063,-0.183472821048933,-0.125,-0.0348784634475643,
-2.76507756946266E-10),.UNSPECIFIED.);
#65=B_SPLINE_CURVE_WITH_KNOTS('',3,(#1620,#1621,#1622,#1623,#1624,#1625,
#1626,#1627,#1628,#1629,#1630,#1631,#1632),.UNSPECIFIED.,.F.,.F.,(4,3,3,
3,4),(-1.,-0.91828521304306,-0.838363119464287,-0.760360277196667,-0.718015092185506),
 .UNSPECIFIED.);
#66=B_SPLINE_CURVE_WITH_KNOTS('',3,(#1633,#1634,#1635,#1636,#1637,#1638,
#1639,#1640,#1641,#1642,#1643,#1644,#1645,#1646,#1647,#1648,#1649,#1650,
#1651,#1652,#1653,#1654,#1655,#1656,#1657,#1658,#1659,#1660,#1661,#1662,
#1663,#1664,#1665,#1666,#1667,#1668,#1669,#1670,#1671,#1672),
 .UNSPECIFIED.,.F.,.F.,(4,3,3,3,3,3,3,3,3,3,3,3,3,4),(-0.718014616324279,
-0.641605396374863,-0.624194245359108,-0.565562441899372,-0.5,-0.421911147416642,
-0.375120338090595,-0.343276480436601,-0.264163166355185,-0.250039078429951,
-0.183477045547041,-0.125,-0.0348556354809048,-1.32678506582779E-9),
 .UNSPECIFIED.);
#67=B_SPLINE_CURVE_WITH_KNOTS('',3,(#1698,#1699,#1700,#1701,#1702,#1703,
#1704,#1705,#1706,#1707,#1708,#1709,#1710,#1711,#1712,#1713,#1714,#1715,
#1716),.UNSPECIFIED.,.F.,.F.,(4,3,3,3,3,3,4),(-1.,-0.93626603371671,-0.923167601487531,
-0.875,-0.874965549526253,-0.80040855893167,-0.750000089134859),
 .UNSPECIFIED.);
#68=B_SPLINE_CURVE_WITH_KNOTS('',3,(#1718,#1719,#1720,#1721,#1722,#1723,
#1724,#1725,#1726,#1727,#1728,#1729,#1730,#1731,#1732,#1733),
 .UNSPECIFIED.,.F.,.F.,(4,3,3,3,3,4),(-1.,-0.922479635307727,-0.875,-0.800401835338615,
-0.75,-0.716091222133317),.UNSPECIFIED.);
#69=B_SPLINE_CURVE_WITH_KNOTS('',3,(#1734,#1735,#1736,#1737,#1738,#1739,
#1740,#1741,#1742,#1743,#1744,#1745,#1746,#1747,#1748,#1749,#1750,#1751,
#1752,#1753,#1754,#1755,#1756,#1757,#1758,#1759,#1760,#1761,#1762,#1763,
#1764,#1765,#1766,#1767,#1768,#1769,#1770),.UNSPECIFIED.,.F.,.F.,(4,3,3,
3,3,3,3,3,3,3,3,3,4),(-0.716090856280664,-0.636842883733737,-0.625,-0.525797035861952,
-0.5,-0.414584826179639,-0.375,-0.297339978098531,-0.25,-0.171976040803551,
-0.125,-0.0348802238562637,-5.59806951880631E-10),.UNSPECIFIED.);
#70=B_SPLINE_CURVE_WITH_KNOTS('',3,(#1771,#1772,#1773,#1774,#1775,#1776,
#1777,#1778,#1779,#1780,#1781,#1782,#1783,#1784,#1785,#1786,#1787,#1788,
#1789,#1790,#1791,#1792,#1793,#1794,#1795,#1796,#1797,#1798,#1799,#1800,
#1801,#1802,#1803,#1804,#1805,#1806,#1807),.UNSPECIFIED.,.F.,.F.,(4,3,3,
3,3,3,3,3,3,3,3,3,4),(-0.75,-0.670541392892607,-0.625,-0.525795891506653,
-0.5,-0.414603738294226,-0.375,-0.297345010431804,-0.25,-0.171977373934522,
-0.125,-0.0348538557958163,0.),.UNSPECIFIED.);
#71=B_SPLINE_CURVE_WITH_KNOTS('',3,(#2314,#2315,#2316,#2317,#2318,#2319,
#2320,#2321,#2322,#2323,#2324,#2325,#2326,#2327,#2328,#2329),
 .UNSPECIFIED.,.F.,.F.,(4,3,3,3,3,4),(0.547951723332795,0.694437587944247,
1.38886337240978,1.71422571452881,2.03958805664785,2.22999441544409),
 .UNSPECIFIED.);
#72=B_SPLINE_CURVE_WITH_KNOTS('',3,(#2334,#2335,#2336,#2337,#2338,#2339,
#2340,#2341),.UNSPECIFIED.,.F.,.F.,(4,1,1,1,1,4),(0.547951722804264,0.694431686204889,
1.38886337240978,1.71422571452881,2.03958805664785,2.22999040398254),
 .UNSPECIFIED.);
#73=B_SPLINE_CURVE_WITH_KNOTS('',3,(#2346,#2347,#2348,#2349,#2350,#2351,
#2352,#2353),.UNSPECIFIED.,.F.,.F.,(4,1,1,1,1,4),(0.547941929083988,0.694431686204889,
1.38886337240978,1.71422571452881,2.03958805664785,2.22998990079642),
 .UNSPECIFIED.);
#74=B_SPLINE_CURVE_WITH_KNOTS('',3,(#2360,#2361,#2362,#2363,#2364,#2365,
#2366,#2367,#2368,#2369,#2370,#2371,#2372,#2373,#2374,#2375),
 .UNSPECIFIED.,.F.,.F.,(4,3,3,3,3,4),(0.54795309309558,0.694431686204889,
1.38886337240978,1.71422571452881,2.03958805664785,2.22999441544408),
 .UNSPECIFIED.);
#75=B_SPLINE_CURVE_WITH_KNOTS('',3,(#2380,#2381,#2382,#2383,#2384,#2385,
#2386,#2387,#2388,#2389,#2390,#2391),.UNSPECIFIED.,.F.,.F.,(4,2,2,2,2,4),
(0.408629000131438,0.694431686204889,1.38886337240978,1.71420515729862,
2.03954220725536,2.36920805870756),.UNSPECIFIED.);
#76=B_SPLINE_CURVE_WITH_KNOTS('',3,(#2393,#2394,#2395,#2396,#2397,#2398,
#2399,#2400,#2401,#2402,#2403),.UNSPECIFIED.,.F.,.F.,(4,2,1,2,2,4),(0.408701167445037,
0.694431686204889,1.38886337240978,1.71421036444534,2.03954488491837,2.36920805833786),
 .UNSPECIFIED.);
#77=B_SPLINE_CURVE_WITH_KNOTS('',3,(#2405,#2406,#2407,#2408,#2409,#2410,
#2411,#2412),.UNSPECIFIED.,.F.,.F.,(4,1,1,1,1,4),(0.408701167122544,0.694431686204889,
1.38886337240978,1.71422571452881,2.03958805664785,2.36913595920559),
 .UNSPECIFIED.);
#78=B_SPLINE_CURVE_WITH_KNOTS('',3,(#2413,#2414,#2415,#2416,#2417,#2418,
#2419,#2420,#2421,#2422,#2423,#2424),.UNSPECIFIED.,.F.,.F.,(4,2,2,2,2,4),
(0.408629000131717,0.694431686204889,1.38885873049354,1.71419441076689,
2.03952806432149,2.36913595898027),.UNSPECIFIED.);
#79=B_SPLINE_CURVE_WITH_KNOTS('',3,(#2433,#2434,#2435,#2436,#2437,#2438,
#2439,#2440,#2441,#2442,#2443,#2444,#2445,#2446,#2447,#2448,#2449,#2450,
#2451,#2452,#2453,#2454,#2455,#2456,#2457,#2458),.UNSPECIFIED.,.F.,.F.,
(4,2,2,2,2,2,2,2,2,2,2,2,4),(0.0198889199051587,0.0233055751023721,0.0264012867107281,
0.0324240102693372,0.0357996339803507,0.0418228779238273,0.0451977131617583,
0.0482932547590501,0.054386374074678,0.0601719966665646,0.0632139107801628,
0.0687557621793904,0.0715983192173108),.UNSPECIFIED.);
#80=B_SPLINE_CURVE_WITH_KNOTS('',3,(#2466,#2467,#2468,#2469,#2470,#2471,
#2472,#2473),.UNSPECIFIED.,.F.,.F.,(4,2,2,4),(-0.000299390397582053,-1.61095099630469E-7,
0.000625935779734249,0.00155219198404089),.UNSPECIFIED.);
#81=B_SPLINE_CURVE_WITH_KNOTS('',3,(#2501,#2502,#2503,#2504,#2505,#2506,
#2507,#2508,#2509,#2510,#2511,#2512,#2513,#2514,#2515,#2516,#2517,#2518,
#2519,#2520,#2521,#2522,#2523,#2524,#2525,#2526,#2527,#2528,#2529,#2530,
#2531,#2532,#2533,#2534,#2535,#2536,#2537,#2538,#2539,#2540,#2541,#2542,
#2543,#2544,#2545,#2546,#2547,#2548,#2549,#2550,#2551,#2552,#2553,#2554,
#2555,#2556,#2557,#2558,#2559,#2560,#2561,#2562,#2563,#2564,#2565,#2566,
#2567),.UNSPECIFIED.,.F.,.F.,(4,3,3,3,3,3,3,3,3,3,3,3,3,3,3,3,3,3,3,3,3,
3,4),(-1.,-0.916004246608469,-0.909880236231448,-0.875167932741101,-0.875,
-0.793960101636684,-0.749974819586121,-0.714620103677109,-0.636031973504335,
-0.624882598112796,-0.557816332607526,-0.500052680180002,-0.5,-0.420659726463082,
-0.375429679900841,-0.340759164539855,-0.260366276149109,-0.250381886806353,
-0.178418304192139,-0.125,-0.124975536335083,-0.047479684668379,0.),
 .UNSPECIFIED.);
#82=B_SPLINE_CURVE_WITH_KNOTS('',3,(#2569,#2570,#2571,#2572,#2573,#2574,
#2575,#2576,#2577,#2578,#2579,#2580,#2581),.UNSPECIFIED.,.F.,.F.,(4,3,3,
3,4),(9.55926202808521E-11,0.0818678457249488,0.0901443645609496,0.124853528976648,
0.125),.UNSPECIFIED.);
#83=B_SPLINE_CURVE_WITH_KNOTS('',3,(#2582,#2583,#2584,#2585,#2586,#2587,
#2588,#2589,#2590,#2591,#2592,#2593,#2594,#2595,#2596,#2597,#2598,#2599,
#2600,#2601,#2602,#2603,#2604,#2605,#2606,#2607,#2608,#2609,#2610,#2611,
#2612,#2613,#2614,#2615,#2616,#2617,#2618,#2619,#2620,#2621,#2622,#2623,
#2624,#2625,#2626,#2627,#2628,#2629,#2630,#2631,#2632,#2633,#2634,#2635,
#2636,#2637,#2638,#2639,#2640,#2641,#2642,#2643,#2644,#2645,#2646,#2647,
#2648,#2649,#2650,#2651,#2652,#2653,#2654),.UNSPECIFIED.,.F.,.F.,(4,3,3,
3,3,3,3,3,3,3,3,3,3,3,3,3,3,3,3,3,3,3,3,3,4),(0.12500000121867,0.206037364457452,
0.250038915976024,0.28537426234476,0.363959013724269,0.375120823260164,
0.442170966084423,0.499936990291076,0.5,0.575981218453747,0.624194604949812,
0.652123987001681,0.728810413940612,0.748734968446206,0.807206842924716,
0.874391579001187,0.886802202203396,0.95414917104995,0.968874096092397,
0.989616431608466,0.996530543447155,0.998374306604139,0.999325926298066,
0.999809288682283,1.),.UNSPECIFIED.);
#84=B_SPLINE_CURVE_WITH_KNOTS('',3,(#2662,#2663,#2664,#2665,#2666,#2667,
#2668,#2669,#2670,#2671,#2672,#2673,#2674,#2675,#2676,#2677,#2678,#2679,
#2680),.UNSPECIFIED.,.F.,.F.,(4,3,3,3,3,3,4),(0.983060146355871,0.984549379542768,
0.989545468900915,0.994344825487684,0.994632574004744,0.998394133873023,
0.999933849190071),.UNSPECIFIED.);
#85=B_SPLINE_CURVE_WITH_KNOTS('',3,(#2682,#2683,#2684,#2685,#2686,#2687,
#2688,#2689,#2690,#2691,#2692,#2693,#2694,#2695,#2696,#2697,#2698,#2699,
#2700,#2701,#2702,#2703,#2704,#2705,#2706,#2707,#2708,#2709),
 .UNSPECIFIED.,.F.,.F.,(4,3,3,3,3,3,3,3,3,4),(0.950035028258399,0.953910412320181,
0.957207461983197,0.960382222851727,0.961289118166127,0.96550444563334,
0.968338920780912,0.974179315970312,0.979487328913557,0.983060145095243),
 .UNSPECIFIED.);
#86=B_SPLINE_CURVE_WITH_KNOTS('',3,(#2711,#2712,#2713,#2714,#2715,#2716,
#2717,#2718,#2719,#2720,#2721,#2722,#2723,#2724,#2725,#2726,#2727,#2728),
 .UNSPECIFIED.,.F.,.F.,(4,2,2,2,2,2,2,2,4),(0.125,0.25,0.37499993869769,
0.499999928252554,0.625000258326647,0.750000874205256,0.875002296907197,
0.946078100617271,0.950035028258399),.UNSPECIFIED.);
#87=B_SPLINE_CURVE_WITH_KNOTS('',3,(#2754,#2755,#2756,#2757,#2758,#2759,
#2760,#2761,#2762,#2763,#2764,#2765,#2766,#2767,#2768,#2769,#2770,#2771,
#2772,#2773,#2774,#2775,#2776,#2777,#2778,#2779,#2780,#2781,#2782,#2783,
#2784,#2785,#2786,#2787,#2788,#2789,#2790,#2791,#2792,#2793,#2794,#2795,
#2796,#2797,#2798,#2799,#2800,#2801,#2802,#2803,#2804,#2805),
 .UNSPECIFIED.,.F.,.F.,(4,3,3,3,3,3,3,3,3,3,3,3,3,3,3,3,3,4),(0.,0.0764464767668505,
0.125,0.20726532997791,0.250394285124264,0.287842970231988,0.367670531686595,
0.447120131193623,0.5,0.578090567605152,0.624889256716466,0.656726475770019,
0.735840743460621,0.749979946839721,0.816527178951355,0.875,0.965121536551852,
1.),.UNSPECIFIED.);
#88=B_SPLINE_CURVE_WITH_KNOTS('',3,(#2806,#2807,#2808,#2809,#2810,#2811,
#2812,#2813,#2814,#2815,#2816,#2817,#2818,#2819,#2820,#2821,#2822,#2823,
#2824,#2825,#2826,#2827,#2828,#2829,#2830,#2831,#2832,#2833,#2834,#2835,
#2836,#2837,#2838,#2839,#2840,#2841,#2842,#2843,#2844,#2845,#2846,#2847,
#2848,#2849,#2850,#2851,#2852,#2853,#2854,#2855,#2856,#2857),
 .UNSPECIFIED.,.F.,.F.,(4,3,3,3,3,3,3,3,3,3,3,3,3,3,3,3,3,4),(-1.,-0.923167663145672,
-0.875,-0.792737461871101,-0.749569474261515,-0.71216304966998,-0.632338908857823,
-0.552892872524872,-0.5,-0.421913236963154,-0.375113876733296,-0.34328077657479,
-0.264169762880768,-0.250033979084738,-0.183486062136416,-0.125,-0.0348538681870406,
0.),.UNSPECIFIED.);
#89=B_SPLINE_CURVE_WITH_KNOTS('',3,(#2892,#2893,#2894,#2895,#2896,#2897,
#2898,#2899,#2900,#2901,#2902,#2903,#2904),.UNSPECIFIED.,.F.,.F.,(4,3,3,
3,4),(-1.,-0.91828521304306,-0.838363119464333,-0.760360277196715,-0.718015092185667),
 .UNSPECIFIED.);
#90=B_SPLINE_CURVE_WITH_KNOTS('',3,(#2905,#2906,#2907,#2908,#2909,#2910,
#2911,#2912,#2913,#2914,#2915,#2916,#2917,#2918,#2919,#2920,#2921,#2922,
#2923,#2924,#2925,#2926,#2927,#2928,#2929,#2930,#2931,#2932,#2933,#2934,
#2935,#2936,#2937,#2938,#2939,#2940,#2941,#2942,#2943,#2944,#2945,#2946,
#2947,#2948,#2949,#2950,#2951,#2952,#2953,#2954,#2955,#2956),
 .UNSPECIFIED.,.F.,.F.,(4,3,3,3,3,3,3,3,3,3,3,3,3,3,3,3,3,4),(-1.,-0.923553523233226,
-0.875,-0.792734670022164,-0.749605714876627,-0.712157029768057,-0.632329468313437,
-0.552879868806402,-0.5,-0.421909432394927,-0.375110743279779,-0.343273524230139,
-0.264159256539612,-0.250020053160064,-0.18347282104895,-0.125,-0.0348784634475336,
-2.76507882749532E-10),.UNSPECIFIED.);
#91=B_SPLINE_CURVE_WITH_KNOTS('',3,(#2957,#2958,#2959,#2960,#2961,#2962,
#2963,#2964,#2965,#2966,#2967,#2968,#2969,#2970,#2971,#2972,#2973,#2974,
#2975,#2976,#2977,#2978,#2979,#2980,#2981,#2982,#2983,#2984,#2985,#2986,
#2987,#2988,#2989,#2990,#2991,#2992,#2993,#2994,#2995,#2996),
 .UNSPECIFIED.,.F.,.F.,(4,3,3,3,3,3,3,3,3,3,3,3,3,4),(-0.718014616324439,
-0.641605396375026,-0.624194245359109,-0.56556244189954,-0.5,-0.421911147416648,
-0.375120338090594,-0.343276480436612,-0.26416316635522,-0.250039078429953,
-0.183477045547067,-0.125,-0.0348556354813478,-1.32678918237136E-9),
 .UNSPECIFIED.);
#92=B_SPLINE_CURVE_WITH_KNOTS('',3,(#3022,#3023,#3024,#3025,#3026,#3027,
#3028,#3029,#3030,#3031,#3032,#3033,#3034,#3035,#3036,#3037,#3038,#3039,
#3040,#3041,#3042,#3043,#3044,#3045,#3046,#3047,#3048,#3049,#3050,#3051,
#3052,#3053,#3054,#3055,#3056,#3057,#3058),.UNSPECIFIED.,.F.,.F.,(4,3,3,
3,3,3,3,3,3,3,3,3,4),(-0.716090856280557,-0.636842883733594,-0.625,-0.525797035862257,
-0.5,-0.414584826179728,-0.375,-0.297339978098498,-0.25,-0.171976040803547,
-0.125,-0.0348802238564279,-5.59806229383934E-10),.UNSPECIFIED.);
#93=B_SPLINE_CURVE_WITH_KNOTS('',3,(#3059,#3060,#3061,#3062,#3063,#3064,
#3065,#3066,#3067,#3068,#3069,#3070,#3071,#3072,#3073,#3074),
 .UNSPECIFIED.,.F.,.F.,(4,3,3,3,3,4),(-1.,-0.922479635308103,-0.875,-0.800401835338614,
-0.75,-0.716091222133209),.UNSPECIFIED.);
#94=B_SPLINE_CURVE_WITH_KNOTS('',3,(#3076,#3077,#3078,#3079,#3080,#3081,
#3082,#3083,#3084,#3085,#3086,#3087,#3088,#3089,#3090,#3091,#3092,#3093,
#3094),.UNSPECIFIED.,.F.,.F.,(4,3,3,3,3,3,4),(-1.,-0.936266033662886,-0.923167601487692,
-0.875,-0.874965549526258,-0.800408558931535,-0.750000089134854),
 .UNSPECIFIED.);
#95=B_SPLINE_CURVE_WITH_KNOTS('',3,(#3095,#3096,#3097,#3098,#3099,#3100,
#3101,#3102,#3103,#3104,#3105,#3106,#3107,#3108,#3109,#3110,#3111,#3112,
#3113,#3114,#3115,#3116,#3117,#3118,#3119,#3120,#3121,#3122,#3123,#3124,
#3125,#3126,#3127,#3128,#3129,#3130,#3131),.UNSPECIFIED.,.F.,.F.,(4,3,3,
3,3,3,3,3,3,3,3,3,4),(-0.75,-0.670541392892553,-0.625,-0.52579589150648,
-0.5,-0.414603738294363,-0.375,-0.297345010431788,-0.25,-0.171977373930065,
-0.125,-0.0348538557957465,0.),.UNSPECIFIED.);
#96=FACE_OUTER_BOUND('',#142,.T.);
#97=FACE_OUTER_BOUND('',#143,.T.);
#98=FACE_OUTER_BOUND('',#144,.T.);
#99=FACE_OUTER_BOUND('',#145,.T.);
#100=FACE_OUTER_BOUND('',#146,.T.);
#101=FACE_OUTER_BOUND('',#147,.T.);
#102=FACE_OUTER_BOUND('',#148,.T.);
#103=FACE_OUTER_BOUND('',#149,.T.);
#104=FACE_OUTER_BOUND('',#150,.T.);
#105=FACE_OUTER_BOUND('',#151,.T.);
#106=FACE_OUTER_BOUND('',#152,.T.);
#107=FACE_OUTER_BOUND('',#153,.T.);
#108=FACE_OUTER_BOUND('',#154,.T.);
#109=FACE_OUTER_BOUND('',#155,.T.);
#110=FACE_OUTER_BOUND('',#156,.T.);
#111=FACE_OUTER_BOUND('',#157,.T.);
#112=FACE_OUTER_BOUND('',#158,.T.);
#113=FACE_OUTER_BOUND('',#159,.T.);
#114=FACE_OUTER_BOUND('',#160,.T.);
#115=FACE_OUTER_BOUND('',#161,.T.);
#116=FACE_OUTER_BOUND('',#162,.T.);
#117=FACE_OUTER_BOUND('',#163,.T.);
#118=FACE_OUTER_BOUND('',#164,.T.);
#119=FACE_OUTER_BOUND('',#165,.T.);
#120=FACE_OUTER_BOUND('',#166,.T.);
#121=FACE_OUTER_BOUND('',#167,.T.);
#122=FACE_OUTER_BOUND('',#168,.T.);
#123=FACE_OUTER_BOUND('',#169,.T.);
#124=FACE_OUTER_BOUND('',#170,.T.);
#125=FACE_OUTER_BOUND('',#171,.T.);
#126=FACE_OUTER_BOUND('',#172,.T.);
#127=FACE_OUTER_BOUND('',#173,.T.);
#128=FACE_OUTER_BOUND('',#174,.T.);
#129=FACE_OUTER_BOUND('',#175,.T.);
#130=FACE_OUTER_BOUND('',#176,.T.);
#131=FACE_OUTER_BOUND('',#177,.T.);
#132=FACE_OUTER_BOUND('',#178,.T.);
#133=FACE_OUTER_BOUND('',#179,.T.);
#134=FACE_OUTER_BOUND('',#180,.T.);
#135=FACE_OUTER_BOUND('',#181,.T.);
#136=FACE_OUTER_BOUND('',#182,.T.);
#137=FACE_OUTER_BOUND('',#183,.T.);
#138=FACE_OUTER_BOUND('',#184,.T.);
#139=FACE_OUTER_BOUND('',#185,.T.);
#140=FACE_OUTER_BOUND('',#186,.T.);
#141=FACE_OUTER_BOUND('',#187,.T.);
#142=EDGE_LOOP('',(#490,#491,#492,#493,#494,#495,#496,#497));
#143=EDGE_LOOP('',(#498,#499,#500,#501));
#144=EDGE_LOOP('',(#502,#503,#504,#505));
#145=EDGE_LOOP('',(#506,#507,#508,#509));
#146=EDGE_LOOP('',(#510,#511,#512,#513));
#147=EDGE_LOOP('',(#514,#515,#516,#517));
#148=EDGE_LOOP('',(#518,#519,#520,#521,#522,#523,#524));
#149=EDGE_LOOP('',(#525,#526,#527,#528,#529));
#150=EDGE_LOOP('',(#530,#531,#532,#533,#534));
#151=EDGE_LOOP('',(#535,#536,#537,#538,#539));
#152=EDGE_LOOP('',(#540,#541,#542,#543));
#153=EDGE_LOOP('',(#544,#545,#546,#547,#548));
#154=EDGE_LOOP('',(#549,#550,#551,#552,#553));
#155=EDGE_LOOP('',(#554,#555,#556,#557,#558,#559));
#156=EDGE_LOOP('',(#560,#561,#562,#563,#564,#565,#566));
#157=EDGE_LOOP('',(#567,#568,#569,#570,#571));
#158=EDGE_LOOP('',(#572,#573,#574,#575,#576));
#159=EDGE_LOOP('',(#577,#578,#579,#580,#581));
#160=EDGE_LOOP('',(#582,#583,#584,#585,#586,#587,#588,#589));
#161=EDGE_LOOP('',(#590,#591,#592,#593));
#162=EDGE_LOOP('',(#594,#595,#596,#597));
#163=EDGE_LOOP('',(#598,#599,#600,#601));
#164=EDGE_LOOP('',(#602,#603,#604,#605));
#165=EDGE_LOOP('',(#606,#607,#608,#609));
#166=EDGE_LOOP('',(#610,#611,#612,#613,#614));
#167=EDGE_LOOP('',(#615,#616,#617,#618,#619,#620));
#168=EDGE_LOOP('',(#621,#622,#623,#624,#625));
#169=EDGE_LOOP('',(#626,#627,#628,#629,#630,#631,#632));
#170=EDGE_LOOP('',(#633,#634,#635,#636));
#171=EDGE_LOOP('',(#637,#638,#639,#640,#641));
#172=EDGE_LOOP('',(#642,#643,#644,#645,#646));
#173=EDGE_LOOP('',(#647,#648,#649,#650,#651,#652));
#174=EDGE_LOOP('',(#653,#654,#655,#656,#657));
#175=EDGE_LOOP('',(#658,#659,#660,#661,#662,#663));
#176=EDGE_LOOP('',(#664,#665,#666,#667,#668,#669,#670));
#177=EDGE_LOOP('',(#671,#672,#673,#674,#675));
#178=EDGE_LOOP('',(#676,#677,#678,#679,#680,#681,#682,#683));
#179=EDGE_LOOP('',(#684,#685,#686,#687));
#180=EDGE_LOOP('',(#688,#689,#690,#691));
#181=EDGE_LOOP('',(#692,#693,#694,#695));
#182=EDGE_LOOP('',(#696,#697,#698,#699));
#183=EDGE_LOOP('',(#700,#701,#702,#703));
#184=EDGE_LOOP('',(#704,#705,#706,#707));
#185=EDGE_LOOP('',(#708,#709,#710,#711));
#186=EDGE_LOOP('',(#712,#713,#714,#715));
#187=EDGE_LOOP('',(#716,#717,#718,#719,#720,#721,#722,#723));
#188=LINE('',#1002,#228);
#189=LINE('',#1006,#229);
#190=LINE('',#1010,#230);
#191=LINE('',#1013,#231);
#192=LINE('',#1033,#232);
#193=LINE('',#1034,#233);
#194=LINE('',#1037,#234);
#195=LINE('',#1047,#235);
#196=LINE('',#1050,#236);
#197=LINE('',#1052,#237);
#198=LINE('',#1063,#238);
#199=LINE('',#1081,#239);
#200=LINE('',#2295,#240);
#201=LINE('',#2299,#241);
#202=LINE('',#2303,#242);
#203=LINE('',#2307,#243);
#204=LINE('',#2311,#244);
#205=LINE('',#2313,#245);
#206=LINE('',#2332,#246);
#207=LINE('',#2342,#247);
#208=LINE('',#2354,#248);
#209=LINE('',#2355,#249);
#210=LINE('',#2358,#250);
#211=LINE('',#2376,#251);
#212=LINE('',#3621,#252);
#213=LINE('',#3625,#253);
#214=LINE('',#3629,#254);
#215=LINE('',#3632,#255);
#216=LINE('',#3635,#256);
#217=LINE('',#3637,#257);
#218=LINE('',#3638,#258);
#219=LINE('',#3642,#259);
#220=LINE('',#3643,#260);
#221=LINE('',#3644,#261);
#222=LINE('',#3649,#262);
#223=LINE('',#3651,#263);
#224=LINE('',#3652,#264);
#225=LINE('',#3655,#265);
#226=LINE('',#3657,#266);
#227=LINE('',#3658,#267);
#228=VECTOR('',#860,10.);
#229=VECTOR('',#863,10.);
#230=VECTOR('',#866,10.);
#231=VECTOR('',#869,10.);
#232=VECTOR('',#872,10.);
#233=VECTOR('',#873,10.);
#234=VECTOR('',#876,10.);
#235=VECTOR('',#877,10.);
#236=VECTOR('',#880,10.);
#237=VECTOR('',#881,10.);
#238=VECTOR('',#884,10.);
#239=VECTOR('',#885,10.);
#240=VECTOR('',#902,10.);
#241=VECTOR('',#905,10.);
#242=VECTOR('',#908,10.);
#243=VECTOR('',#911,10.);
#244=VECTOR('',#916,10.);
#245=VECTOR('',#917,10.);
#246=VECTOR('',#920,10.);
#247=VECTOR('',#921,10.);
#248=VECTOR('',#924,10.);
#249=VECTOR('',#925,10.);
#250=VECTOR('',#928,10.);
#251=VECTOR('',#929,10.);
#252=VECTOR('',#948,10.);
#253=VECTOR('',#951,10.);
#254=VECTOR('',#954,10.);
#255=VECTOR('',#957,10.);
#256=VECTOR('',#960,10.);
#257=VECTOR('',#961,10.);
#258=VECTOR('',#962,10.);
#259=VECTOR('',#965,10.);
#260=VECTOR('',#966,10.);
#261=VECTOR('',#967,10.);
#262=VECTOR('',#974,10.);
#263=VECTOR('',#975,10.);
#264=VECTOR('',#976,10.);
#265=VECTOR('',#979,10.);
#266=VECTOR('',#980,10.);
#267=VECTOR('',#981,10.);
#268=CIRCLE('',#805,0.300000000000015);
#269=CIRCLE('',#806,0.300000000000019);
#270=CIRCLE('',#807,0.299999999999999);
#271=CIRCLE('',#808,0.299999999999999);
#272=CIRCLE('',#814,0.461073948430214);
#273=CIRCLE('',#815,0.461073948430214);
#274=CIRCLE('',#816,0.461147222780279);
#275=CIRCLE('',#817,0.461106453722474);
#276=CIRCLE('',#818,0.461088806955255);
#277=CIRCLE('',#819,0.461088806955255);
#278=CIRCLE('',#821,0.299999999999999);
#279=CIRCLE('',#822,0.299999999999999);
#280=CIRCLE('',#823,0.300000000000019);
#281=CIRCLE('',#824,0.300000000000015);
#282=CIRCLE('',#830,0.461084857256432);
#283=CIRCLE('',#831,0.46107457924077);
#284=CIRCLE('',#832,0.46107457924077);
#285=CIRCLE('',#833,0.461147222780271);
#286=CIRCLE('',#834,0.461088806955253);
#287=CIRCLE('',#835,0.461088806955253);
#288=CIRCLE('',#837,0.149999999999999);
#289=CIRCLE('',#838,0.15);
#290=CIRCLE('',#839,0.150000000000001);
#291=CIRCLE('',#840,0.15);
#292=CIRCLE('',#844,0.15);
#293=CIRCLE('',#848,0.150000000000001);
#294=CIRCLE('',#850,0.150000000000001);
#295=CIRCLE('',#852,0.149999999999999);
#296=VERTEX_POINT('',#998);
#297=VERTEX_POINT('',#999);
#298=VERTEX_POINT('',#1001);
#299=VERTEX_POINT('',#1003);
#300=VERTEX_POINT('',#1005);
#301=VERTEX_POINT('',#1007);
#302=VERTEX_POINT('',#1009);
#303=VERTEX_POINT('',#1011);
#304=VERTEX_POINT('',#1015);
#305=VERTEX_POINT('',#1016);
#306=VERTEX_POINT('',#1036);
#307=VERTEX_POINT('',#1038);
#308=VERTEX_POINT('',#1049);
#309=VERTEX_POINT('',#1051);
#310=VERTEX_POINT('',#1062);
#311=VERTEX_POINT('',#1064);
#312=VERTEX_POINT('',#1083);
#313=VERTEX_POINT('',#1084);
#314=VERTEX_POINT('',#1097);
#315=VERTEX_POINT('',#1106);
#316=VERTEX_POINT('',#1136);
#317=VERTEX_POINT('',#1151);
#318=VERTEX_POINT('',#1162);
#319=VERTEX_POINT('',#1216);
#320=VERTEX_POINT('',#1243);
#321=VERTEX_POINT('',#1403);
#322=VERTEX_POINT('',#1540);
#323=VERTEX_POINT('',#1619);
#324=VERTEX_POINT('',#1697);
#325=VERTEX_POINT('',#1717);
#326=VERTEX_POINT('',#2293);
#327=VERTEX_POINT('',#2294);
#328=VERTEX_POINT('',#2296);
#329=VERTEX_POINT('',#2298);
#330=VERTEX_POINT('',#2300);
#331=VERTEX_POINT('',#2302);
#332=VERTEX_POINT('',#2304);
#333=VERTEX_POINT('',#2306);
#334=VERTEX_POINT('',#2310);
#335=VERTEX_POINT('',#2312);
#336=VERTEX_POINT('',#2331);
#337=VERTEX_POINT('',#2333);
#338=VERTEX_POINT('',#2344);
#339=VERTEX_POINT('',#2345);
#340=VERTEX_POINT('',#2357);
#341=VERTEX_POINT('',#2359);
#342=VERTEX_POINT('',#2378);
#343=VERTEX_POINT('',#2379);
#344=VERTEX_POINT('',#2392);
#345=VERTEX_POINT('',#2404);
#346=VERTEX_POINT('',#2431);
#347=VERTEX_POINT('',#2465);
#348=VERTEX_POINT('',#2474);
#349=VERTEX_POINT('',#2568);
#350=VERTEX_POINT('',#2661);
#351=VERTEX_POINT('',#2681);
#352=VERTEX_POINT('',#2710);
#353=VERTEX_POINT('',#2864);
#354=VERTEX_POINT('',#2891);
#355=VERTEX_POINT('',#3021);
#356=VERTEX_POINT('',#3075);
#357=VERTEX_POINT('',#3617);
#358=VERTEX_POINT('',#3618);
#359=VERTEX_POINT('',#3620);
#360=VERTEX_POINT('',#3622);
#361=VERTEX_POINT('',#3624);
#362=VERTEX_POINT('',#3626);
#363=VERTEX_POINT('',#3628);
#364=VERTEX_POINT('',#3630);
#365=VERTEX_POINT('',#3634);
#366=VERTEX_POINT('',#3636);
#367=VERTEX_POINT('',#3640);
#368=VERTEX_POINT('',#3641);
#369=VERTEX_POINT('',#3648);
#370=VERTEX_POINT('',#3650);
#371=VERTEX_POINT('',#3654);
#372=VERTEX_POINT('',#3656);
#373=EDGE_CURVE('',#296,#297,#268,.T.);
#374=EDGE_CURVE('',#298,#296,#188,.T.);
#375=EDGE_CURVE('',#299,#298,#269,.T.);
#376=EDGE_CURVE('',#300,#299,#189,.T.);
#377=EDGE_CURVE('',#301,#300,#270,.T.);
#378=EDGE_CURVE('',#301,#302,#190,.T.);
#379=EDGE_CURVE('',#303,#302,#271,.T.);
#380=EDGE_CURVE('',#303,#297,#191,.T.);
#381=EDGE_CURVE('',#304,#305,#47,.T.);
#382=EDGE_CURVE('',#305,#300,#192,.T.);
#383=EDGE_CURVE('',#299,#304,#193,.T.);
#384=EDGE_CURVE('',#306,#303,#194,.T.);
#385=EDGE_CURVE('',#307,#306,#48,.T.);
#386=EDGE_CURVE('',#297,#307,#195,.T.);
#387=EDGE_CURVE('',#308,#302,#196,.T.);
#388=EDGE_CURVE('',#309,#301,#197,.T.);
#389=EDGE_CURVE('',#309,#308,#49,.T.);
#390=EDGE_CURVE('',#296,#310,#198,.T.);
#391=EDGE_CURVE('',#310,#311,#50,.T.);
#392=EDGE_CURVE('',#298,#311,#199,.T.);
#393=EDGE_CURVE('',#312,#313,#51,.T.);
#394=EDGE_CURVE('',#314,#313,#52,.T.);
#395=EDGE_CURVE('',#315,#314,#53,.T.);
#396=EDGE_CURVE('',#312,#315,#54,.T.);
#397=EDGE_CURVE('',#316,#305,#55,.T.);
#398=EDGE_CURVE('',#317,#316,#56,.T.);
#399=EDGE_CURVE('',#318,#317,#57,.T.);
#400=EDGE_CURVE('',#309,#318,#58,.T.);
#401=EDGE_CURVE('',#306,#319,#272,.T.);
#402=EDGE_CURVE('',#319,#308,#273,.T.);
#403=EDGE_CURVE('',#314,#320,#59,.T.);
#404=EDGE_CURVE('',#313,#308,#60,.T.);
#405=EDGE_CURVE('',#320,#309,#61,.T.);
#406=EDGE_CURVE('',#311,#321,#274,.T.);
#407=EDGE_CURVE('',#321,#304,#275,.T.);
#408=EDGE_CURVE('',#310,#312,#62,.T.);
#409=EDGE_CURVE('',#311,#315,#63,.T.);
#410=EDGE_CURVE('',#307,#322,#276,.T.);
#411=EDGE_CURVE('',#322,#310,#277,.T.);
#412=EDGE_CURVE('',#305,#314,#64,.T.);
#413=EDGE_CURVE('',#304,#323,#65,.T.);
#414=EDGE_CURVE('',#323,#315,#66,.T.);
#415=EDGE_CURVE('',#307,#324,#67,.T.);
#416=EDGE_CURVE('',#306,#325,#68,.T.);
#417=EDGE_CURVE('',#325,#313,#69,.T.);
#418=EDGE_CURVE('',#324,#312,#70,.T.);
#419=EDGE_CURVE('',#326,#327,#200,.T.);
#420=EDGE_CURVE('',#326,#328,#278,.T.);
#421=EDGE_CURVE('',#329,#328,#201,.T.);
#422=EDGE_CURVE('',#329,#330,#279,.T.);
#423=EDGE_CURVE('',#330,#331,#202,.T.);
#424=EDGE_CURVE('',#331,#332,#280,.T.);
#425=EDGE_CURVE('',#332,#333,#203,.T.);
#426=EDGE_CURVE('',#333,#327,#281,.T.);
#427=EDGE_CURVE('',#331,#334,#204,.T.);
#428=EDGE_CURVE('',#335,#330,#205,.T.);
#429=EDGE_CURVE('',#334,#335,#71,.T.);
#430=EDGE_CURVE('',#327,#336,#206,.T.);
#431=EDGE_CURVE('',#336,#337,#72,.T.);
#432=EDGE_CURVE('',#337,#326,#207,.T.);
#433=EDGE_CURVE('',#338,#339,#73,.T.);
#434=EDGE_CURVE('',#338,#329,#208,.T.);
#435=EDGE_CURVE('',#339,#328,#209,.T.);
#436=EDGE_CURVE('',#332,#340,#210,.T.);
#437=EDGE_CURVE('',#341,#340,#74,.T.);
#438=EDGE_CURVE('',#333,#341,#211,.T.);
#439=EDGE_CURVE('',#342,#343,#75,.T.);
#440=EDGE_CURVE('',#343,#344,#76,.T.);
#441=EDGE_CURVE('',#344,#345,#77,.T.);
#442=EDGE_CURVE('',#342,#345,#78,.T.);
#443=EDGE_CURVE('',#338,#346,#282,.T.);
#444=EDGE_CURVE('',#346,#335,#79,.T.);
#445=EDGE_CURVE('',#337,#347,#80,.T.);
#446=EDGE_CURVE('',#347,#348,#283,.T.);
#447=EDGE_CURVE('',#348,#339,#284,.T.);
#448=EDGE_CURVE('',#345,#339,#81,.T.);
#449=EDGE_CURVE('',#344,#349,#82,.T.);
#450=EDGE_CURVE('',#349,#338,#83,.T.);
#451=EDGE_CURVE('',#350,#334,#84,.T.);
#452=EDGE_CURVE('',#351,#350,#85,.T.);
#453=EDGE_CURVE('',#352,#351,#86,.T.);
#454=EDGE_CURVE('',#340,#352,#285,.T.);
#455=EDGE_CURVE('',#340,#343,#87,.T.);
#456=EDGE_CURVE('',#341,#342,#88,.T.);
#457=EDGE_CURVE('',#353,#341,#286,.T.);
#458=EDGE_CURVE('',#336,#353,#287,.T.);
#459=EDGE_CURVE('',#334,#354,#89,.T.);
#460=EDGE_CURVE('',#335,#344,#90,.T.);
#461=EDGE_CURVE('',#354,#343,#91,.T.);
#462=EDGE_CURVE('',#355,#345,#92,.T.);
#463=EDGE_CURVE('',#337,#355,#93,.T.);
#464=EDGE_CURVE('',#336,#356,#94,.T.);
#465=EDGE_CURVE('',#356,#342,#95,.T.);
#466=EDGE_CURVE('',#357,#358,#288,.T.);
#467=EDGE_CURVE('',#358,#359,#212,.T.);
#468=EDGE_CURVE('',#359,#360,#289,.T.);
#469=EDGE_CURVE('',#361,#360,#213,.T.);
#470=EDGE_CURVE('',#362,#361,#290,.T.);
#471=EDGE_CURVE('',#363,#362,#214,.T.);
#472=EDGE_CURVE('',#364,#363,#291,.T.);
#473=EDGE_CURVE('',#357,#364,#215,.T.);
#474=EDGE_CURVE('',#357,#365,#216,.T.);
#475=EDGE_CURVE('',#364,#366,#217,.T.);
#476=EDGE_CURVE('',#365,#366,#218,.T.);
#477=EDGE_CURVE('',#367,#368,#219,.T.);
#478=EDGE_CURVE('',#359,#368,#220,.T.);
#479=EDGE_CURVE('',#358,#367,#221,.T.);
#480=EDGE_CURVE('',#365,#367,#292,.T.);
#481=EDGE_CURVE('',#361,#369,#222,.T.);
#482=EDGE_CURVE('',#360,#370,#223,.T.);
#483=EDGE_CURVE('',#369,#370,#224,.T.);
#484=EDGE_CURVE('',#363,#371,#225,.T.);
#485=EDGE_CURVE('',#362,#372,#226,.T.);
#486=EDGE_CURVE('',#371,#372,#227,.T.);
#487=EDGE_CURVE('',#368,#370,#293,.T.);
#488=EDGE_CURVE('',#372,#369,#294,.T.);
#489=EDGE_CURVE('',#366,#371,#295,.T.);
#490=ORIENTED_EDGE('',*,*,#373,.F.);
#491=ORIENTED_EDGE('',*,*,#374,.F.);
#492=ORIENTED_EDGE('',*,*,#375,.F.);
#493=ORIENTED_EDGE('',*,*,#376,.F.);
#494=ORIENTED_EDGE('',*,*,#377,.F.);
#495=ORIENTED_EDGE('',*,*,#378,.T.);
#496=ORIENTED_EDGE('',*,*,#379,.F.);
#497=ORIENTED_EDGE('',*,*,#380,.T.);
#498=ORIENTED_EDGE('',*,*,#381,.T.);
#499=ORIENTED_EDGE('',*,*,#382,.T.);
#500=ORIENTED_EDGE('',*,*,#376,.T.);
#501=ORIENTED_EDGE('',*,*,#383,.T.);
#502=ORIENTED_EDGE('',*,*,#380,.F.);
#503=ORIENTED_EDGE('',*,*,#384,.F.);
#504=ORIENTED_EDGE('',*,*,#385,.F.);
#505=ORIENTED_EDGE('',*,*,#386,.F.);
#506=ORIENTED_EDGE('',*,*,#387,.T.);
#507=ORIENTED_EDGE('',*,*,#378,.F.);
#508=ORIENTED_EDGE('',*,*,#388,.F.);
#509=ORIENTED_EDGE('',*,*,#389,.T.);
#510=ORIENTED_EDGE('',*,*,#390,.T.);
#511=ORIENTED_EDGE('',*,*,#391,.T.);
#512=ORIENTED_EDGE('',*,*,#392,.F.);
#513=ORIENTED_EDGE('',*,*,#374,.T.);
#514=ORIENTED_EDGE('',*,*,#393,.T.);
#515=ORIENTED_EDGE('',*,*,#394,.F.);
#516=ORIENTED_EDGE('',*,*,#395,.F.);
#517=ORIENTED_EDGE('',*,*,#396,.F.);
#518=ORIENTED_EDGE('',*,*,#388,.T.);
#519=ORIENTED_EDGE('',*,*,#377,.T.);
#520=ORIENTED_EDGE('',*,*,#382,.F.);
#521=ORIENTED_EDGE('',*,*,#397,.F.);
#522=ORIENTED_EDGE('',*,*,#398,.F.);
#523=ORIENTED_EDGE('',*,*,#399,.F.);
#524=ORIENTED_EDGE('',*,*,#400,.F.);
#525=ORIENTED_EDGE('',*,*,#401,.F.);
#526=ORIENTED_EDGE('',*,*,#384,.T.);
#527=ORIENTED_EDGE('',*,*,#379,.T.);
#528=ORIENTED_EDGE('',*,*,#387,.F.);
#529=ORIENTED_EDGE('',*,*,#402,.F.);
#530=ORIENTED_EDGE('',*,*,#403,.F.);
#531=ORIENTED_EDGE('',*,*,#394,.T.);
#532=ORIENTED_EDGE('',*,*,#404,.T.);
#533=ORIENTED_EDGE('',*,*,#389,.F.);
#534=ORIENTED_EDGE('',*,*,#405,.F.);
#535=ORIENTED_EDGE('',*,*,#392,.T.);
#536=ORIENTED_EDGE('',*,*,#406,.T.);
#537=ORIENTED_EDGE('',*,*,#407,.T.);
#538=ORIENTED_EDGE('',*,*,#383,.F.);
#539=ORIENTED_EDGE('',*,*,#375,.T.);
#540=ORIENTED_EDGE('',*,*,#408,.T.);
#541=ORIENTED_EDGE('',*,*,#396,.T.);
#542=ORIENTED_EDGE('',*,*,#409,.F.);
#543=ORIENTED_EDGE('',*,*,#391,.F.);
#544=ORIENTED_EDGE('',*,*,#373,.T.);
#545=ORIENTED_EDGE('',*,*,#386,.T.);
#546=ORIENTED_EDGE('',*,*,#410,.T.);
#547=ORIENTED_EDGE('',*,*,#411,.T.);
#548=ORIENTED_EDGE('',*,*,#390,.F.);
#549=ORIENTED_EDGE('',*,*,#395,.T.);
#550=ORIENTED_EDGE('',*,*,#412,.F.);
#551=ORIENTED_EDGE('',*,*,#381,.F.);
#552=ORIENTED_EDGE('',*,*,#413,.T.);
#553=ORIENTED_EDGE('',*,*,#414,.T.);
#554=ORIENTED_EDGE('',*,*,#415,.F.);
#555=ORIENTED_EDGE('',*,*,#385,.T.);
#556=ORIENTED_EDGE('',*,*,#416,.T.);
#557=ORIENTED_EDGE('',*,*,#417,.T.);
#558=ORIENTED_EDGE('',*,*,#393,.F.);
#559=ORIENTED_EDGE('',*,*,#418,.F.);
#560=ORIENTED_EDGE('',*,*,#403,.T.);
#561=ORIENTED_EDGE('',*,*,#405,.T.);
#562=ORIENTED_EDGE('',*,*,#400,.T.);
#563=ORIENTED_EDGE('',*,*,#399,.T.);
#564=ORIENTED_EDGE('',*,*,#398,.T.);
#565=ORIENTED_EDGE('',*,*,#397,.T.);
#566=ORIENTED_EDGE('',*,*,#412,.T.);
#567=ORIENTED_EDGE('',*,*,#404,.F.);
#568=ORIENTED_EDGE('',*,*,#417,.F.);
#569=ORIENTED_EDGE('',*,*,#416,.F.);
#570=ORIENTED_EDGE('',*,*,#401,.T.);
#571=ORIENTED_EDGE('',*,*,#402,.T.);
#572=ORIENTED_EDGE('',*,*,#409,.T.);
#573=ORIENTED_EDGE('',*,*,#414,.F.);
#574=ORIENTED_EDGE('',*,*,#413,.F.);
#575=ORIENTED_EDGE('',*,*,#407,.F.);
#576=ORIENTED_EDGE('',*,*,#406,.F.);
#577=ORIENTED_EDGE('',*,*,#408,.F.);
#578=ORIENTED_EDGE('',*,*,#411,.F.);
#579=ORIENTED_EDGE('',*,*,#410,.F.);
#580=ORIENTED_EDGE('',*,*,#415,.T.);
#581=ORIENTED_EDGE('',*,*,#418,.T.);
#582=ORIENTED_EDGE('',*,*,#419,.F.);
#583=ORIENTED_EDGE('',*,*,#420,.T.);
#584=ORIENTED_EDGE('',*,*,#421,.F.);
#585=ORIENTED_EDGE('',*,*,#422,.T.);
#586=ORIENTED_EDGE('',*,*,#423,.T.);
#587=ORIENTED_EDGE('',*,*,#424,.T.);
#588=ORIENTED_EDGE('',*,*,#425,.T.);
#589=ORIENTED_EDGE('',*,*,#426,.T.);
#590=ORIENTED_EDGE('',*,*,#427,.F.);
#591=ORIENTED_EDGE('',*,*,#423,.F.);
#592=ORIENTED_EDGE('',*,*,#428,.F.);
#593=ORIENTED_EDGE('',*,*,#429,.F.);
#594=ORIENTED_EDGE('',*,*,#430,.T.);
#595=ORIENTED_EDGE('',*,*,#431,.T.);
#596=ORIENTED_EDGE('',*,*,#432,.T.);
#597=ORIENTED_EDGE('',*,*,#419,.T.);
#598=ORIENTED_EDGE('',*,*,#433,.F.);
#599=ORIENTED_EDGE('',*,*,#434,.T.);
#600=ORIENTED_EDGE('',*,*,#421,.T.);
#601=ORIENTED_EDGE('',*,*,#435,.F.);
#602=ORIENTED_EDGE('',*,*,#425,.F.);
#603=ORIENTED_EDGE('',*,*,#436,.T.);
#604=ORIENTED_EDGE('',*,*,#437,.F.);
#605=ORIENTED_EDGE('',*,*,#438,.F.);
#606=ORIENTED_EDGE('',*,*,#439,.T.);
#607=ORIENTED_EDGE('',*,*,#440,.T.);
#608=ORIENTED_EDGE('',*,*,#441,.T.);
#609=ORIENTED_EDGE('',*,*,#442,.F.);
#610=ORIENTED_EDGE('',*,*,#443,.T.);
#611=ORIENTED_EDGE('',*,*,#444,.T.);
#612=ORIENTED_EDGE('',*,*,#428,.T.);
#613=ORIENTED_EDGE('',*,*,#422,.F.);
#614=ORIENTED_EDGE('',*,*,#434,.F.);
#615=ORIENTED_EDGE('',*,*,#435,.T.);
#616=ORIENTED_EDGE('',*,*,#420,.F.);
#617=ORIENTED_EDGE('',*,*,#432,.F.);
#618=ORIENTED_EDGE('',*,*,#445,.T.);
#619=ORIENTED_EDGE('',*,*,#446,.T.);
#620=ORIENTED_EDGE('',*,*,#447,.T.);
#621=ORIENTED_EDGE('',*,*,#433,.T.);
#622=ORIENTED_EDGE('',*,*,#448,.F.);
#623=ORIENTED_EDGE('',*,*,#441,.F.);
#624=ORIENTED_EDGE('',*,*,#449,.T.);
#625=ORIENTED_EDGE('',*,*,#450,.T.);
#626=ORIENTED_EDGE('',*,*,#424,.F.);
#627=ORIENTED_EDGE('',*,*,#427,.T.);
#628=ORIENTED_EDGE('',*,*,#451,.F.);
#629=ORIENTED_EDGE('',*,*,#452,.F.);
#630=ORIENTED_EDGE('',*,*,#453,.F.);
#631=ORIENTED_EDGE('',*,*,#454,.F.);
#632=ORIENTED_EDGE('',*,*,#436,.F.);
#633=ORIENTED_EDGE('',*,*,#437,.T.);
#634=ORIENTED_EDGE('',*,*,#455,.T.);
#635=ORIENTED_EDGE('',*,*,#439,.F.);
#636=ORIENTED_EDGE('',*,*,#456,.F.);
#637=ORIENTED_EDGE('',*,*,#438,.T.);
#638=ORIENTED_EDGE('',*,*,#457,.F.);
#639=ORIENTED_EDGE('',*,*,#458,.F.);
#640=ORIENTED_EDGE('',*,*,#430,.F.);
#641=ORIENTED_EDGE('',*,*,#426,.F.);
#642=ORIENTED_EDGE('',*,*,#459,.F.);
#643=ORIENTED_EDGE('',*,*,#429,.T.);
#644=ORIENTED_EDGE('',*,*,#460,.T.);
#645=ORIENTED_EDGE('',*,*,#440,.F.);
#646=ORIENTED_EDGE('',*,*,#461,.F.);
#647=ORIENTED_EDGE('',*,*,#442,.T.);
#648=ORIENTED_EDGE('',*,*,#462,.F.);
#649=ORIENTED_EDGE('',*,*,#463,.F.);
#650=ORIENTED_EDGE('',*,*,#431,.F.);
#651=ORIENTED_EDGE('',*,*,#464,.T.);
#652=ORIENTED_EDGE('',*,*,#465,.T.);
#653=ORIENTED_EDGE('',*,*,#460,.F.);
#654=ORIENTED_EDGE('',*,*,#444,.F.);
#655=ORIENTED_EDGE('',*,*,#443,.F.);
#656=ORIENTED_EDGE('',*,*,#450,.F.);
#657=ORIENTED_EDGE('',*,*,#449,.F.);
#658=ORIENTED_EDGE('',*,*,#445,.F.);
#659=ORIENTED_EDGE('',*,*,#463,.T.);
#660=ORIENTED_EDGE('',*,*,#462,.T.);
#661=ORIENTED_EDGE('',*,*,#448,.T.);
#662=ORIENTED_EDGE('',*,*,#447,.F.);
#663=ORIENTED_EDGE('',*,*,#446,.F.);
#664=ORIENTED_EDGE('',*,*,#454,.T.);
#665=ORIENTED_EDGE('',*,*,#453,.T.);
#666=ORIENTED_EDGE('',*,*,#452,.T.);
#667=ORIENTED_EDGE('',*,*,#451,.T.);
#668=ORIENTED_EDGE('',*,*,#459,.T.);
#669=ORIENTED_EDGE('',*,*,#461,.T.);
#670=ORIENTED_EDGE('',*,*,#455,.F.);
#671=ORIENTED_EDGE('',*,*,#464,.F.);
#672=ORIENTED_EDGE('',*,*,#458,.T.);
#673=ORIENTED_EDGE('',*,*,#457,.T.);
#674=ORIENTED_EDGE('',*,*,#456,.T.);
#675=ORIENTED_EDGE('',*,*,#465,.F.);
#676=ORIENTED_EDGE('',*,*,#466,.T.);
#677=ORIENTED_EDGE('',*,*,#467,.T.);
#678=ORIENTED_EDGE('',*,*,#468,.T.);
#679=ORIENTED_EDGE('',*,*,#469,.F.);
#680=ORIENTED_EDGE('',*,*,#470,.F.);
#681=ORIENTED_EDGE('',*,*,#471,.F.);
#682=ORIENTED_EDGE('',*,*,#472,.F.);
#683=ORIENTED_EDGE('',*,*,#473,.F.);
#684=ORIENTED_EDGE('',*,*,#474,.F.);
#685=ORIENTED_EDGE('',*,*,#473,.T.);
#686=ORIENTED_EDGE('',*,*,#475,.T.);
#687=ORIENTED_EDGE('',*,*,#476,.F.);
#688=ORIENTED_EDGE('',*,*,#477,.T.);
#689=ORIENTED_EDGE('',*,*,#478,.F.);
#690=ORIENTED_EDGE('',*,*,#467,.F.);
#691=ORIENTED_EDGE('',*,*,#479,.T.);
#692=ORIENTED_EDGE('',*,*,#480,.T.);
#693=ORIENTED_EDGE('',*,*,#479,.F.);
#694=ORIENTED_EDGE('',*,*,#466,.F.);
#695=ORIENTED_EDGE('',*,*,#474,.T.);
#696=ORIENTED_EDGE('',*,*,#481,.F.);
#697=ORIENTED_EDGE('',*,*,#469,.T.);
#698=ORIENTED_EDGE('',*,*,#482,.T.);
#699=ORIENTED_EDGE('',*,*,#483,.F.);
#700=ORIENTED_EDGE('',*,*,#484,.F.);
#701=ORIENTED_EDGE('',*,*,#471,.T.);
#702=ORIENTED_EDGE('',*,*,#485,.T.);
#703=ORIENTED_EDGE('',*,*,#486,.F.);
#704=ORIENTED_EDGE('',*,*,#487,.T.);
#705=ORIENTED_EDGE('',*,*,#482,.F.);
#706=ORIENTED_EDGE('',*,*,#468,.F.);
#707=ORIENTED_EDGE('',*,*,#478,.T.);
#708=ORIENTED_EDGE('',*,*,#485,.F.);
#709=ORIENTED_EDGE('',*,*,#470,.T.);
#710=ORIENTED_EDGE('',*,*,#481,.T.);
#711=ORIENTED_EDGE('',*,*,#488,.F.);
#712=ORIENTED_EDGE('',*,*,#475,.F.);
#713=ORIENTED_EDGE('',*,*,#472,.T.);
#714=ORIENTED_EDGE('',*,*,#484,.T.);
#715=ORIENTED_EDGE('',*,*,#489,.F.);
#716=ORIENTED_EDGE('',*,*,#476,.T.);
#717=ORIENTED_EDGE('',*,*,#489,.T.);
#718=ORIENTED_EDGE('',*,*,#486,.T.);
#719=ORIENTED_EDGE('',*,*,#488,.T.);
#720=ORIENTED_EDGE('',*,*,#483,.T.);
#721=ORIENTED_EDGE('',*,*,#487,.F.);
#722=ORIENTED_EDGE('',*,*,#477,.F.);
#723=ORIENTED_EDGE('',*,*,#480,.F.);
#724=PLANE('',#804);
#725=PLANE('',#809);
#726=PLANE('',#810);
#727=PLANE('',#811);
#728=PLANE('',#812);
#729=PLANE('',#813);
#730=PLANE('',#820);
#731=PLANE('',#825);
#732=PLANE('',#826);
#733=PLANE('',#827);
#734=PLANE('',#828);
#735=PLANE('',#829);
#736=PLANE('',#836);
#737=PLANE('',#841);
#738=PLANE('',#842);
#739=PLANE('',#845);
#740=PLANE('',#846);
#741=PLANE('',#853);
#742=ADVANCED_FACE('',(#96),#724,.T.);
#743=ADVANCED_FACE('',(#97),#725,.T.);
#744=ADVANCED_FACE('',(#98),#726,.T.);
#745=ADVANCED_FACE('',(#99),#727,.T.);
#746=ADVANCED_FACE('',(#100),#728,.T.);
#747=ADVANCED_FACE('',(#101),#729,.T.);
#748=ADVANCED_FACE('',(#102),#31,.T.);
#749=ADVANCED_FACE('',(#103),#32,.T.);
#750=ADVANCED_FACE('',(#104),#33,.T.);
#751=ADVANCED_FACE('',(#105),#34,.T.);
#752=ADVANCED_FACE('',(#106),#35,.T.);
#753=ADVANCED_FACE('',(#107),#36,.T.);
#754=ADVANCED_FACE('',(#108),#37,.T.);
#755=ADVANCED_FACE('',(#109),#38,.T.);
#756=ADVANCED_FACE('',(#110),#23,.T.);
#757=ADVANCED_FACE('',(#111),#24,.T.);
#758=ADVANCED_FACE('',(#112),#25,.T.);
#759=ADVANCED_FACE('',(#113),#26,.T.);
#760=ADVANCED_FACE('',(#114),#730,.T.);
#761=ADVANCED_FACE('',(#115),#731,.T.);
#762=ADVANCED_FACE('',(#116),#732,.T.);
#763=ADVANCED_FACE('',(#117),#733,.T.);
#764=ADVANCED_FACE('',(#118),#734,.T.);
#765=ADVANCED_FACE('',(#119),#735,.T.);
#766=ADVANCED_FACE('',(#120),#39,.T.);
#767=ADVANCED_FACE('',(#121),#40,.T.);
#768=ADVANCED_FACE('',(#122),#41,.T.);
#769=ADVANCED_FACE('',(#123),#42,.T.);
#770=ADVANCED_FACE('',(#124),#43,.T.);
#771=ADVANCED_FACE('',(#125),#44,.T.);
#772=ADVANCED_FACE('',(#126),#45,.T.);
#773=ADVANCED_FACE('',(#127),#46,.T.);
#774=ADVANCED_FACE('',(#128),#27,.T.);
#775=ADVANCED_FACE('',(#129),#28,.T.);
#776=ADVANCED_FACE('',(#130),#29,.T.);
#777=ADVANCED_FACE('',(#131),#30,.T.);
#778=ADVANCED_FACE('',(#132),#736,.T.);
#779=ADVANCED_FACE('',(#133),#737,.T.);
#780=ADVANCED_FACE('',(#134),#738,.T.);
#781=ADVANCED_FACE('',(#135),#13,.T.);
#782=ADVANCED_FACE('',(#136),#739,.T.);
#783=ADVANCED_FACE('',(#137),#740,.T.);
#784=ADVANCED_FACE('',(#138),#14,.T.);
#785=ADVANCED_FACE('',(#139),#15,.T.);
#786=ADVANCED_FACE('',(#140),#16,.T.);
#787=ADVANCED_FACE('',(#141),#741,.T.);
#788=CLOSED_SHELL('',(#742,#743,#744,#745,#746,#747,#748,#749,#750,#751,
#752,#753,#754,#755,#756,#757,#758,#759));
#789=CLOSED_SHELL('',(#760,#761,#762,#763,#764,#765,#766,#767,#768,#769,
#770,#771,#772,#773,#774,#775,#776,#777));
#790=CLOSED_SHELL('',(#778,#779,#780,#781,#782,#783,#784,#785,#786,#787));
#791=DERIVED_UNIT_ELEMENT(#793,1.);
#792=DERIVED_UNIT_ELEMENT(#3671,-3.);
#793=(
MASS_UNIT()
NAMED_UNIT(*)
SI_UNIT(.KILO.,.GRAM.)
);
#794=DERIVED_UNIT((#791,#792));
#795=MEASURE_REPRESENTATION_ITEM('density measure',
POSITIVE_RATIO_MEASURE(1120.),#794);
#796=PROPERTY_DEFINITION_REPRESENTATION(#801,#798);
#797=PROPERTY_DEFINITION_REPRESENTATION(#802,#799);
#798=REPRESENTATION('material name',(#800),#3668);
#799=REPRESENTATION('density',(#795),#3668);
#800=DESCRIPTIVE_REPRESENTATION_ITEM('Nylon 6','Nylon 6');
#801=PROPERTY_DEFINITION('material property','material name',#3678);
#802=PROPERTY_DEFINITION('material property','density of part',#3678);
#803=AXIS2_PLACEMENT_3D('',#996,#854,#855);
#804=AXIS2_PLACEMENT_3D('',#997,#856,#857);
#805=AXIS2_PLACEMENT_3D('',#1000,#858,#859);
#806=AXIS2_PLACEMENT_3D('',#1004,#861,#862);
#807=AXIS2_PLACEMENT_3D('',#1008,#864,#865);
#808=AXIS2_PLACEMENT_3D('',#1012,#867,#868);
#809=AXIS2_PLACEMENT_3D('',#1014,#870,#871);
#810=AXIS2_PLACEMENT_3D('',#1035,#874,#875);
#811=AXIS2_PLACEMENT_3D('',#1048,#878,#879);
#812=AXIS2_PLACEMENT_3D('',#1061,#882,#883);
#813=AXIS2_PLACEMENT_3D('',#1082,#886,#887);
#814=AXIS2_PLACEMENT_3D('',#1217,#888,#889);
#815=AXIS2_PLACEMENT_3D('',#1218,#890,#891);
#816=AXIS2_PLACEMENT_3D('',#1404,#892,#893);
#817=AXIS2_PLACEMENT_3D('',#1405,#894,#895);
#818=AXIS2_PLACEMENT_3D('',#1541,#896,#897);
#819=AXIS2_PLACEMENT_3D('',#1542,#898,#899);
#820=AXIS2_PLACEMENT_3D('',#2292,#900,#901);
#821=AXIS2_PLACEMENT_3D('',#2297,#903,#904);
#822=AXIS2_PLACEMENT_3D('',#2301,#906,#907);
#823=AXIS2_PLACEMENT_3D('',#2305,#909,#910);
#824=AXIS2_PLACEMENT_3D('',#2308,#912,#913);
#825=AXIS2_PLACEMENT_3D('',#2309,#914,#915);
#826=AXIS2_PLACEMENT_3D('',#2330,#918,#919);
#827=AXIS2_PLACEMENT_3D('',#2343,#922,#923);
#828=AXIS2_PLACEMENT_3D('',#2356,#926,#927);
#829=AXIS2_PLACEMENT_3D('',#2377,#930,#931);
#830=AXIS2_PLACEMENT_3D('',#2432,#932,#933);
#831=AXIS2_PLACEMENT_3D('',#2475,#934,#935);
#832=AXIS2_PLACEMENT_3D('',#2476,#936,#937);
#833=AXIS2_PLACEMENT_3D('',#2729,#938,#939);
#834=AXIS2_PLACEMENT_3D('',#2865,#940,#941);
#835=AXIS2_PLACEMENT_3D('',#2866,#942,#943);
#836=AXIS2_PLACEMENT_3D('',#3616,#944,#945);
#837=AXIS2_PLACEMENT_3D('',#3619,#946,#947);
#838=AXIS2_PLACEMENT_3D('',#3623,#949,#950);
#839=AXIS2_PLACEMENT_3D('',#3627,#952,#953);
#840=AXIS2_PLACEMENT_3D('',#3631,#955,#956);
#841=AXIS2_PLACEMENT_3D('',#3633,#958,#959);
#842=AXIS2_PLACEMENT_3D('',#3639,#963,#964);
#843=AXIS2_PLACEMENT_3D('',#3645,#968,#969);
#844=AXIS2_PLACEMENT_3D('',#3646,#970,#971);
#845=AXIS2_PLACEMENT_3D('',#3647,#972,#973);
#846=AXIS2_PLACEMENT_3D('',#3653,#977,#978);
#847=AXIS2_PLACEMENT_3D('',#3659,#982,#983);
#848=AXIS2_PLACEMENT_3D('',#3660,#984,#985);
#849=AXIS2_PLACEMENT_3D('',#3661,#986,#987);
#850=AXIS2_PLACEMENT_3D('',#3662,#988,#989);
#851=AXIS2_PLACEMENT_3D('',#3663,#990,#991);
#852=AXIS2_PLACEMENT_3D('',#3664,#992,#993);
#853=AXIS2_PLACEMENT_3D('',#3665,#994,#995);
#854=DIRECTION('axis',(0.,0.,1.));
#855=DIRECTION('refdir',(1.,0.,0.));
#856=DIRECTION('center_axis',(-1.,0.,0.));
#857=DIRECTION('ref_axis',(0.,1.,0.));
#858=DIRECTION('center_axis',(1.,-8.35364992297999E-13,-8.35364992298005E-13));
#859=DIRECTION('ref_axis',(8.35364992298041E-13,4.30211422042228E-14,1.));
#860=DIRECTION('',(0.,0.,1.));
#861=DIRECTION('center_axis',(1.,-1.09892934815675E-12,1.09892934815676E-12));
#862=DIRECTION('ref_axis',(1.09892934815682E-12,1.,-6.40691203794061E-14));
#863=DIRECTION('',(0.,1.,0.));
#864=DIRECTION('center_axis',(1.,0.,0.));
#865=DIRECTION('ref_axis',(0.,-4.6259292692715E-16,-1.));
#866=DIRECTION('',(0.,0.,1.));
#867=DIRECTION('center_axis',(1.,0.,0.));
#868=DIRECTION('ref_axis',(0.,-1.,-2.7755575615629E-15));
#869=DIRECTION('',(0.,1.,0.));
#870=DIRECTION('center_axis',(0.,0.,-1.));
#871=DIRECTION('ref_axis',(1.,0.,0.));
#872=DIRECTION('',(-0.991227900682635,-0.132163720091018,0.));
#873=DIRECTION('',(0.991227900682635,-0.132163720091018,0.));
#874=DIRECTION('center_axis',(0.,0.,1.));
#875=DIRECTION('ref_axis',(-1.,0.,0.));
#876=DIRECTION('',(-0.991227900682635,-0.132163720091018,0.));
#877=DIRECTION('',(0.991227900682635,-0.132163720091018,0.));
#878=DIRECTION('center_axis',(0.,-1.,0.));
#879=DIRECTION('ref_axis',(0.,0.,1.));
#880=DIRECTION('',(-0.991227900682635,0.,0.132163720091018));
#881=DIRECTION('',(-0.991227900682635,0.,-0.132163720091017));
#882=DIRECTION('center_axis',(0.,1.,0.));
#883=DIRECTION('ref_axis',(0.,0.,-1.));
#884=DIRECTION('',(0.991227900682635,0.,-0.132163720091018));
#885=DIRECTION('',(0.991227900682635,0.,0.132163720091017));
#886=DIRECTION('center_axis',(1.,0.,0.));
#887=DIRECTION('ref_axis',(0.,-1.,0.));
#888=DIRECTION('center_axis',(0.999999999643443,2.62789059859256E-5,-4.74690181476679E-6));
#889=DIRECTION('ref_axis',(2.62789581414735E-5,-0.999999999594345,1.09875535909883E-5));
#890=DIRECTION('center_axis',(0.999999999643443,2.62789059859256E-5,-4.74690181476679E-6));
#891=DIRECTION('ref_axis',(2.62789581414735E-5,-0.999999999594345,1.09875535909883E-5));
#892=DIRECTION('center_axis',(-0.999983001591199,0.00576551204292682,-0.000869137238133489));
#893=DIRECTION('ref_axis',(0.00582741231462534,0.983290914621913,-0.181947845515458));
#894=DIRECTION('center_axis',(-0.999999997822875,-6.57931224389309E-5,5.05135117013863E-6));
#895=DIRECTION('ref_axis',(-5.0542468609865E-6,4.40119671471425E-5,-0.999999999018701));
#896=DIRECTION('center_axis',(-0.999999999141118,2.93064673182986E-5,2.93068978070335E-5));
#897=DIRECTION('ref_axis',(2.9307111448915E-5,0.999999999329017,2.19786179165693E-5));
#898=DIRECTION('center_axis',(-0.999999999141118,2.93064673182986E-5,2.93068978070335E-5));
#899=DIRECTION('ref_axis',(2.9307111448915E-5,0.999999999329017,2.19786179165693E-5));
#900=DIRECTION('center_axis',(1.,0.,0.));
#901=DIRECTION('ref_axis',(0.,-1.,0.));
#902=DIRECTION('',(0.,1.,0.));
#903=DIRECTION('center_axis',(1.,0.,0.));
#904=DIRECTION('ref_axis',(0.,-1.,-2.7755575615629E-15));
#905=DIRECTION('',(0.,0.,1.));
#906=DIRECTION('center_axis',(1.,0.,0.));
#907=DIRECTION('ref_axis',(0.,-4.6259292692715E-16,-1.));
#908=DIRECTION('',(0.,1.,0.));
#909=DIRECTION('center_axis',(1.,1.09892934815675E-12,-1.09892934815676E-12));
#910=DIRECTION('ref_axis',(-1.09892934815682E-12,1.,-6.40691203794061E-14));
#911=DIRECTION('',(0.,0.,1.));
#912=DIRECTION('center_axis',(1.,8.35364992297999E-13,8.35364992298005E-13));
#913=DIRECTION('ref_axis',(-8.35364992298041E-13,4.30211422042228E-14,1.));
#914=DIRECTION('center_axis',(0.,0.,-1.));
#915=DIRECTION('ref_axis',(1.,0.,0.));
#916=DIRECTION('',(-0.991227900682635,-0.132163720091018,-1.13863400499406E-16));
#917=DIRECTION('',(0.991227900682635,-0.132163720091018,-2.09943336857049E-16));
#918=DIRECTION('center_axis',(0.,0.,1.));
#919=DIRECTION('ref_axis',(-1.,0.,0.));
#920=DIRECTION('',(-0.991227900682635,-0.132163720091018,0.));
#921=DIRECTION('',(0.991227900682635,-0.132163720091018,0.));
#922=DIRECTION('center_axis',(0.,-1.,0.));
#923=DIRECTION('ref_axis',(0.,0.,1.));
#924=DIRECTION('',(0.991227900682635,0.,-0.132163720091017));
#925=DIRECTION('',(0.991227900682635,0.,0.132163720091018));
#926=DIRECTION('center_axis',(0.,1.,0.));
#927=DIRECTION('ref_axis',(0.,0.,-1.));
#928=DIRECTION('',(-0.991227900682635,0.,0.132163720091017));
#929=DIRECTION('',(-0.991227900682635,0.,-0.132163720091018));
#930=DIRECTION('center_axis',(-1.,0.,0.));
#931=DIRECTION('ref_axis',(0.,1.,0.));
#932=DIRECTION('center_axis',(0.999999997951959,1.09776831322917E-13,6.40006379769844E-5));
#933=DIRECTION('ref_axis',(2.70210539867701E-5,-0.90650282076944,-0.422199757469033));
#934=DIRECTION('center_axis',(1.,2.03462750852864E-14,-2.03462750852865E-14));
#935=DIRECTION('ref_axis',(2.03463164392888E-14,-0.999999999997935,2.03251181130849E-6));
#936=DIRECTION('center_axis',(1.,2.03462750852864E-14,-2.03462750852865E-14));
#937=DIRECTION('ref_axis',(2.03463164392888E-14,-0.999999999997935,2.03251181130849E-6));
#938=DIRECTION('center_axis',(-0.999983001591199,-0.00576551204292667,0.000869137238133474));
#939=DIRECTION('ref_axis',(-0.00582741231462543,0.983290914621913,-0.181947845515458));
#940=DIRECTION('center_axis',(-0.999999999141118,-2.93064673182985E-5,-2.93068978070335E-5));
#941=DIRECTION('ref_axis',(-2.93071114489149E-5,0.999999999329017,2.19786179171713E-5));
#942=DIRECTION('center_axis',(-0.999999999141118,-2.93064673182985E-5,-2.93068978070335E-5));
#943=DIRECTION('ref_axis',(-2.93071114489149E-5,0.999999999329017,2.19786179171713E-5));
#944=DIRECTION('center_axis',(-1.,0.,0.));
#945=DIRECTION('ref_axis',(0.,1.,0.));
#946=DIRECTION('center_axis',(-1.,1.78687698887264E-14,-1.78687698887264E-14));
#947=DIRECTION('ref_axis',(-1.78687698887264E-14,-9.25185853854313E-16,
1.));
#948=DIRECTION('',(0.,1.,0.));
#949=DIRECTION('center_axis',(-1.,6.7007887082724E-14,6.70078870827242E-14));
#950=DIRECTION('ref_axis',(6.70078870827243E-14,1.,3.70074341541715E-15));
#951=DIRECTION('',(0.,0.,1.));
#952=DIRECTION('center_axis',(1.,6.70078870827234E-14,-6.70078870827239E-14));
#953=DIRECTION('ref_axis',(-6.70078870827237E-14,1.,-4.16333634234429E-15));
#954=DIRECTION('',(0.,1.,0.));
#955=DIRECTION('center_axis',(1.,9.511945229805E-14,9.69698240057579E-14));
#956=DIRECTION('ref_axis',(9.69698240057584E-14,-4.62592926927142E-15,-1.));
#957=DIRECTION('',(0.,0.,-1.));
#958=DIRECTION('center_axis',(0.,-1.,0.));
#959=DIRECTION('ref_axis',(0.,0.,1.));
#960=DIRECTION('',(1.,0.,0.));
#961=DIRECTION('',(1.,0.,-3.13369402111939E-16));
#962=DIRECTION('',(0.,0.,-1.));
#963=DIRECTION('center_axis',(0.,0.,1.));
#964=DIRECTION('ref_axis',(-1.,0.,0.));
#965=DIRECTION('',(0.,1.,0.));
#966=DIRECTION('',(1.,0.,0.));
#967=DIRECTION('',(1.,-3.13369402111939E-16,0.));
#968=DIRECTION('center_axis',(-1.,0.,0.));
#969=DIRECTION('ref_axis',(0.,-0.707106781186549,0.707106781186546));
#970=DIRECTION('center_axis',(-1.,4.91391171939987E-14,-4.91391171939979E-14));
#971=DIRECTION('ref_axis',(-4.91391171939989E-14,-1.94289029309402E-14,
1.));
#972=DIRECTION('center_axis',(0.,1.,0.));
#973=DIRECTION('ref_axis',(0.,0.,-1.));
#974=DIRECTION('',(1.,0.,0.));
#975=DIRECTION('',(1.,0.,0.));
#976=DIRECTION('',(0.,0.,1.));
#977=DIRECTION('center_axis',(0.,0.,-1.));
#978=DIRECTION('ref_axis',(1.,0.,0.));
#979=DIRECTION('',(1.,-3.13369402111939E-16,0.));
#980=DIRECTION('',(1.,3.13369402111939E-16,0.));
#981=DIRECTION('',(0.,1.,0.));
#982=DIRECTION('center_axis',(-1.,9.00846739519728E-19,-1.60994567208795E-17));
#983=DIRECTION('ref_axis',(-1.07470401824291E-17,0.707106781186547,0.707106781186548));
#984=DIRECTION('center_axis',(-1.,0.,0.));
#985=DIRECTION('ref_axis',(0.,1.,3.70074341541717E-15));
#986=DIRECTION('center_axis',(-1.,0.,-1.21112526376446E-17));
#987=DIRECTION('ref_axis',(0.,1.,0.));
#988=DIRECTION('center_axis',(1.,1.02203465534705E-13,-1.07754580657831E-13));
#989=DIRECTION('ref_axis',(-1.02203465534706E-13,1.,-8.32667268468855E-15));
#990=DIRECTION('center_axis',(-1.,1.30854261891846E-17,1.07006921761989E-33));
#991=DIRECTION('ref_axis',(-1.07006921761989E-33,1.40023117644836E-50,-1.));
#992=DIRECTION('center_axis',(1.,6.569947692107E-14,6.3849105213361E-14));
#993=DIRECTION('ref_axis',(6.38491052133615E-14,-7.40148683083447E-15,-1.));
#994=DIRECTION('center_axis',(1.,0.,0.));
#995=DIRECTION('ref_axis',(0.,-1.,0.));
#996=CARTESIAN_POINT('',(0.,0.,0.));
#997=CARTESIAN_POINT('Origin',(1.55,-1.27000170214007,1.3963946891329));
#998=CARTESIAN_POINT('',(1.55,1.26999829785993,3.6363946891329));
#999=CARTESIAN_POINT('',(1.55,0.969998297859928,3.9363946891329));
#1000=CARTESIAN_POINT('Origin',(1.54999999999975,0.969998297859915,3.63639468913289));
#1001=CARTESIAN_POINT('',(1.55,1.26999829785993,1.6963946891329));
#1002=CARTESIAN_POINT('',(1.55,1.26999829785993,1.6963946891329));
#1003=CARTESIAN_POINT('',(1.55,0.969998297859928,1.3963946891329));
#1004=CARTESIAN_POINT('Origin',(1.54999999999967,0.969998297859911,1.69639468913292));
#1005=CARTESIAN_POINT('',(1.55,-0.970001702140071,1.3963946891329));
#1006=CARTESIAN_POINT('',(1.55,-0.970001702140071,1.3963946891329));
#1007=CARTESIAN_POINT('',(1.55,-1.27000170214007,1.6963946891329));
#1008=CARTESIAN_POINT('Origin',(1.55,-0.970001702140071,1.6963946891329));
#1009=CARTESIAN_POINT('',(1.55,-1.27000170214007,3.6363946891329));
#1010=CARTESIAN_POINT('',(1.55,-1.27000170214007,1.6963946891329));
#1011=CARTESIAN_POINT('',(1.55,-0.970001702140071,3.9363946891329));
#1012=CARTESIAN_POINT('Origin',(1.55,-0.970001702140071,3.6363946891329));
#1013=CARTESIAN_POINT('',(1.55,-0.970001702140071,3.9363946891329));
#1014=CARTESIAN_POINT('Origin',(3.05,-1.27000170214007,1.3963946891329));
#1015=CARTESIAN_POINT('',(2.75815846138146,0.808915802473766,1.3963946891329));
#1016=CARTESIAN_POINT('',(2.7580743195795,-0.808925433579446,1.39639466836555));
#1017=CARTESIAN_POINT('Ctrl Pts',(2.75815846138146,0.808915802473766,1.3963946891329));
#1018=CARTESIAN_POINT('Ctrl Pts',(2.7735122245301,0.765209132699346,1.3963946891329));
#1019=CARTESIAN_POINT('Ctrl Pts',(2.78784686831208,0.720792288297474,1.3963946891329));
#1020=CARTESIAN_POINT('Ctrl Pts',(2.80103023714809,0.675657127853541,1.3963946891329));
#1021=CARTESIAN_POINT('Ctrl Pts',(2.86352685598656,0.461690959299383,1.3963946891329));
#1022=CARTESIAN_POINT('Ctrl Pts',(2.90015088655081,0.231582238307085,1.3963946891329));
#1023=CARTESIAN_POINT('Ctrl Pts',(2.90020512898719,0.0002038735016055,1.3963946891329));
#1024=CARTESIAN_POINT('Ctrl Pts',(2.90023054343252,-0.108204841112474,1.3963946891329));
#1025=CARTESIAN_POINT('Ctrl Pts',(2.89223258164059,-0.216892273584896,1.39639468915356));
#1026=CARTESIAN_POINT('Ctrl Pts',(2.87724982601012,-0.323351246918583,1.39639468938173));
#1027=CARTESIAN_POINT('Ctrl Pts',(2.86226707037966,-0.429810220252274,1.39639468960991));
#1028=CARTESIAN_POINT('Ctrl Pts',(2.84029939692966,-0.534040734447227,1.39639468994115));
#1029=CARTESIAN_POINT('Ctrl Pts',(2.81252465960205,-0.635019440671867,1.39639469023951));
#1030=CARTESIAN_POINT('Ctrl Pts',(2.79627051486412,-0.694113519116736,1.39639469041411));
#1031=CARTESIAN_POINT('Ctrl Pts',(2.77802759844233,-0.752093936036775,1.39639469058083));
#1032=CARTESIAN_POINT('Ctrl Pts',(2.75807444726323,-0.808925109054837,1.39639469073335));
#1033=CARTESIAN_POINT('',(2.7580744472634,-0.808925109171618,1.3963946891329));
#1034=CARTESIAN_POINT('',(1.55,0.96999829785993,1.3963946891329));
#1035=CARTESIAN_POINT('Origin',(3.05,-1.27000170214007,3.9363946891329));
#1036=CARTESIAN_POINT('',(2.75804596396071,-0.808928420434132,3.93639468909439));
#1037=CARTESIAN_POINT('',(2.75805231487676,-0.808928060156503,3.9363946891329));
#1038=CARTESIAN_POINT('',(2.75816041513532,0.808910241894155,3.9363946891329));
#1039=CARTESIAN_POINT('Ctrl Pts',(2.75816041479825,0.808910241775632,3.9363946891329));
#1040=CARTESIAN_POINT('Ctrl Pts',(2.77351343962391,0.765205367455059,3.9363946891329));
#1041=CARTESIAN_POINT('Ctrl Pts',(2.85580194180618,0.510227945143333,3.9363946891329));
#1042=CARTESIAN_POINT('Ctrl Pts',(2.91731093167127,0.123765350009107,3.9363946891329));
#1043=CARTESIAN_POINT('Ctrl Pts',(2.88422471363403,-0.325584366019954,3.9363946891329));
#1044=CARTESIAN_POINT('Ctrl Pts',(2.82742145454063,-0.595041551447435,3.9363946891329));
#1045=CARTESIAN_POINT('Ctrl Pts',(2.77799854246756,-0.752096910230902,3.9363946891329));
#1046=CARTESIAN_POINT('Ctrl Pts',(2.75804307121468,-0.808927404674683,3.9363946891329));
#1047=CARTESIAN_POINT('',(1.55,0.96999829785993,3.9363946891329));
#1048=CARTESIAN_POINT('Origin',(3.05,-1.27000170214007,1.3963946891329));
#1049=CARTESIAN_POINT('',(2.75804943077053,-1.27000186884814,3.47532046693745));
#1050=CARTESIAN_POINT('',(2.75805231487676,-1.27000170214007,3.47532104714933));
#1051=CARTESIAN_POINT('',(2.75815663915329,-1.27000193203467,1.85747613568066));
#1052=CARTESIAN_POINT('',(2.75811871194122,-1.27000170214007,1.85747718405839));
#1053=CARTESIAN_POINT('Ctrl Pts',(2.75815793323624,-1.27000170214007,1.85747568108002));
#1054=CARTESIAN_POINT('Ctrl Pts',(2.77351189505845,-1.27000170214007,1.90118283359214));
#1055=CARTESIAN_POINT('Ctrl Pts',(2.85580152558459,-1.27000170214007,2.15616242671836));
#1056=CARTESIAN_POINT('Ctrl Pts',(2.91731093167127,-1.27000170214007,2.54262763698372));
#1057=CARTESIAN_POINT('Ctrl Pts',(2.88422471363403,-1.27000170214007,2.99197735301278));
#1058=CARTESIAN_POINT('Ctrl Pts',(2.82742159941925,-1.27000170214007,3.26143385118065));
#1059=CARTESIAN_POINT('Ctrl Pts',(2.77799895361587,-1.27000170214007,3.41848859068209));
#1060=CARTESIAN_POINT('Ctrl Pts',(2.75804374574269,-1.27000170214007,3.47531847070027));
#1061=CARTESIAN_POINT('Origin',(1.55,1.26999829785993,1.3963946891329));
#1062=CARTESIAN_POINT('',(2.75815989405066,1.26999829053921,3.47530800449752));
#1063=CARTESIAN_POINT('',(1.55,1.26999829785993,3.6363946891329));
#1064=CARTESIAN_POINT('',(2.75807444423397,1.26999834056532,1.85747128035128));
#1065=CARTESIAN_POINT('Ctrl Pts',(2.75815992874235,1.26999829785993,3.47530801668433));
#1066=CARTESIAN_POINT('Ctrl Pts',(2.77351282557517,1.26999829785993,3.43160358292763));
#1067=CARTESIAN_POINT('Ctrl Pts',(2.78784670597317,1.26999829785993,3.38718904626703));
#1068=CARTESIAN_POINT('Ctrl Pts',(2.80102943467181,1.26999829785993,3.34205626651381));
#1069=CARTESIAN_POINT('Ctrl Pts',(2.86352665235156,1.26999829785993,3.12808894417781));
#1070=CARTESIAN_POINT('Ctrl Pts',(2.90015104433459,1.26999829800062,2.89797869806742));
#1071=CARTESIAN_POINT('Ctrl Pts',(2.90021162272858,1.26999829771919,2.66659878888285));
#1072=CARTESIAN_POINT('Ctrl Pts',(2.90024000554657,1.26999829758733,2.55819027200915));
#1073=CARTESIAN_POINT('Ctrl Pts',(2.89224068090182,1.26999829734878,2.44950303778657));
#1074=CARTESIAN_POINT('Ctrl Pts',(2.87725646888637,1.26999829711532,2.34304425863888));
#1075=CARTESIAN_POINT('Ctrl Pts',(2.86227225687093,1.26999829688186,2.23658547949119));
#1076=CARTESIAN_POINT('Ctrl Pts',(2.84030315748478,1.26999829666584,2.1323551554184));
#1077=CARTESIAN_POINT('Ctrl Pts',(2.81252703871789,1.26999829650243,2.0313766333853));
#1078=CARTESIAN_POINT('Ctrl Pts',(2.79627208554337,1.26999829640679,1.97228266273176));
#1079=CARTESIAN_POINT('Ctrl Pts',(2.77802837592403,1.26999829632678,1.91430235157197));
#1080=CARTESIAN_POINT('Ctrl Pts',(2.75807444726323,1.26999829625948,1.85747128221814));
#1081=CARTESIAN_POINT('',(1.55,1.26999829785993,1.6963946891329));
#1082=CARTESIAN_POINT('Origin',(3.05,1.26999829785993,1.3963946891329));
#1083=CARTESIAN_POINT('',(3.05000124621173,0.931768590000587,3.59816498127354));
#1084=CARTESIAN_POINT('',(3.05000283094541,-0.931744018660903,3.59813700581626));
#1085=CARTESIAN_POINT('Ctrl Pts',(3.04999998550343,0.93176862236139,3.59816506110959));
#1086=CARTESIAN_POINT('Ctrl Pts',(3.04999998548389,0.849109002419385,3.63167037458856));
#1087=CARTESIAN_POINT('Ctrl Pts',(3.04999998534312,0.763775269696476,3.66177475125757));
#1088=CARTESIAN_POINT('Ctrl Pts',(3.04999998430858,0.461723587739708,3.74999435087063));
#1089=CARTESIAN_POINT('Ctrl Pts',(3.04999998199027,0.231596195877798,3.78661957710001));
#1090=CARTESIAN_POINT('Ctrl Pts',(3.04999998077191,-0.108209523118946,3.78670088667805));
#1091=CARTESIAN_POINT('Ctrl Pts',(3.04999998080356,-0.21689673120386,3.77870016343652));
#1092=CARTESIAN_POINT('Ctrl Pts',(3.04999998115259,-0.429814422898637,3.74873124440609));
#1093=CARTESIAN_POINT('Ctrl Pts',(3.04999998142546,-0.534044791618813,3.72676312264682));
#1094=CARTESIAN_POINT('Ctrl Pts',(3.04999998163393,-0.737329583298786,3.67084973006421));
#1095=CARTESIAN_POINT('Ctrl Pts',(3.04999998160972,-0.836297853726305,3.63675085533823));
#1096=CARTESIAN_POINT('Ctrl Pts',(3.04999998144226,-0.931744071711269,3.5981371369473));
#1097=CARTESIAN_POINT('',(3.05000266684603,-0.93179099184667,1.73467137494308));
#1098=CARTESIAN_POINT('Ctrl Pts',(3.05,-0.931791114185405,1.73467132535755));
#1099=CARTESIAN_POINT('Ctrl Pts',(3.05,-0.965286531383662,1.81731211761036));
#1100=CARTESIAN_POINT('Ctrl Pts',(3.05,-1.06852689123903,2.10996954601639));
#1101=CARTESIAN_POINT('Ctrl Pts',(3.05,-1.13738355329025,2.5426134451251));
#1102=CARTESIAN_POINT('Ctrl Pts',(3.05,-1.1043011096834,2.99200317039492));
#1103=CARTESIAN_POINT('Ctrl Pts',(3.05,-1.03810380801157,3.30606327760371));
#1104=CARTESIAN_POINT('Ctrl Pts',(3.05,-0.970350515482145,3.50270741132525));
#1105=CARTESIAN_POINT('Ctrl Pts',(3.05,-0.931744149881244,3.59813705890186));
#1106=CARTESIAN_POINT('',(3.05000266322412,0.931721611840469,1.73460539913775));
#1107=CARTESIAN_POINT('Ctrl Pts',(3.04999998550182,0.931721661354194,1.73460527697821));
#1108=CARTESIAN_POINT('Ctrl Pts',(3.04999998548337,0.849081563863739,1.70110957909961));
#1109=CARTESIAN_POINT('Ctrl Pts',(3.04999998534646,0.76376868863056,1.67101333026277));
#1110=CARTESIAN_POINT('Ctrl Pts',(3.04999998433201,0.461737815628241,1.58279775424929));
#1111=CARTESIAN_POINT('Ctrl Pts',(3.04999998083884,0.123791420188931,1.52901090304541));
#1112=CARTESIAN_POINT('Ctrl Pts',(3.0499999808127,-0.216893248589656,1.55408874361165));
#1113=CARTESIAN_POINT('Ctrl Pts',(3.04999998115363,-0.429814487665191,1.58405814572566));
#1114=CARTESIAN_POINT('Ctrl Pts',(3.04999998142098,-0.534044859082151,1.60602626311219));
#1115=CARTESIAN_POINT('Ctrl Pts',(3.0499999816347,-0.737346400042583,1.6619442752622));
#1116=CARTESIAN_POINT('Ctrl Pts',(3.04999998161167,-0.836330358210509,1.69604973000278));
#1117=CARTESIAN_POINT('Ctrl Pts',(3.04999998144433,-0.931791042126375,1.73467125066688));
#1118=CARTESIAN_POINT('Ctrl Pts',(3.04999998550343,0.93176866983663,3.59816501363489));
#1119=CARTESIAN_POINT('Ctrl Pts',(3.04999998531925,0.965274264111038,3.51550608848526));
#1120=CARTESIAN_POINT('Ctrl Pts',(3.04999998500371,0.995378930660289,3.43017307302824));
#1121=CARTESIAN_POINT('Ctrl Pts',(3.04999998333633,1.08359997412335,3.1281224995638));
#1122=CARTESIAN_POINT('Ctrl Pts',(3.04999998038391,1.12022605398441,2.8979953957886));
#1123=CARTESIAN_POINT('Ctrl Pts',(3.04999997914324,1.12030780082482,2.55818892704037));
#1124=CARTESIAN_POINT('Ctrl Pts',(3.04999997929312,1.11230693190196,2.44950061567573));
#1125=CARTESIAN_POINT('Ctrl Pts',(3.0499999800103,1.08233737579959,2.23658189895959));
#1126=CARTESIAN_POINT('Ctrl Pts',(3.04999998051706,1.06036888338588,2.13235152244776));
#1127=CARTESIAN_POINT('Ctrl Pts',(3.04999998119207,1.00444992732719,1.92904996544466));
#1128=CARTESIAN_POINT('Ctrl Pts',(3.04999998139664,0.97034389542226,1.83006600618067));
#1129=CARTESIAN_POINT('Ctrl Pts',(3.04999998144433,0.931721736196178,1.73460534882502));
#1130=CARTESIAN_POINT('Ctrl Pts',(13.15,-1.27000170214007,3.24306135579956));
#1131=CARTESIAN_POINT('Ctrl Pts',(13.15,-1.27000170214007,1.3963946891329));
#1132=CARTESIAN_POINT('Ctrl Pts',(13.15,0.576664964526592,1.3963946891329));
#1133=CARTESIAN_POINT('Ctrl Pts',(-0.670000000000001,-1.27000170214007,
1.4003946891329));
#1134=CARTESIAN_POINT('Ctrl Pts',(-0.670000000000002,-1.27000170214007,
1.3963946891329));
#1135=CARTESIAN_POINT('Ctrl Pts',(-0.670000000000002,-1.26600170214007,
1.3963946891329));
#1136=CARTESIAN_POINT('',(2.75811844692397,-1.22689156801403,1.66281883707883));
#1137=CARTESIAN_POINT('Ctrl Pts',(2.75811844692397,-1.22689156801403,1.66281883707883));
#1138=CARTESIAN_POINT('Ctrl Pts',(2.75811718400199,-1.21769767339785,1.64308587792545));
#1139=CARTESIAN_POINT('Ctrl Pts',(2.75811594685585,-1.2069958412211,1.62375566225366));
#1140=CARTESIAN_POINT('Ctrl Pts',(2.75811307040153,-1.17761045351145,1.5788115115751));
#1141=CARTESIAN_POINT('Ctrl Pts',(2.75811147920523,-1.15746046585717,1.55394931720433));
#1142=CARTESIAN_POINT('Ctrl Pts',(2.75810859838483,-1.11244848006786,1.50893694724565));
#1143=CARTESIAN_POINT('Ctrl Pts',(2.75810730876035,-1.08758649693618,1.48878676576728));
#1144=CARTESIAN_POINT('Ctrl Pts',(2.75810510287703,-1.03487169573787,1.4543201824717));
#1145=CARTESIAN_POINT('Ctrl Pts',(2.75810418661815,-1.00701888095374,1.44000378023033));
#1146=CARTESIAN_POINT('Ctrl Pts',(2.75810274843789,-0.950266102955573,1.41753243765949));
#1147=CARTESIAN_POINT('Ctrl Pts',(2.75810277542241,-0.921366270290672,1.40937757137921));
#1148=CARTESIAN_POINT('Ctrl Pts',(2.75810318627523,-0.86427521493711,1.39880700145175));
#1149=CARTESIAN_POINT('Ctrl Pts',(2.75810352553467,-0.836083998041254,1.39639137042299));
#1150=CARTESIAN_POINT('Ctrl Pts',(2.75807444570095,-0.808926339146782,1.39639460286259));
#1151=CARTESIAN_POINT('',(2.75832771659362,-1.26882396711011,1.82454305380404));
#1152=CARTESIAN_POINT('Ctrl Pts',(2.75832773401805,-1.26882585826776,1.82454291827043));
#1153=CARTESIAN_POINT('Ctrl Pts',(2.75819766421225,-1.2687589774377,1.82359176379768));
#1154=CARTESIAN_POINT('Ctrl Pts',(2.75812867894101,-1.2686882357378,1.82269250938538));
#1155=CARTESIAN_POINT('Ctrl Pts',(2.75812760601712,-1.26738708346635,1.80592824077877));
#1156=CARTESIAN_POINT('Ctrl Pts',(2.75812657445015,-1.2653094329416,1.78981016759108));
#1157=CARTESIAN_POINT('Ctrl Pts',(2.75812370861442,-1.25701872001887,1.74503193073382));
#1158=CARTESIAN_POINT('Ctrl Pts',(2.75812185904841,-1.24886404323959,1.71613275001936));
#1159=CARTESIAN_POINT('Ctrl Pts',(2.75811950748533,-1.2343159059212,1.67938994324843));
#1160=CARTESIAN_POINT('Ctrl Pts',(2.75811897495175,-1.23073553612422,1.67106918895602));
#1161=CARTESIAN_POINT('Ctrl Pts',(2.75811844692397,-1.22689156801403,1.66281883707883));
#1162=CARTESIAN_POINT('',(2.76279687982449,-1.26996567249422,1.85233301751066));
#1163=CARTESIAN_POINT('Ctrl Pts',(2.7627968798245,-1.26996567249422,1.85233301751066));
#1164=CARTESIAN_POINT('Ctrl Pts',(2.76296088081147,-1.2699575523347,1.85170480209239));
#1165=CARTESIAN_POINT('Ctrl Pts',(2.76307902978245,-1.26994732220877,1.8510111135799));
#1166=CARTESIAN_POINT('Ctrl Pts',(2.7631471979344,-1.26993425715177,1.85025579881391));
#1167=CARTESIAN_POINT('Ctrl Pts',(2.7632484749713,-1.26991484647064,1.84913363194797));
#1168=CARTESIAN_POINT('Ctrl Pts',(2.76323836033984,-1.26988924749129,1.84787506427563));
#1169=CARTESIAN_POINT('Ctrl Pts',(2.76311264655361,-1.26985409935524,1.84646875834686));
#1170=CARTESIAN_POINT('Ctrl Pts',(2.76297432394582,-1.26981542593696,1.84492140296718));
#1171=CARTESIAN_POINT('Ctrl Pts',(2.76269622878242,-1.26976474649949,1.84319697499467));
#1172=CARTESIAN_POINT('Ctrl Pts',(2.76234133966299,-1.26970261632165,1.84142533427535));
#1173=CARTESIAN_POINT('Ctrl Pts',(2.76208519854633,-1.26965777388422,1.84014665311179));
#1174=CARTESIAN_POINT('Ctrl Pts',(2.76178816044005,-1.26960711795537,1.83883918143664));
#1175=CARTESIAN_POINT('Ctrl Pts',(2.76145138008292,-1.26954855455253,1.83747467659868));
#1176=CARTESIAN_POINT('Ctrl Pts',(2.76122491866032,-1.26950917472754,1.83655714177156));
#1177=CARTESIAN_POINT('Ctrl Pts',(2.76098088952326,-1.26946621360007,1.8356147101138));
#1178=CARTESIAN_POINT('Ctrl Pts',(2.76072513593938,-1.2694194369446,1.83465122571909));
#1179=CARTESIAN_POINT('Ctrl Pts',(2.7604380273077,-1.26936692553365,1.83356961942442));
#1180=CARTESIAN_POINT('Ctrl Pts',(2.76013791944849,-1.26930970979996,1.83246667286871));
#1181=CARTESIAN_POINT('Ctrl Pts',(2.75985746889722,-1.26925163023793,1.83141310181314));
#1182=CARTESIAN_POINT('Ctrl Pts',(2.75956926966651,-1.26919194597266,1.83033042122531));
#1183=CARTESIAN_POINT('Ctrl Pts',(2.75930183186271,-1.26913146994443,1.829299820637));
#1184=CARTESIAN_POINT('Ctrl Pts',(2.75907318262122,-1.26907257014653,1.82834378727206));
#1185=CARTESIAN_POINT('Ctrl Pts',(2.75879089252193,-1.26899985252153,1.82716346954275));
#1186=CARTESIAN_POINT('Ctrl Pts',(2.75856746581282,-1.26892965624313,1.82609600292543));
#1187=CARTESIAN_POINT('Ctrl Pts',(2.75841015151075,-1.26886100506923,1.82510156496483));
#1188=CARTESIAN_POINT('Ctrl Pts',(2.75838033656252,-1.26884799397508,1.824913094394));
#1189=CARTESIAN_POINT('Ctrl Pts',(2.75835285004375,-1.26883502480816,1.82472710362179));
#1190=CARTESIAN_POINT('Ctrl Pts',(2.7583276991692,-1.26882207595247,1.82454318933765));
#1191=CARTESIAN_POINT('Ctrl Pts',(2.75815468182267,-1.27000170199812,1.85747053865609));
#1192=CARTESIAN_POINT('Ctrl Pts',(2.75860503433104,-1.27000169660013,1.85731304649096));
#1193=CARTESIAN_POINT('Ctrl Pts',(2.75904925258152,-1.27000153727187,1.85711369803864));
#1194=CARTESIAN_POINT('Ctrl Pts',(2.75947028675956,-1.27000104215588,1.85687710450622));
#1195=CARTESIAN_POINT('Ctrl Pts',(2.75964321941528,-1.27000083879538,1.85677992772101));
#1196=CARTESIAN_POINT('Ctrl Pts',(2.75981252930733,-1.27000057852823,1.85667598368269));
#1197=CARTESIAN_POINT('Ctrl Pts',(2.7599783861914,-1.27000023912135,1.85656330241388));
#1198=CARTESIAN_POINT('Ctrl Pts',(2.7604941227934,-1.26999918372621,1.85621291686909));
#1199=CARTESIAN_POINT('Ctrl Pts',(2.76097963373492,-1.26999737425864,1.85577313949198));
#1200=CARTESIAN_POINT('Ctrl Pts',(2.76140687093921,-1.2699939112682,1.85523395652116));
#1201=CARTESIAN_POINT('Ctrl Pts',(2.76143247681086,-1.26999370371865,1.85520164133463));
#1202=CARTESIAN_POINT('Ctrl Pts',(2.76145786520402,-1.26999349019311,1.85516898205814));
#1203=CARTESIAN_POINT('Ctrl Pts',(2.76148302713785,-1.26999327049483,1.85513598139545));
#1204=CARTESIAN_POINT('Ctrl Pts',(2.76192005756049,-1.26998945461829,1.8545628023361));
#1205=CARTESIAN_POINT('Ctrl Pts',(2.7622872553242,-1.26998384982801,1.85388722538127));
#1206=CARTESIAN_POINT('Ctrl Pts',(2.76256840778497,-1.26997477966159,1.85308467819533));
#1207=CARTESIAN_POINT('Ctrl Pts',(2.76265221742723,-1.26997207590648,1.85284544432068));
#1208=CARTESIAN_POINT('Ctrl Pts',(2.76272851582881,-1.26996905739055,1.85259488974272));
#1209=CARTESIAN_POINT('Ctrl Pts',(2.7627968796509,-1.26996567250281,1.85233301817562));
#1210=CARTESIAN_POINT('Ctrl Pts',(13.15,-1.27000170214007,2.08972802246624));
#1211=CARTESIAN_POINT('Ctrl Pts',(-0.670000000000003,-1.27000170214007,
3.9323946891329));
#1212=CARTESIAN_POINT('Ctrl Pts',(13.15,-1.27000170214007,3.9363946891329));
#1213=CARTESIAN_POINT('Ctrl Pts',(-0.670000000000003,-1.27000170214007,
3.9363946891329));
#1214=CARTESIAN_POINT('Ctrl Pts',(13.15,0.576664964526592,3.9363946891329));
#1215=CARTESIAN_POINT('Ctrl Pts',(-0.670000000000002,-1.26600170214007,
3.9363946891329));
#1216=CARTESIAN_POINT('',(2.75804729216869,-1.00381690011013,3.89318140721745));
#1217=CARTESIAN_POINT('Origin',(2.75804018716035,-0.808928087562426,3.47532074070971));
#1218=CARTESIAN_POINT('Origin',(2.75804018716035,-0.808928087562426,3.47532074070971));
#1219=CARTESIAN_POINT('Ctrl Pts',(2.71169031016146,-1.27000170214007,1.73467127088181));
#1220=CARTESIAN_POINT('Ctrl Pts',(2.74519904482048,-1.27000170214007,1.81733157287214));
#1221=CARTESIAN_POINT('Ctrl Pts',(2.84845264357069,-1.27000170214007,2.10998934186817));
#1222=CARTESIAN_POINT('Ctrl Pts',(2.91731091769151,-1.27000170214007,2.54262763698372));
#1223=CARTESIAN_POINT('Ctrl Pts',(2.88422469616839,-1.27000170214007,2.99197735301278));
#1224=CARTESIAN_POINT('Ctrl Pts',(2.8180185428155,-1.27000170214007,3.30603894288692));
#1225=CARTESIAN_POINT('Ctrl Pts',(2.75025078046324,-1.27000170214007,3.50269131455772));
#1226=CARTESIAN_POINT('Ctrl Pts',(2.7116303237842,-1.27000170214007,3.59813711441326));
#1227=CARTESIAN_POINT('Ctrl Pts',(3.04990097032772,-1.27000173777304,1.73467127088181));
#1228=CARTESIAN_POINT('Ctrl Pts',(3.04991077897084,-1.27000173424368,1.81733157287214));
#1229=CARTESIAN_POINT('Ctrl Pts',(3.04994100326046,-1.27000172336834,2.10998934186817));
#1230=CARTESIAN_POINT('Ctrl Pts',(3.04996115938523,-1.27000171611574,2.54262763698372));
#1231=CARTESIAN_POINT('Ctrl Pts',(3.04995147441973,-1.2700017196006,2.99197735301278));
#1232=CARTESIAN_POINT('Ctrl Pts',(3.04993209462109,-1.27000172657386,3.30603894288692));
#1233=CARTESIAN_POINT('Ctrl Pts',(3.04991225770982,-1.2700017337116,3.50269131455772));
#1234=CARTESIAN_POINT('Ctrl Pts',(3.04990095276857,-1.27000173777935,3.59813711441326));
#1235=CARTESIAN_POINT('Ctrl Pts',(3.04999998550183,-0.931791092100716,1.73467127088181));
#1236=CARTESIAN_POINT('Ctrl Pts',(3.04999998693783,-0.965290013151673,1.81733157287214));
#1237=CARTESIAN_POINT('Ctrl Pts',(3.04999999136274,-1.06851337231332,2.10998934186817));
#1238=CARTESIAN_POINT('Ctrl Pts',(3.04999999431364,-1.13735148010671,2.54262763698372));
#1239=CARTESIAN_POINT('Ctrl Pts',(3.04999999289574,-1.10427494845144,2.99197735301278));
#1240=CARTESIAN_POINT('Ctrl Pts',(3.04999999005849,-1.03808818470687,3.30603894288692));
#1241=CARTESIAN_POINT('Ctrl Pts',(3.04999998715432,-0.970340269306938,3.50269131455772));
#1242=CARTESIAN_POINT('Ctrl Pts',(3.04999998549925,-0.931731123291495,3.59813711441326));
#1243=CARTESIAN_POINT('',(3.0448694830148,-0.998164013566178,1.74981433849224));
#1244=CARTESIAN_POINT('Ctrl Pts',(3.05000534297223,-0.931790903295462,1.73467145975903));
#1245=CARTESIAN_POINT('Ctrl Pts',(3.05039131165486,-0.946052731851204,1.73798389636083));
#1246=CARTESIAN_POINT('Ctrl Pts',(3.04975827334257,-0.960574374716536,1.74126844404331));
#1247=CARTESIAN_POINT('Ctrl Pts',(3.0481680869669,-0.975136486396229,1.74457655966126));
#1248=CARTESIAN_POINT('Ctrl Pts',(3.04800732534688,-0.976608658904025,1.74491099720524));
#1249=CARTESIAN_POINT('Ctrl Pts',(3.04783681646026,-0.978081236815587,1.74524565789969));
#1250=CARTESIAN_POINT('Ctrl Pts',(3.04765664307977,-0.979553989190538,1.74558058102023));
#1251=CARTESIAN_POINT('Ctrl Pts',(3.04690105155505,-0.985730257901931,1.74698514517186));
#1252=CARTESIAN_POINT('Ctrl Pts',(3.04597508472334,-0.991911629853289,1.74839128427518));
#1253=CARTESIAN_POINT('Ctrl Pts',(3.04488331365522,-0.998085848570402,1.74979654795099));
#1254=CARTESIAN_POINT('Ctrl Pts',(3.04487870643323,-0.998111903479793,1.74980247809688));
#1255=CARTESIAN_POINT('Ctrl Pts',(3.04487409625802,-0.998137958261911,1.749808408228));
#1256=CARTESIAN_POINT('Ctrl Pts',(3.04486948312995,-0.998164012915838,1.74981433834422));
#1257=CARTESIAN_POINT('Ctrl Pts',(3.05000567116573,-0.931743927097009,3.59813691409332));
#1258=CARTESIAN_POINT('Ctrl Pts',(3.05040114347825,-0.946376482672638,3.59473704277355));
#1259=CARTESIAN_POINT('Ctrl Pts',(3.04972348733098,-0.9612829551208,3.59136623768467));
#1260=CARTESIAN_POINT('Ctrl Pts',(3.04804035395211,-0.976225859851901,3.58796972329796));
#1261=CARTESIAN_POINT('Ctrl Pts',(3.04791763910219,-0.977315325686583,3.5877220882867));
#1262=CARTESIAN_POINT('Ctrl Pts',(3.04778959903833,-0.978404983883619,3.58747431448165));
#1263=CARTESIAN_POINT('Ctrl Pts',(3.04765626755417,-0.979494741669522,3.58722637972643));
#1264=CARTESIAN_POINT('Ctrl Pts',(3.04690051394489,-0.985671740186627,3.58582102833994));
#1265=CARTESIAN_POINT('Ctrl Pts',(3.04597432303762,-0.991853890537359,3.58441413597453));
#1266=CARTESIAN_POINT('Ctrl Pts',(3.04488226641911,-0.998028933658316,3.58300818547497));
#1267=CARTESIAN_POINT('Ctrl Pts',(3.04487698321855,-0.998058807559309,3.58300138370449));
#1268=CARTESIAN_POINT('Ctrl Pts',(3.04487169613516,-0.998088681294061,3.58299458195618));
#1269=CARTESIAN_POINT('Ctrl Pts',(3.04486640516947,-0.998118554861201,3.58298778023035));
#1270=CARTESIAN_POINT('Ctrl Pts',(3.04231312509494,-1.01253474808773,3.5797054472739));
#1271=CARTESIAN_POINT('Ctrl Pts',(3.038860916135,-1.02689260249857,3.5764129466698));
#1272=CARTESIAN_POINT('Ctrl Pts',(3.03457767796819,-1.04102786966238,3.57311220095106));
#1273=CARTESIAN_POINT('Ctrl Pts',(3.03225290408937,-1.0486999389223,3.5713206854834));
#1274=CARTESIAN_POINT('Ctrl Pts',(3.02968309922494,-1.05630678274001,3.56952709650973));
#1275=CARTESIAN_POINT('Ctrl Pts',(3.02687775151019,-1.06382260820539,3.56773313641843));
#1276=CARTESIAN_POINT('Ctrl Pts',(3.02462285471614,-1.06986371699821,3.5662911779627));
#1277=CARTESIAN_POINT('Ctrl Pts',(3.02221575770165,-1.07584601264267,3.56484898160765));
#1278=CARTESIAN_POINT('Ctrl Pts',(3.01966105259371,-1.0817559090396,3.56340746704294));
#1279=CARTESIAN_POINT('Ctrl Pts',(3.01398233357664,-1.0948927055152,3.56020320047356));
#1280=CARTESIAN_POINT('Ctrl Pts',(3.00757391873955,-1.10767242688537,3.55700267151709));
#1281=CARTESIAN_POINT('Ctrl Pts',(3.00048964169888,-1.11993579267269,3.5538060928197));
#1282=CARTESIAN_POINT('Ctrl Pts',(2.99948458834119,-1.12167560844928,3.55335259105312));
#1283=CARTESIAN_POINT('Ctrl Pts',(2.99846592169894,-1.12340504246864,3.55289916432426));
#1284=CARTESIAN_POINT('Ctrl Pts',(2.99743382824564,-1.12512359151075,3.55244578491407));
#1285=CARTESIAN_POINT('Ctrl Pts',(2.99122552947243,-1.13546109135209,3.54971859501952));
#1286=CARTESIAN_POINT('Ctrl Pts',(2.98453114018723,-1.14540452227124,3.54699315454533));
#1287=CARTESIAN_POINT('Ctrl Pts',(2.97739326760042,-1.15484571559649,3.54426317969352));
#1288=CARTESIAN_POINT('Ctrl Pts',(2.97124547350348,-1.16297734191612,3.54191187360411));
#1289=CARTESIAN_POINT('Ctrl Pts',(2.96476864022392,-1.17073595976974,3.53955689904332));
#1290=CARTESIAN_POINT('Ctrl Pts',(2.95800157983369,-1.17804683897993,3.53719194114829));
#1291=CARTESIAN_POINT('Ctrl Pts',(2.95799540830637,-1.17805350646747,3.53718978431778));
#1292=CARTESIAN_POINT('Ctrl Pts',(2.95798923653792,-1.1780601735831,3.53718762747893));
#1293=CARTESIAN_POINT('Ctrl Pts',(2.95798306452842,-1.17806684032682,3.53718547063173));
#1294=CARTESIAN_POINT('Ctrl Pts',(2.94868755867151,-1.18810745276001,3.53393709815707));
#1295=CARTESIAN_POINT('Ctrl Pts',(2.93877358961968,-1.19737068018514,3.5306727164651));
#1296=CARTESIAN_POINT('Ctrl Pts',(2.92846332848521,-1.20579899291429,3.52740518033201));
#1297=CARTESIAN_POINT('Ctrl Pts',(2.92258568815965,-1.21060377817891,3.52554243390003));
#1298=CARTESIAN_POINT('Ctrl Pts',(2.91657966518823,-1.21513813897513,3.52367876930452));
#1299=CARTESIAN_POINT('Ctrl Pts',(2.9104823629988,-1.21940009482824,3.5218152919308));
#1300=CARTESIAN_POINT('Ctrl Pts',(2.90580855376607,-1.22266704273353,3.52038686711541));
#1301=CARTESIAN_POINT('Ctrl Pts',(2.90108112539407,-1.22577395845342,3.51895855241938));
#1302=CARTESIAN_POINT('Ctrl Pts',(2.89631686324854,-1.2287204873853,3.51753084848473));
#1303=CARTESIAN_POINT('Ctrl Pts',(2.88526964370354,-1.23555280496393,3.51422033400642));
#1304=CARTESIAN_POINT('Ctrl Pts',(2.87402433239694,-1.24152358953811,3.5109133008387));
#1305=CARTESIAN_POINT('Ctrl Pts',(2.86275838866672,-1.24664665806239,3.50760764098489));
#1306=CARTESIAN_POINT('Ctrl Pts',(2.86135921554621,-1.24728291721168,3.50719709478266));
#1307=CARTESIAN_POINT('Ctrl Pts',(2.85995971856692,-1.24790609700307,3.50678655696318));
#1308=CARTESIAN_POINT('Ctrl Pts',(2.8585601853613,-1.24851623881038,3.50637601010028));
#1309=CARTESIAN_POINT('Ctrl Pts',(2.84847289609341,-1.25291390288869,3.50341694850208));
#1310=CARTESIAN_POINT('Ctrl Pts',(2.83838369500568,-1.25663523051284,3.50045741785601));
#1311=CARTESIAN_POINT('Ctrl Pts',(2.82839984022859,-1.25968879214733,3.49749085763441));
#1312=CARTESIAN_POINT('Ctrl Pts',(2.8209888613401,-1.26195543978124,3.49528879083111));
#1313=CARTESIAN_POINT('Ctrl Pts',(2.81363517044842,-1.26385424221131,3.49308288556946));
#1314=CARTESIAN_POINT('Ctrl Pts',(2.80637836945596,-1.26538475534407,3.49087209511769));
#1315=CARTESIAN_POINT('Ctrl Pts',(2.80637504610171,-1.26538545626412,3.49087108265506));
#1316=CARTESIAN_POINT('Ctrl Pts',(2.80637172277179,-1.26538615710601,3.49087007019242));
#1317=CARTESIAN_POINT('Ctrl Pts',(2.80636839946618,-1.26538685786973,3.49086905772978));
#1318=CARTESIAN_POINT('Ctrl Pts',(2.7958408518113,-1.26760673300797,3.48766178461476));
#1319=CARTESIAN_POINT('Ctrl Pts',(2.78555730560032,-1.26904217119589,3.48445450231592));
#1320=CARTESIAN_POINT('Ctrl Pts',(2.77568613690753,-1.26969205075865,3.48123807998134));
#1321=CARTESIAN_POINT('Ctrl Pts',(2.76963832961518,-1.27009021499646,3.47926746200735));
#1322=CARTESIAN_POINT('Ctrl Pts',(2.76374535319697,-1.2701932511986,3.47729355244176));
#1323=CARTESIAN_POINT('Ctrl Pts',(2.75805230369562,-1.27000203527897,3.47532104699402));
#1324=CARTESIAN_POINT('Ctrl Pts',(3.0448694830148,-0.998164013566178,1.74981433849224));
#1325=CARTESIAN_POINT('Ctrl Pts',(3.04231719839961,-1.01257915456632,1.75309526717763));
#1326=CARTESIAN_POINT('Ctrl Pts',(3.03886620324692,-1.02693579066492,1.75638670315092));
#1327=CARTESIAN_POINT('Ctrl Pts',(3.03458430053551,-1.04106977363074,1.75968625785467));
#1328=CARTESIAN_POINT('Ctrl Pts',(3.03225931912912,-1.04874422347433,1.76147784534571));
#1329=CARTESIAN_POINT('Ctrl Pts',(3.02968913758326,-1.05635341154353,1.7632715704303));
#1330=CARTESIAN_POINT('Ctrl Pts',(3.02688327367561,-1.06387142102524,1.7650655720123));
#1331=CARTESIAN_POINT('Ctrl Pts',(3.02463003101441,-1.06990874152581,1.76650624092279));
#1332=CARTESIAN_POINT('Ctrl Pts',(3.02222477544608,-1.07588726337596,1.76794708804423));
#1333=CARTESIAN_POINT('Ctrl Pts',(3.01967210477407,-1.08179346676815,1.76938737227297));
#1334=CARTESIAN_POINT('Ctrl Pts',(3.01399504169903,-1.09492868611277,1.77259052123466));
#1335=CARTESIAN_POINT('Ctrl Pts',(3.00758851943804,-1.10770674442812,1.77579015093224));
#1336=CARTESIAN_POINT('Ctrl Pts',(3.00050633900949,-1.11996841860278,1.77898588893552));
#1337=CARTESIAN_POINT('Ctrl Pts',(2.99950041931573,-1.12171000929724,1.779439796574));
#1338=CARTESIAN_POINT('Ctrl Pts',(2.99848085807768,-1.12344119099859,1.77989361731152));
#1339=CARTESIAN_POINT('Ctrl Pts',(2.99744784291486,-1.12516146062739,1.78034738846804));
#1340=CARTESIAN_POINT('Ctrl Pts',(2.99124241412805,-1.13549529798026,1.78307323867686));
#1341=CARTESIAN_POINT('Ctrl Pts',(2.984551238808,-1.14543522625863,1.78579757201561));
#1342=CARTESIAN_POINT('Ctrl Pts',(2.97741691978045,-1.15487309556303,1.78852641646734));
#1343=CARTESIAN_POINT('Ctrl Pts',(2.97127045642803,-1.16300414739577,1.79087741063402));
#1344=CARTESIAN_POINT('Ctrl Pts',(2.96479502042481,-1.17076213383794,1.79323213671899));
#1345=CARTESIAN_POINT('Ctrl Pts',(2.95802944424589,-1.17807232177255,1.79559696289456));
#1346=CARTESIAN_POINT('Ctrl Pts',(2.95802206452759,-1.17808029553949,1.79559954238676));
#1347=CARTESIAN_POINT('Ctrl Pts',(2.95801468446449,-1.1780882687742,1.79560212189041));
#1348=CARTESIAN_POINT('Ctrl Pts',(2.95800730405668,-1.17809624147669,1.79560470140552));
#1349=CARTESIAN_POINT('Ctrl Pts',(2.94910752675115,-1.187710246354,1.79871524903561));
#1350=CARTESIAN_POINT('Ctrl Pts',(2.93961851948657,-1.1966326734799,1.80184122826554));
#1351=CARTESIAN_POINT('Ctrl Pts',(2.92974367585087,-1.20479371343487,1.80497096982471));
#1352=CARTESIAN_POINT('Ctrl Pts',(2.92347765824171,-1.20997224809865,1.80695692691379));
#1353=CARTESIAN_POINT('Ctrl Pts',(2.91705690757091,-1.21484526102885,1.80894421934937));
#1354=CARTESIAN_POINT('Ctrl Pts',(2.91053015232384,-1.21940677773975,1.81093133212921));
#1355=CARTESIAN_POINT('Ctrl Pts',(2.90674928866538,-1.22204920450572,1.812082440484));
#1356=CARTESIAN_POINT('Ctrl Pts',(2.90293287850293,-1.22458715777226,1.81323348574909));
#1357=CARTESIAN_POINT('Ctrl Pts',(2.89909053528268,-1.22701996164033,1.81438413875228));
#1358=CARTESIAN_POINT('Ctrl Pts',(2.88854051408685,-1.23369977416675,1.81754351647488));
#1359=CARTESIAN_POINT('Ctrl Pts',(2.87779496565631,-1.23958680975512,1.82069994726024));
#1360=CARTESIAN_POINT('Ctrl Pts',(2.86702689147989,-1.24468906191666,1.82385322498817));
#1361=CARTESIAN_POINT('Ctrl Pts',(2.86422914630629,-1.24601472155881,1.82467250496338));
#1362=CARTESIAN_POINT('Ctrl Pts',(2.86142984129927,-1.24728743863965,1.82549150857504));
#1363=CARTESIAN_POINT('Ctrl Pts',(2.85863161622037,-1.24850757173743,1.82631048276464));
#1364=CARTESIAN_POINT('Ctrl Pts',(2.85041976558501,-1.25208825251603,1.82871389690382));
#1365=CARTESIAN_POINT('Ctrl Pts',(2.84221733549217,-1.25521630741677,1.83111734246497));
#1366=CARTESIAN_POINT('Ctrl Pts',(2.83408963216148,-1.25789825074184,1.83352472475575));
#1367=CARTESIAN_POINT('Ctrl Pts',(2.82475082426365,-1.26097982895484,1.83629082974699));
#1368=CARTESIAN_POINT('Ctrl Pts',(2.81551052226614,-1.26347296384932,1.83906402035494));
#1369=CARTESIAN_POINT('Ctrl Pts',(2.80645378923835,-1.26538447146477,1.84184386441687));
#1370=CARTESIAN_POINT('Ctrl Pts',(2.8047807946325,-1.26573757251344,1.84235736791823));
#1371=CARTESIAN_POINT('Ctrl Pts',(2.80311407010538,-1.26607080476625,1.84287108706645));
#1372=CARTESIAN_POINT('Ctrl Pts',(2.80145417323438,-1.26638419118615,1.84338498818055));
#1373=CARTESIAN_POINT('Ctrl Pts',(2.79244664629379,-1.26808480082604,1.84617370247411));
#1374=CARTESIAN_POINT('Ctrl Pts',(2.78363695851124,-1.26920214973611,1.84896495649764));
#1375=CARTESIAN_POINT('Ctrl Pts',(2.77511831377626,-1.26973400615523,1.85176251793157));
#1376=CARTESIAN_POINT('Ctrl Pts',(2.77325577404455,-1.26985029269411,1.85237418439786));
#1377=CARTESIAN_POINT('Ctrl Pts',(2.77140716907188,-1.26993855414491,1.85298594982566));
#1378=CARTESIAN_POINT('Ctrl Pts',(2.76957347638704,-1.26999871130809,1.85359755656108));
#1379=CARTESIAN_POINT('Ctrl Pts',(2.7669904364892,-1.27008345198132,1.85445909928984));
#1380=CARTESIAN_POINT('Ctrl Pts',(2.76443725194084,-1.27011241503478,1.85532089974819));
#1381=CARTESIAN_POINT('Ctrl Pts',(2.76191732501363,-1.27008536889167,1.8561827910634));
#1382=CARTESIAN_POINT('Ctrl Pts',(2.76107734937122,-1.27007635351064,1.85647008816847));
#1383=CARTESIAN_POINT('Ctrl Pts',(2.76024107400492,-1.27006111504287,1.85675739362899));
#1384=CARTESIAN_POINT('Ctrl Pts',(2.75940864007776,-1.27003964635764,1.85704469435019));
#1385=CARTESIAN_POINT('Ctrl Pts',(2.75918665769718,-1.27003392137491,1.85712130787585));
#1386=CARTESIAN_POINT('Ctrl Pts',(2.75896494852852,-1.27002775336153,1.85719792104015));
#1387=CARTESIAN_POINT('Ctrl Pts',(2.75874351533525,-1.27002114220769,1.85727453351748));
#1388=CARTESIAN_POINT('Ctrl Pts',(2.75862922723551,-1.27001772999925,1.85731407544126));
#1389=CARTESIAN_POINT('Ctrl Pts',(2.75851501265479,-1.27001419973664,1.85735361718643));
#1390=CARTESIAN_POINT('Ctrl Pts',(2.75840087196534,-1.27001055143988,1.85739315866904));
#1391=CARTESIAN_POINT('Ctrl Pts',(2.75834289574213,-1.27000869833676,1.85741324323164));
#1392=CARTESIAN_POINT('Ctrl Pts',(2.7582849385818,-1.27000681472129,1.85743332772314));
#1393=CARTESIAN_POINT('Ctrl Pts',(2.75822700052612,-1.27000490088042,1.85745341210839));
#1394=CARTESIAN_POINT('Ctrl Pts',(2.75820414098366,-1.27000414577177,1.85746133643122));
#1395=CARTESIAN_POINT('Ctrl Pts',(2.75818038610507,-1.27000335391139,1.85747246285205));
#1396=CARTESIAN_POINT('Ctrl Pts',(2.75815843084464,-1.27000262187578,1.85747718511954));
#1397=CARTESIAN_POINT('Ctrl Pts',(-0.670000000000001,1.26999829785993,1.4003946891329));
#1398=CARTESIAN_POINT('Ctrl Pts',(-0.670000000000002,1.26999829785993,1.3963946891329));
#1399=CARTESIAN_POINT('Ctrl Pts',(-0.670000000000002,1.26599829785993,1.3963946891329));
#1400=CARTESIAN_POINT('Ctrl Pts',(13.15,1.26999829785993,3.24306135579956));
#1401=CARTESIAN_POINT('Ctrl Pts',(13.15,1.26999829785993,1.3963946891329));
#1402=CARTESIAN_POINT('Ctrl Pts',(13.15,-0.576668368806734,1.3963946891329));
#1403=CARTESIAN_POINT('',(2.7581029808489,1.26230070057742,1.77357564865945));
#1404=CARTESIAN_POINT('Origin',(2.75541568584401,0.808858826114375,1.8574803923094));
#1405=CARTESIAN_POINT('Origin',(2.75813323568619,0.808896165646603,1.85750114212439));
#1406=CARTESIAN_POINT('Ctrl Pts',(2.71167131682962,1.26999829785993,3.59816504741815));
#1407=CARTESIAN_POINT('Ctrl Pts',(2.74518767877827,1.26999829785993,3.515490111318));
#1408=CARTESIAN_POINT('Ctrl Pts',(2.84844981133459,1.26999829785993,3.22281796482813));
#1409=CARTESIAN_POINT('Ctrl Pts',(2.91731093167127,1.26999829785993,2.79016174128208));
#1410=CARTESIAN_POINT('Ctrl Pts',(2.88422471363403,1.26999829785993,2.34081202525302));
#1411=CARTESIAN_POINT('Ctrl Pts',(2.8180149159664,1.26999829785993,2.02673311478227));
#1412=CARTESIAN_POINT('Ctrl Pts',(2.75023962405093,1.26999829785993,1.83006559830107));
#1413=CARTESIAN_POINT('Ctrl Pts',(2.71161135552761,1.26999829785993,1.7346052991705));
#1414=CARTESIAN_POINT('Ctrl Pts',(3.04990122413742,1.26999829785993,3.59816504741816));
#1415=CARTESIAN_POINT('Ctrl Pts',(3.04991100931889,1.26999829785993,3.51549011131801));
#1416=CARTESIAN_POINT('Ctrl Pts',(3.04994115694374,1.26999829785993,3.22281796482813));
#1417=CARTESIAN_POINT('Ctrl Pts',(3.04996126111136,1.26999829785993,2.79016174128208));
#1418=CARTESIAN_POINT('Ctrl Pts',(3.04995160151143,1.26999829785993,2.34081202525302));
#1419=CARTESIAN_POINT('Ctrl Pts',(3.04993227140376,1.26999829785993,2.02673311478227));
#1420=CARTESIAN_POINT('Ctrl Pts',(3.04991248424632,1.26999829785993,1.83006559830107));
#1421=CARTESIAN_POINT('Ctrl Pts',(3.04990120663158,1.26999829785993,1.7346052991705));
#1422=CARTESIAN_POINT('Ctrl Pts',(3.04999998557687,0.931768404971052,3.59816504741816));
#1423=CARTESIAN_POINT('Ctrl Pts',(3.04999998700569,0.965274980309822,3.51549011131801));
#1424=CARTESIAN_POINT('Ctrl Pts',(3.04999999140781,1.06850696084048,3.22281796482813));
#1425=CARTESIAN_POINT('Ctrl Pts',(3.04999999434339,1.13734797407479,2.79016174128208));
#1426=CARTESIAN_POINT('Ctrl Pts',(3.04999999293291,1.10427141704755,2.34081202525302));
#1427=CARTESIAN_POINT('Ctrl Pts',(3.04999999011035,1.03808095230932,2.02673311478227));
#1428=CARTESIAN_POINT('Ctrl Pts',(3.04999998722105,0.970325450439753,1.83006559830107));
#1429=CARTESIAN_POINT('Ctrl Pts',(3.04999998557431,0.93170846117744,1.7346052991705));
#1430=CARTESIAN_POINT('Ctrl Pts',(2.75815949905773,1.26999826739891,3.47530924276538));
#1431=CARTESIAN_POINT('Ctrl Pts',(2.76735550559505,1.2703076394499,3.47850402676759));
#1432=CARTESIAN_POINT('Ctrl Pts',(2.77707940372934,1.2698477784127,3.48169998277452));
#1433=CARTESIAN_POINT('Ctrl Pts',(2.78714526618547,1.26861535009921,3.48488599437755));
#1434=CARTESIAN_POINT('Ctrl Pts',(2.79345574809854,1.26784271719117,3.48688336605666));
#1435=CARTESIAN_POINT('Ctrl Pts',(2.79990169582277,1.26676681556637,3.48887804809513));
#1436=CARTESIAN_POINT('Ctrl Pts',(2.80644235114019,1.26538780791141,3.49087302062738));
#1437=CARTESIAN_POINT('Ctrl Pts',(2.81761272712066,1.26303268701935,3.49428010939362));
#1438=CARTESIAN_POINT('Ctrl Pts',(2.82901379240689,1.25980537756219,3.49767500659064));
#1439=CARTESIAN_POINT('Ctrl Pts',(2.84049876431665,1.25570322568619,3.50106308986722));
#1440=CARTESIAN_POINT('Ctrl Pts',(2.84652560394954,1.25355058554909,3.50284101625061));
#1441=CARTESIAN_POINT('Ctrl Pts',(2.85257577545979,1.25115642742681,3.50461735349507));
#1442=CARTESIAN_POINT('Ctrl Pts',(2.85862484132274,1.24851883487954,3.50639341530407));
#1443=CARTESIAN_POINT('Ctrl Pts',(2.86386654793408,1.24623327763709,3.507932428953));
#1444=CARTESIAN_POINT('Ctrl Pts',(2.86910743547239,1.24376491339842,3.50947123574962));
#1445=CARTESIAN_POINT('Ctrl Pts',(2.87433143563842,1.24111177826696,3.51101067589155));
#1446=CARTESIAN_POINT('Ctrl Pts',(2.88547928869869,1.23545007082929,3.51429579303393));
#1447=CARTESIAN_POINT('Ctrl Pts',(2.89655078335919,1.22894646626324,3.51758386078709));
#1448=CARTESIAN_POINT('Ctrl Pts',(2.90736179273626,1.22159185115355,3.52087380922178));
#1449=CARTESIAN_POINT('Ctrl Pts',(2.91812159340594,1.21427207278482,3.52414817409707));
#1450=CARTESIAN_POINT('Ctrl Pts',(2.92862295577849,1.20610750128182,3.52742443441009));
#1451=CARTESIAN_POINT('Ctrl Pts',(2.93865535572104,1.19711919257305,3.53069387831464));
#1452=CARTESIAN_POINT('Ctrl Pts',(2.94533463735387,1.19113503667691,3.5328705794775));
#1453=CARTESIAN_POINT('Ctrl Pts',(2.95180533880037,1.18478637243694,3.53504397629747));
#1454=CARTESIAN_POINT('Ctrl Pts',(2.95800105058018,1.17809348421618,3.53721011392048));
#1455=CARTESIAN_POINT('Ctrl Pts',(2.96714789881321,1.1682126448596,3.54040802447437));
#1456=CARTESIAN_POINT('Ctrl Pts',(2.97576309423722,1.15751384335909,3.54358764321929));
#1457=CARTESIAN_POINT('Ctrl Pts',(2.98375613495607,1.14617976617783,3.54676407354418));
#1458=CARTESIAN_POINT('Ctrl Pts',(2.98854656520808,1.1393869687785,3.548667788095));
#1459=CARTESIAN_POINT('Ctrl Pts',(2.99311420182442,1.13236604539712,3.55057048234081));
#1460=CARTESIAN_POINT('Ctrl Pts',(2.99744558981458,1.12515285386314,3.55247378742474));
#1461=CARTESIAN_POINT('Ctrl Pts',(3.0003918161527,1.12024641395807,3.55376842267342));
#1462=CARTESIAN_POINT('Ctrl Pts',(3.00322874457786,1.11525102398475,3.55506333878478));
#1463=CARTESIAN_POINT('Ctrl Pts',(3.00595228566028,1.11017802313865,3.55635903138208));
#1464=CARTESIAN_POINT('Ctrl Pts',(3.01272077804067,1.09757069814021,3.5595790619257));
#1465=CARTESIAN_POINT('Ctrl Pts',(3.01878954206883,1.08448371699462,3.56280406588828));
#1466=CARTESIAN_POINT('Ctrl Pts',(3.02410520265448,1.07107599807995,3.5660307676192));
#1467=CARTESIAN_POINT('Ctrl Pts',(3.02505502019901,1.06868026824505,3.56660732397858));
#1468=CARTESIAN_POINT('Ctrl Pts',(3.02598080184255,1.06627426753806,3.56718390110923));
#1469=CARTESIAN_POINT('Ctrl Pts',(3.02688225020658,1.06385885935276,3.56776044130165));
#1470=CARTESIAN_POINT('Ctrl Pts',(3.03112605527097,1.05248769057778,3.5704746557659));
#1471=CARTESIAN_POINT('Ctrl Pts',(3.03483091436307,1.04090817935277,3.57318801832047));
#1472=CARTESIAN_POINT('Ctrl Pts',(3.03796328989062,1.02920915271282,3.57589475477244));
#1473=CARTESIAN_POINT('Ctrl Pts',(3.0407161981429,1.01892738837855,3.57827358740277));
#1474=CARTESIAN_POINT('Ctrl Pts',(3.04302679241108,1.00855298802583,3.5806473907732));
#1475=CARTESIAN_POINT('Ctrl Pts',(3.04486901837914,0.998148369792108,3.58301616381861));
#1476=CARTESIAN_POINT('Ctrl Pts',(3.04770849053506,0.982111453431206,3.58666721706765));
#1477=CARTESIAN_POINT('Ctrl Pts',(3.04943140643374,0.966019860450734,3.59031874212189));
#1478=CARTESIAN_POINT('Ctrl Pts',(3.04994957811405,0.950112803449955,3.59394901307359));
#1479=CARTESIAN_POINT('Ctrl Pts',(3.05014992267771,0.943962539907876,3.59535261168275));
#1480=CARTESIAN_POINT('Ctrl Pts',(3.05016955281539,0.937840881129528,3.59675409837545));
#1481=CARTESIAN_POINT('Ctrl Pts',(3.05000501486208,0.931768478625278,3.59816486990065));
#1482=CARTESIAN_POINT('Ctrl Pts',(2.7580744443102,1.26999838397969,1.85747128222565));
#1483=CARTESIAN_POINT('Ctrl Pts',(2.76722208683446,1.27030660464287,1.85429155762792));
#1484=CARTESIAN_POINT('Ctrl Pts',(2.77689694540336,1.26985137751349,1.85111199131166));
#1485=CARTESIAN_POINT('Ctrl Pts',(2.78691252995281,1.26863141318681,1.84794273299032));
#1486=CARTESIAN_POINT('Ctrl Pts',(2.79327373765893,1.2678565760879,1.84592983894934));
#1487=CARTESIAN_POINT('Ctrl Pts',(2.79977351703191,1.26677356727649,1.84391986886462));
#1488=CARTESIAN_POINT('Ctrl Pts',(2.80636933735202,1.2653825887739,1.84190956540028));
#1489=CARTESIAN_POINT('Ctrl Pts',(2.81754478454879,1.26302582251085,1.83850346288005));
#1490=CARTESIAN_POINT('Ctrl Pts',(2.82895073977547,1.25979670361779,1.83510943393457));
#1491=CARTESIAN_POINT('Ctrl Pts',(2.8404403544488,1.25569260710757,1.83172205305254));
#1492=CARTESIAN_POINT('Ctrl Pts',(2.84646397431428,1.25354096686796,1.82994616279397));
#1493=CARTESIAN_POINT('Ctrl Pts',(2.85251081567306,1.2511482233541,1.8281718123495));
#1494=CARTESIAN_POINT('Ctrl Pts',(2.85855649889084,1.24851247024974,1.82639769766187));
#1495=CARTESIAN_POINT('Ctrl Pts',(2.8638059394654,1.24622385723576,1.8248572415563));
#1496=CARTESIAN_POINT('Ctrl Pts',(2.86905451805908,1.2437520127453,1.82331696320968));
#1497=CARTESIAN_POINT('Ctrl Pts',(2.87428611401529,1.24109497285982,1.82177602207966));
#1498=CARTESIAN_POINT('Ctrl Pts',(2.88543805557209,1.23543108869044,1.81849127196357));
#1499=CARTESIAN_POINT('Ctrl Pts',(2.89651336467704,1.22892520733242,1.81520344505899));
#1500=CARTESIAN_POINT('Ctrl Pts',(2.90732789064116,1.22156828427268,1.81191359088453));
#1501=CARTESIAN_POINT('Ctrl Pts',(2.91809121274509,1.21424619425703,1.80863931328124));
#1502=CARTESIAN_POINT('Ctrl Pts',(2.92859580373501,1.20607927940403,1.80536299442632));
#1503=CARTESIAN_POINT('Ctrl Pts',(2.93863111438373,1.19708862731833,1.80209334235683));
#1504=CARTESIAN_POINT('Ctrl Pts',(2.94531039173477,1.19110465124135,1.79991713538348));
#1505=CARTESIAN_POINT('Ctrl Pts',(2.95178106903854,1.18475637880144,1.79774416416835));
#1506=CARTESIAN_POINT('Ctrl Pts',(2.95797678284645,1.1780640828946,1.79557837130332));
#1507=CARTESIAN_POINT('Ctrl Pts',(2.96712632914638,1.16818120690148,1.79238002762429));
#1508=CARTESIAN_POINT('Ctrl Pts',(2.97574395964308,1.15748035163482,1.78919979525204));
#1509=CARTESIAN_POINT('Ctrl Pts',(2.98373918937196,1.14614425292422,1.78602262173798));
#1510=CARTESIAN_POINT('Ctrl Pts',(2.98853062938744,1.13935067239892,1.78411858185075));
#1511=CARTESIAN_POINT('Ctrl Pts',(2.99309921602031,1.13232900626745,1.78221551607091));
#1512=CARTESIAN_POINT('Ctrl Pts',(2.99743150137937,1.12511511493726,1.78031180102057));
#1513=CARTESIAN_POINT('Ctrl Pts',(3.00037876166802,1.12020749374382,1.77901670078969));
#1514=CARTESIAN_POINT('Ctrl Pts',(3.0032166682434,1.11521091678243,1.77772130182102));
#1515=CARTESIAN_POINT('Ctrl Pts',(3.00594113208097,1.110136728403,1.77642511060043));
#1516=CARTESIAN_POINT('Ctrl Pts',(3.01271132017423,1.09752756498686,1.77320412515471));
#1517=CARTESIAN_POINT('Ctrl Pts',(3.01878156109726,1.08443882736455,1.76997806958711));
#1518=CARTESIAN_POINT('Ctrl Pts',(3.0240985014732,1.07102946267028,1.76675024056582));
#1519=CARTESIAN_POINT('Ctrl Pts',(3.02504873843456,1.06863295771446,1.76617336698362));
#1520=CARTESIAN_POINT('Ctrl Pts',(3.02597492350253,1.06622618137534,1.76559647020104));
#1521=CARTESIAN_POINT('Ctrl Pts',(3.02687675927588,1.06380999758971,1.76501960801728));
#1522=CARTESIAN_POINT('Ctrl Pts',(3.03112131768035,1.05243804551466,1.76230456243729));
#1523=CARTESIAN_POINT('Ctrl Pts',(3.03482684855723,1.04085785695935,1.75959031665806));
#1524=CARTESIAN_POINT('Ctrl Pts',(3.03795983805758,1.02915826128091,1.75688265002574));
#1525=CARTESIAN_POINT('Ctrl Pts',(3.04071269085984,1.01887821892995,1.75450351416348));
#1526=CARTESIAN_POINT('Ctrl Pts',(3.043023376167,1.00850566366323,1.75212936855579));
#1527=CARTESIAN_POINT('Ctrl Pts',(3.04486586467632,0.998102968686411,1.74976021810274));
#1528=CARTESIAN_POINT('Ctrl Pts',(3.04770560957936,0.982069761483848,1.74610875276685));
#1529=CARTESIAN_POINT('Ctrl Pts',(3.04942929668643,0.965982098424631,1.74245674765545));
#1530=CARTESIAN_POINT('Ctrl Pts',(3.04994872180717,0.950079035201565,1.73882600120348));
#1531=CARTESIAN_POINT('Ctrl Pts',(3.05014974756395,0.943924297604314,1.73742084476408));
#1532=CARTESIAN_POINT('Ctrl Pts',(3.05016977793036,0.937798227874927,1.73601781154374));
#1533=CARTESIAN_POINT('Ctrl Pts',(3.05000534296071,0.931721527098286,1.73460548816839));
#1534=CARTESIAN_POINT('Ctrl Pts',(-0.670000000000002,1.26999829785993,3.9323946891329));
#1535=CARTESIAN_POINT('Ctrl Pts',(13.15,1.26999829785993,2.08972802246624));
#1536=CARTESIAN_POINT('Ctrl Pts',(-0.670000000000002,1.26999829785993,3.9363946891329));
#1537=CARTESIAN_POINT('Ctrl Pts',(13.15,1.26999829785993,3.9363946891329));
#1538=CARTESIAN_POINT('Ctrl Pts',(-0.670000000000002,1.26599829785993,3.9363946891329));
#1539=CARTESIAN_POINT('Ctrl Pts',(13.15,-0.576668368806734,3.9363946891329));
#1540=CARTESIAN_POINT('',(2.75816485697941,1.00359648450512,3.89327700926502));
#1541=CARTESIAN_POINT('Origin',(2.75814690195433,0.808909492285795,3.47530588270527));
#1542=CARTESIAN_POINT('Origin',(2.75814690195433,0.808909492285795,3.47530588270527));
#1543=CARTESIAN_POINT('Ctrl Pts',(3.04999998557977,0.931721716111019,1.73460556576024));
#1544=CARTESIAN_POINT('Ctrl Pts',(3.04990123684823,0.931721716111019,1.3963946891329));
#1545=CARTESIAN_POINT('Ctrl Pts',(2.71169034580486,0.931721716111019,1.3963946891329));
#1546=CARTESIAN_POINT('Ctrl Pts',(3.04999998700805,0.849061414120691,1.70110661830441));
#1547=CARTESIAN_POINT('Ctrl Pts',(3.04991101909316,0.849061414120692,1.3963946891329));
#1548=CARTESIAN_POINT('Ctrl Pts',(2.74519907693349,0.849061414120691,1.3963946891329));
#1549=CARTESIAN_POINT('Ctrl Pts',(3.04999999140917,0.556403645124662,1.59788317777894));
#1550=CARTESIAN_POINT('Ctrl Pts',(3.04994116203955,0.556403645124662,1.3963946891329));
#1551=CARTESIAN_POINT('Ctrl Pts',(2.84845266480518,0.556403645124662,1.3963946891329));
#1552=CARTESIAN_POINT('Ctrl Pts',(3.04999999434421,0.123765350009107,1.52904501572523));
#1553=CARTESIAN_POINT('Ctrl Pts',(3.04996126391774,0.123765350009107,1.3963946891329));
#1554=CARTESIAN_POINT('Ctrl Pts',(2.91731093167127,0.123765350009107,1.3963946891329));
#1555=CARTESIAN_POINT('Ctrl Pts',(3.04999999293393,-0.325584366019953,1.56212157345245));
#1556=CARTESIAN_POINT('Ctrl Pts',(3.04995160501758,-0.325584366019954,1.3963946891329));
#1557=CARTESIAN_POINT('Ctrl Pts',(2.88422471363403,-0.325584366019954,1.3963946891329));
#1558=CARTESIAN_POINT('Ctrl Pts',(3.04999999011179,-0.639663276490703,1.62831203959142));
#1559=CARTESIAN_POINT('Ctrl Pts',(3.04993227631024,-0.639663276490703,1.3963946891329));
#1560=CARTESIAN_POINT('Ctrl Pts',(2.8180149159664,-0.639663276490703,1.3963946891329));
#1561=CARTESIAN_POINT('Ctrl Pts',(3.0499999872229,-0.8363307929719,1.69606754289486));
#1562=CARTESIAN_POINT('Ctrl Pts',(3.04991249058625,-0.8363307929719,1.3963946891329));
#1563=CARTESIAN_POINT('Ctrl Pts',(2.75023962405093,-0.8363307929719,1.3963946891329));
#1564=CARTESIAN_POINT('Ctrl Pts',(3.0499999855764,-0.931791092102475,1.7346845329744));
#1565=CARTESIAN_POINT('Ctrl Pts',(3.0499012137885,-0.931791092102475,1.3963946891329));
#1566=CARTESIAN_POINT('Ctrl Pts',(2.71161135552761,-0.931791092102475,1.3963946891329));
#1567=CARTESIAN_POINT('Ctrl Pts',(2.7580744443102,-0.808925109047323,1.39639460301314));
#1568=CARTESIAN_POINT('Ctrl Pts',(2.76722208683446,-0.81210483364505,1.39608638234996));
#1569=CARTESIAN_POINT('Ctrl Pts',(2.77689694540335,-0.815284399961271,1.39654160947933));
#1570=CARTESIAN_POINT('Ctrl Pts',(2.78691252995278,-0.818453658282635,1.39776157380602));
#1571=CARTESIAN_POINT('Ctrl Pts',(2.7932737376589,-0.820466552323623,1.39853641090492));
#1572=CARTESIAN_POINT('Ctrl Pts',(2.7997735170319,-0.82247652240836,1.39961941971633));
#1573=CARTESIAN_POINT('Ctrl Pts',(2.80636933735201,-0.824486825872725,1.40101039821893));
#1574=CARTESIAN_POINT('Ctrl Pts',(2.81754478454878,-0.827892928392976,1.40336716448198));
#1575=CARTESIAN_POINT('Ctrl Pts',(2.82895073977543,-0.831286957338567,1.40659628337504));
#1576=CARTESIAN_POINT('Ctrl Pts',(2.84044035444883,-0.834674338220358,1.41070037988528));
#1577=CARTESIAN_POINT('Ctrl Pts',(2.84646397431421,-0.836450228478752,1.41285202012485));
#1578=CARTESIAN_POINT('Ctrl Pts',(2.85251081567292,-0.838224578922972,1.41524476363865));
#1579=CARTESIAN_POINT('Ctrl Pts',(2.85855649889064,-0.839998693610338,1.41788051674296));
#1580=CARTESIAN_POINT('Ctrl Pts',(2.86380593946538,-0.84153914971575,1.420169129757));
#1581=CARTESIAN_POINT('Ctrl Pts',(2.86905451805926,-0.843079428062193,1.42264097424753));
#1582=CARTESIAN_POINT('Ctrl Pts',(2.87428611401565,-0.844620369192068,1.42529801413309));
#1583=CARTESIAN_POINT('Ctrl Pts',(2.88543805557256,-0.847905119307753,1.4309618983025));
#1584=CARTESIAN_POINT('Ctrl Pts',(2.89651336467753,-0.85119294621215,1.43746777966057));
#1585=CARTESIAN_POINT('Ctrl Pts',(2.90732789064143,-0.854482800387296,1.44482470272033));
#1586=CARTESIAN_POINT('Ctrl Pts',(2.91809121274514,-0.857757077991284,1.45214679273601));
#1587=CARTESIAN_POINT('Ctrl Pts',(2.92859580373458,-0.861033396847749,1.46031370758897));
#1588=CARTESIAN_POINT('Ctrl Pts',(2.93863111438294,-0.864303048918442,1.46930435967461));
#1589=CARTESIAN_POINT('Ctrl Pts',(2.94531039173373,-0.866479255892591,1.47528833575155));
#1590=CARTESIAN_POINT('Ctrl Pts',(2.95178106903729,-0.868652227108362,1.48163660819139));
#1591=CARTESIAN_POINT('Ctrl Pts',(2.95797678284513,-0.87081801997351,1.4883289040982));
#1592=CARTESIAN_POINT('Ctrl Pts',(2.96712632914496,-0.874016363652726,1.49821178009129));
#1593=CARTESIAN_POINT('Ctrl Pts',(2.97574395964327,-0.877196596020283,1.50891263535802));
#1594=CARTESIAN_POINT('Ctrl Pts',(2.9837391893719,-0.880373769535073,1.52024873406857));
#1595=CARTESIAN_POINT('Ctrl Pts',(2.98853062938764,-0.882277809422905,1.5270423145944));
#1596=CARTESIAN_POINT('Ctrl Pts',(2.99309921602004,-0.884180875205407,1.53406398072631));
#1597=CARTESIAN_POINT('Ctrl Pts',(2.9974315013787,-0.886084590258277,1.54127787205689));
#1598=CARTESIAN_POINT('Ctrl Pts',(3.00037876166648,-0.88737969049062,1.5461854932496));
#1599=CARTESIAN_POINT('Ctrl Pts',(3.00321666824105,-0.888675089460691,1.55118207021021));
#1600=CARTESIAN_POINT('Ctrl Pts',(3.00594113207811,-0.889971280681943,1.55625625858887));
#1601=CARTESIAN_POINT('Ctrl Pts',(3.0127113201709,-0.893192266129707,1.56886542200466));
#1602=CARTESIAN_POINT('Ctrl Pts',(3.01878156109561,-0.896418321692622,1.58195415962721));
#1603=CARTESIAN_POINT('Ctrl Pts',(3.02409850147265,-0.89964615070945,1.59536352432209));
#1604=CARTESIAN_POINT('Ctrl Pts',(3.02504873843422,-0.900223024290861,1.5977600292781));
#1605=CARTESIAN_POINT('Ctrl Pts',(3.02597492350239,-0.900799921072771,1.6001668056174));
#1606=CARTESIAN_POINT('Ctrl Pts',(3.02687675927587,-0.901376783255996,1.60258298940319));
#1607=CARTESIAN_POINT('Ctrl Pts',(3.03112131768083,-0.90409182883337,1.6139549414786));
#1608=CARTESIAN_POINT('Ctrl Pts',(3.03482684855699,-0.906806074613002,1.62553513003397));
#1609=CARTESIAN_POINT('Ctrl Pts',(3.03795983805594,-0.909513741251456,1.63723472571122));
#1610=CARTESIAN_POINT('Ctrl Pts',(3.04071269085701,-0.911892877119137,1.64751476806127));
#1611=CARTESIAN_POINT('Ctrl Pts',(3.04302337616289,-0.914267022735571,1.65788732332621));
#1612=CARTESIAN_POINT('Ctrl Pts',(3.04486586467224,-0.916636173191155,1.66829001830237));
#1613=CARTESIAN_POINT('Ctrl Pts',(3.04770560957532,-0.920287638530967,1.68432322550394));
#1614=CARTESIAN_POINT('Ctrl Pts',(3.049429296685,-0.923939643628104,1.700410888566));
#1615=CARTESIAN_POINT('Ctrl Pts',(3.04994872180672,-0.927570390072886,1.71631395179077));
#1616=CARTESIAN_POINT('Ctrl Pts',(3.05014974756228,-0.928975546498332,1.72246868933976));
#1617=CARTESIAN_POINT('Ctrl Pts',(3.05016977793005,-0.930378579707008,1.72859475902086));
#1618=CARTESIAN_POINT('Ctrl Pts',(3.05000534296463,-0.931790903070992,1.73467145975002));
#1619=CARTESIAN_POINT('',(2.87159298605761,0.843877801006534,1.42386407266837));
#1620=CARTESIAN_POINT('Ctrl Pts',(2.75815846138146,0.808915802473766,1.3963946891329));
#1621=CARTESIAN_POINT('Ctrl Pts',(2.76796141255321,0.812311497366675,1.3963946891329));
#1622=CARTESIAN_POINT('Ctrl Pts',(2.77824943172674,0.815701765702913,1.39701736095049));
#1623=CARTESIAN_POINT('Ctrl Pts',(2.788912875933,0.819087126212234,1.39839843827459));
#1624=CARTESIAN_POINT('Ctrl Pts',(2.79934238101356,0.822398217258295,1.39974921694327));
#1625=CARTESIAN_POINT('Ctrl Pts',(2.81013064677344,0.825704613436481,1.40182657495209));
#1626=CARTESIAN_POINT('Ctrl Pts',(2.82113226550828,0.82900679532115,1.40473359852189));
#1627=CARTESIAN_POINT('Ctrl Pts',(2.83186969107405,0.832229678520962,1.40757081274926));
#1628=CARTESIAN_POINT('Ctrl Pts',(2.84280954394315,0.835448547382941,1.41119916695499));
#1629=CARTESIAN_POINT('Ctrl Pts',(2.85378410784853,0.838663844374094,1.41567726343848));
#1630=CARTESIAN_POINT('Ctrl Pts',(2.8597418386886,0.840409323666875,1.41810827516291));
#1631=CARTESIAN_POINT('Ctrl Pts',(2.86570929090411,0.842153750238477,1.42078897683299));
#1632=CARTESIAN_POINT('Ctrl Pts',(2.87165699613143,0.843897194352639,1.4237228093195));
#1633=CARTESIAN_POINT('Ctrl Pts',(2.87157271375601,0.843871659039528,1.42390881145781));
#1634=CARTESIAN_POINT('Ctrl Pts',(2.88229175351796,0.847014300458161,1.42921269192018));
#1635=CARTESIAN_POINT('Ctrl Pts',(2.89296579387861,0.850160498368594,1.43529793161797));
#1636=CARTESIAN_POINT('Ctrl Pts',(2.9034201332124,0.853309026467422,1.44216975288102));
#1637=CARTESIAN_POINT('Ctrl Pts',(2.90580233369856,0.854026472585081,1.44373561519244));
#1638=CARTESIAN_POINT('Ctrl Pts',(2.90817313089491,0.854744047190676,1.44534230347699));
#1639=CARTESIAN_POINT('Ctrl Pts',(2.91053015244659,0.855461658253277,1.44698961420625));
#1640=CARTESIAN_POINT('Ctrl Pts',(2.91846738900514,0.857878203302186,1.45253690966236));
#1641=CARTESIAN_POINT('Ctrl Pts',(2.92624817488788,0.860295132994599,1.45854542952845));
#1642=CARTESIAN_POINT('Ctrl Pts',(2.93378358300414,0.862709245879799,1.4650024343398));
#1643=CARTESIAN_POINT('Ctrl Pts',(2.94220972253352,0.865408721700685,1.47222269668562));
#1644=CARTESIAN_POINT('Ctrl Pts',(2.95032789137418,0.868104265745158,1.48000444660789));
#1645=CARTESIAN_POINT('Ctrl Pts',(2.95800730405667,0.870788285587334,1.48830014979628));
#1646=CARTESIAN_POINT('Ctrl Pts',(2.96715395124547,0.873985116329365,1.49818083643006));
#1647=CARTESIAN_POINT('Ctrl Pts',(2.97576890669564,0.877163648204684,1.50887941963516));
#1648=CARTESIAN_POINT('Ctrl Pts',(2.98376166663305,0.880339034127065,1.52021320278968));
#1649=CARTESIAN_POINT('Ctrl Pts',(2.98855092520003,0.882241724105408,1.52700440113594));
#1650=CARTESIAN_POINT('Ctrl Pts',(2.99311746082026,0.88414349992576,1.53402361672409));
#1651=CARTESIAN_POINT('Ctrl Pts',(2.99744783893646,0.886045804380827,1.54123498104327));
#1652=CARTESIAN_POINT('Ctrl Pts',(3.00039491222514,0.887340432816501,1.54614273241963));
#1653=CARTESIAN_POINT('Ctrl Pts',(3.00323261595473,0.888635314319624,1.55113947420937));
#1654=CARTESIAN_POINT('Ctrl Pts',(3.00595685379906,0.889931031840001,1.55621386813296));
#1655=CARTESIAN_POINT('Ctrl Pts',(3.0127249874389,0.893150130112084,1.5688207615757));
#1656=CARTESIAN_POINT('Ctrl Pts',(3.0187933975244,0.896374157021416,1.5819072272775));
#1657=CARTESIAN_POINT('Ctrl Pts',(3.02410872538276,0.899599778304369,1.59531436090635));
#1658=CARTESIAN_POINT('Ctrl Pts',(3.02505767005655,0.900175647981211,1.5977079344331));
#1659=CARTESIAN_POINT('Ctrl Pts',(3.02598261863247,0.900751526174613,1.60011175242001));
#1660=CARTESIAN_POINT('Ctrl Pts',(3.02688327498978,0.901327367560264,1.60252495884986));
#1661=CARTESIAN_POINT('Ctrl Pts',(3.0311277627322,0.9040411125787,1.61389758174683));
#1662=CARTESIAN_POINT('Ctrl Pts',(3.03483310148072,0.906754187734325,1.62547866191444));
#1663=CARTESIAN_POINT('Ctrl Pts',(3.03796570370964,0.909460653823389,1.63717917354485));
#1664=CARTESIAN_POINT('Ctrl Pts',(3.04071780299638,0.911838377788643,1.6474584772545));
#1665=CARTESIAN_POINT('Ctrl Pts',(3.04302773933175,0.91421111085696,1.65783032648186));
#1666=CARTESIAN_POINT('Ctrl Pts',(3.04486948314002,0.916578648602095,1.66823237836599));
#1667=CARTESIAN_POINT('Ctrl Pts',(3.04770859417326,0.920228288961208,1.68426749689871));
#1668=CARTESIAN_POINT('Ctrl Pts',(3.04943125930731,0.923877864139286,1.70035728407375));
#1669=CARTESIAN_POINT('Ctrl Pts',(3.04994954028827,0.927506901627576,1.71626227611089));
#1670=CARTESIAN_POINT('Ctrl Pts',(3.05014994119362,0.928910121936446,1.72241217340762));
#1671=CARTESIAN_POINT('Ctrl Pts',(3.05016967102383,0.930311241063003,1.7285334443363));
#1672=CARTESIAN_POINT('Ctrl Pts',(3.05000534298963,0.931721527084352,1.73460548733406));
#1673=CARTESIAN_POINT('Ctrl Pts',(3.04999998550343,0.931768656145189,3.59816504741564));
#1674=CARTESIAN_POINT('Ctrl Pts',(3.04999998693953,0.849093720045037,3.63167159787221));
#1675=CARTESIAN_POINT('Ctrl Pts',(3.04999999136406,0.556421573555158,3.73490350174215));
#1676=CARTESIAN_POINT('Ctrl Pts',(3.04999999431459,0.123765350009107,3.80374446385471));
#1677=CARTESIAN_POINT('Ctrl Pts',(3.04999999289693,-0.325584366019954,3.77066793139033));
#1678=CARTESIAN_POINT('Ctrl Pts',(3.04999999006016,-0.639645955894093,3.70448116602673));
#1679=CARTESIAN_POINT('Ctrl Pts',(3.04999998715647,-0.836298327564897,3.63673324896958));
#1680=CARTESIAN_POINT('Ctrl Pts',(3.04999998550168,-0.931744127420436,3.5981241020097));
#1681=CARTESIAN_POINT('Ctrl Pts',(3.04990097303921,0.931768656145189,3.9363946891329));
#1682=CARTESIAN_POINT('Ctrl Pts',(3.0499107830956,0.849093720045037,3.9363946891329));
#1683=CARTESIAN_POINT('Ctrl Pts',(3.04994100735875,0.556421573555157,3.9363946891329));
#1684=CARTESIAN_POINT('Ctrl Pts',(3.0499611626332,0.123765350009107,3.9363946891329));
#1685=CARTESIAN_POINT('Ctrl Pts',(3.04995147847759,-0.325584366019955,3.9363946891329));
#1686=CARTESIAN_POINT('Ctrl Pts',(3.04993210029954,-0.639645955894093,3.9363946891329));
#1687=CARTESIAN_POINT('Ctrl Pts',(3.0499122650471,-0.836298327564897,3.9363946891329));
#1688=CARTESIAN_POINT('Ctrl Pts',(3.0499009610512,-0.931744127420436,3.9363946891329));
#1689=CARTESIAN_POINT('Ctrl Pts',(2.71167131682962,0.931768656145189,3.9363946891329));
#1690=CARTESIAN_POINT('Ctrl Pts',(2.74518767877827,0.849093720045036,3.9363946891329));
#1691=CARTESIAN_POINT('Ctrl Pts',(2.84844981133459,0.556421573555157,3.9363946891329));
#1692=CARTESIAN_POINT('Ctrl Pts',(2.91731093167127,0.123765350009107,3.9363946891329));
#1693=CARTESIAN_POINT('Ctrl Pts',(2.88422471363403,-0.325584366019954,3.9363946891329));
#1694=CARTESIAN_POINT('Ctrl Pts',(2.81801856725644,-0.639645955894093,3.9363946891329));
#1695=CARTESIAN_POINT('Ctrl Pts',(2.75025081204401,-0.836298327564897,3.9363946891329));
#1696=CARTESIAN_POINT('Ctrl Pts',(2.71163035943392,-0.931744127420436,3.9363946891329));
#1697=CARTESIAN_POINT('',(2.85865377917332,0.839995961058997,3.91504985784861));
#1698=CARTESIAN_POINT('Ctrl Pts',(2.75816041513532,0.808910241894155,3.9363946891329));
#1699=CARTESIAN_POINT('Ctrl Pts',(2.76579639953381,0.811563057064204,3.93665157661983));
#1700=CARTESIAN_POINT('Ctrl Pts',(2.77378449412787,0.81420961080451,3.93637885731301));
#1701=CARTESIAN_POINT('Ctrl Pts',(2.78203176037788,0.816850519153186,3.93557489647026));
#1702=CARTESIAN_POINT('Ctrl Pts',(2.78372671621307,0.817393271488336,3.9354096686141));
#1703=CARTESIAN_POINT('Ctrl Pts',(2.78543262916358,0.817935962887552,3.93522200474016));
#1704=CARTESIAN_POINT('Ctrl Pts',(2.78714872350633,0.818478890249247,3.93501188632106));
#1705=CARTESIAN_POINT('Ctrl Pts',(2.79345941374543,0.820475427570449,3.93423920604148));
#1706=CARTESIAN_POINT('Ctrl Pts',(2.79990478021872,0.822471776166392,3.93316327522275));
#1707=CARTESIAN_POINT('Ctrl Pts',(2.80644467601088,0.824469183783428,3.93178431469236));
#1708=CARTESIAN_POINT('Ctrl Pts',(2.80644935348082,0.824470612371038,3.93178332843101));
#1709=CARTESIAN_POINT('Ctrl Pts',(2.80645403099897,0.824472040958013,3.93178234201472));
#1710=CARTESIAN_POINT('Ctrl Pts',(2.80645870856531,0.824473469544353,3.93178135544347));
#1711=CARTESIAN_POINT('Ctrl Pts',(2.81658179923431,0.827565186050406,3.92964623871202));
#1712=CARTESIAN_POINT('Ctrl Pts',(2.82693049969617,0.83065443705247,3.92678556488429));
#1713=CARTESIAN_POINT('Ctrl Pts',(2.83736624467395,0.833736316918162,3.92319811393504));
#1714=CARTESIAN_POINT('Ctrl Pts',(2.84442192022261,0.835819996086113,3.92077261484526));
#1715=CARTESIAN_POINT('Ctrl Pts',(2.85151702306603,0.837901099708338,3.91801480555271));
#1716=CARTESIAN_POINT('Ctrl Pts',(2.85860392816666,0.839980983530173,3.91492550581116));
#1717=CARTESIAN_POINT('',(2.87286209147182,-0.844171880445165,3.9082693463864));
#1718=CARTESIAN_POINT('Ctrl Pts',(2.75805231487676,-0.808928060039778,3.93639468897919));
#1719=CARTESIAN_POINT('Ctrl Pts',(2.76735786570965,-0.812148613672537,3.93639435032599));
#1720=CARTESIAN_POINT('Ctrl Pts',(2.77714650050515,-0.815357719689823,3.93583271608932));
#1721=CARTESIAN_POINT('Ctrl Pts',(2.78729861281298,-0.818565880747282,3.93458339519464));
#1722=CARTESIAN_POINT('Ctrl Pts',(2.79351657362743,-0.820530813673247,3.93381821173999));
#1723=CARTESIAN_POINT('Ctrl Pts',(2.79986996334265,-0.822495390240588,3.93279537852529));
#1724=CARTESIAN_POINT('Ctrl Pts',(2.80632320221952,-0.824462005684521,3.9314913326193));
#1725=CARTESIAN_POINT('Ctrl Pts',(2.81646228128396,-0.827551875725882,3.92944246618234));
#1726=CARTESIAN_POINT('Ctrl Pts',(2.82684652169058,-0.830644413361262,3.92669771919581));
#1727=CARTESIAN_POINT('Ctrl Pts',(2.83732112655028,-0.833734136081861,3.92319691406694));
#1728=CARTESIAN_POINT('Ctrl Pts',(2.84439823510613,-0.835821690065428,3.92083161453901));
#1729=CARTESIAN_POINT('Ctrl Pts',(2.85151586160897,-0.837907960053668,3.91812195404031));
#1730=CARTESIAN_POINT('Ctrl Pts',(2.85862049770656,-0.839991267654374,3.91506167148825));
#1731=CARTESIAN_POINT('Ctrl Pts',(2.86340027458648,-0.841392851826573,3.91300280913591));
#1732=CARTESIAN_POINT('Ctrl Pts',(2.86817373969105,-0.842792738562145,3.91078570446571));
#1733=CARTESIAN_POINT('Ctrl Pts',(2.87292676691206,-0.844190910589982,3.90840991498494));
#1734=CARTESIAN_POINT('Ctrl Pts',(2.87284127054573,-0.844165754081939,3.90822409322091));
#1735=CARTESIAN_POINT('Ctrl Pts',(2.88393723881662,-0.847430464304285,3.90266459366009));
#1736=CARTESIAN_POINT('Ctrl Pts',(2.8949429568003,-0.85069293948495,3.8962836275083));
#1737=CARTESIAN_POINT('Ctrl Pts',(2.90567901990357,-0.853950949189829,3.88908347060256));
#1738=CARTESIAN_POINT('Ctrl Pts',(2.90728342621207,-0.854437828902939,3.88800747309299));
#1739=CARTESIAN_POINT('Ctrl Pts',(2.90888176299517,-0.854924596477785,3.8869132167536));
#1740=CARTESIAN_POINT('Ctrl Pts',(2.91047338218737,-0.855411232410596,3.88580075397225));
#1741=CARTESIAN_POINT('Ctrl Pts',(2.92380572126923,-0.859487581387443,3.87648211098927));
#1742=CARTESIAN_POINT('Ctrl Pts',(2.93667169634074,-0.863557518849102,3.86588334584429));
#1743=CARTESIAN_POINT('Ctrl Pts',(2.94873905953615,-0.867622610725066,3.85399455746428));
#1744=CARTESIAN_POINT('Ctrl Pts',(2.95187709279771,-0.868679709389583,3.85090296133246));
#1745=CARTESIAN_POINT('Ctrl Pts',(2.95496067575587,-0.869736388315153,3.84772445264141));
#1746=CARTESIAN_POINT('Ctrl Pts',(2.95798305826162,-0.870792570397537,3.84445980524617));
#1747=CARTESIAN_POINT('Ctrl Pts',(2.96799030593385,-0.874289637914732,3.83365040736731));
#1748=CARTESIAN_POINT('Ctrl Pts',(2.97733498794683,-0.877781356923945,3.82188771130916));
#1749=CARTESIAN_POINT('Ctrl Pts',(2.98593493025579,-0.881269822504669,3.809384285674));
#1750=CARTESIAN_POINT('Ctrl Pts',(2.98992048933421,-0.882886517729537,3.80358969545917));
#1751=CARTESIAN_POINT('Ctrl Pts',(2.99374667542517,-0.884502436537295,3.7976354710717));
#1752=CARTESIAN_POINT('Ctrl Pts',(2.99740703756057,-0.886117088494046,3.7915402806094));
#1753=CARTESIAN_POINT('Ctrl Pts',(3.0045881680855,-0.889284815080882,3.77958234949084));
#1754=CARTESIAN_POINT('Ctrl Pts',(3.01112867146145,-0.892447756222696,3.76708477138648));
#1755=CARTESIAN_POINT('Ctrl Pts',(3.01696775858905,-0.895608894107283,3.75420650655874));
#1756=CARTESIAN_POINT('Ctrl Pts',(3.02052714796299,-0.89753585980416,3.74635617687862));
#1757=CARTESIAN_POINT('Ctrl Pts',(3.02382617034254,-0.899461928406984,3.73836416286229));
#1758=CARTESIAN_POINT('Ctrl Pts',(3.02685227531005,-0.901385910018661,3.73026466645915));
#1759=CARTESIAN_POINT('Ctrl Pts',(3.03183978692269,-0.904556943652258,3.71691538320525));
#1760=CARTESIAN_POINT('Ctrl Pts',(3.03608471057955,-0.907723869303888,3.70327683666427));
#1761=CARTESIAN_POINT('Ctrl Pts',(3.03952905101135,-0.91088611286205,3.68950298652669));
#1762=CARTESIAN_POINT('Ctrl Pts',(3.04160279192801,-0.912790011151099,3.68121013708982));
#1763=CARTESIAN_POINT('Ctrl Pts',(3.04338626957175,-0.914692398245832,3.6728681456928));
#1764=CARTESIAN_POINT('Ctrl Pts',(3.04486633251373,-0.916595032575938,3.66451157548358));
#1765=CARTESIAN_POINT('Ctrl Pts',(3.04770571486116,-0.920245084325289,3.6484801640725));
#1766=CARTESIAN_POINT('Ctrl Pts',(3.04942914767655,-0.923895138665684,3.63239430468365));
#1767=CARTESIAN_POINT('Ctrl Pts',(3.04994868256845,-0.927524649530177,3.61649330446347));
#1768=CARTESIAN_POINT('Ctrl Pts',(3.05014976488152,-0.928929426093409,3.61033893455656));
#1769=CARTESIAN_POINT('Ctrl Pts',(3.05016989590323,-0.930332090688208,3.60421325421098));
#1770=CARTESIAN_POINT('Ctrl Pts',(3.05000567117364,-0.931743927032692,3.59813691438222));
#1771=CARTESIAN_POINT('Ctrl Pts',(2.85866446008127,0.839999170093629,3.91507650109526));
#1772=CARTESIAN_POINT('Ctrl Pts',(2.86986119402643,0.843285461006469,3.91025380537463));
#1773=CARTESIAN_POINT('Ctrl Pts',(2.88102388806604,0.846562263626486,3.90455867387816));
#1774=CARTESIAN_POINT('Ctrl Pts',(2.89196942727021,0.84982934886604,3.89800011059208));
#1775=CARTESIAN_POINT('Ctrl Pts',(2.89824282066917,0.851701866116526,3.89424109544828));
#1776=CARTESIAN_POINT('Ctrl Pts',(2.90444474498517,0.853571191287718,3.89019940130007));
#1777=CARTESIAN_POINT('Ctrl Pts',(2.91054121917315,0.855437281616001,3.88588447121706));
#1778=CARTESIAN_POINT('Ctrl Pts',(2.92382134190013,0.859502239133261,3.87648513656988));
#1779=CARTESIAN_POINT('Ctrl Pts',(2.93659809744708,0.863552990996627,3.86578849280097));
#1780=CARTESIAN_POINT('Ctrl Pts',(2.94862995775369,0.867613075225156,3.85388143248736));
#1781=CARTESIAN_POINT('Ctrl Pts',(2.95175858385402,0.868668812672503,3.85078525793695));
#1782=CARTESIAN_POINT('Ctrl Pts',(2.95483695474061,0.869725179598547,3.84760749194803));
#1783=CARTESIAN_POINT('Ctrl Pts',(2.95786107924967,0.870782586616726,3.84435018036859));
#1784=CARTESIAN_POINT('Ctrl Pts',(2.96787232185161,0.87428309003723,3.83356698134547));
#1785=CARTESIAN_POINT('Ctrl Pts',(2.97730033419439,0.877794519460921,3.82189519571489));
#1786=CARTESIAN_POINT('Ctrl Pts',(2.98598742909953,0.881299744173504,3.80945927921058));
#1787=CARTESIAN_POINT('Ctrl Pts',(2.99001619366473,0.88292534228994,3.80369194498719));
#1788=CARTESIAN_POINT('Ctrl Pts',(2.99388599470235,0.884549608489634,3.79776089171527));
#1789=CARTESIAN_POINT('Ctrl Pts',(2.99758350587083,0.886170847432646,3.79168149494734));
#1790=CARTESIAN_POINT('Ctrl Pts',(3.00483358385799,0.889349771913759,3.77976101690843));
#1791=CARTESIAN_POINT('Ctrl Pts',(3.0114163456136,0.892516450018946,3.76727123101141));
#1792=CARTESIAN_POINT('Ctrl Pts',(3.01724180811721,0.895672655966674,3.75437489415953));
#1793=CARTESIAN_POINT('Ctrl Pts',(3.02079349983125,0.897596944468301,3.74651220296378));
#1794=CARTESIAN_POINT('Ctrl Pts',(3.02406462631759,0.899517339981824,3.73849890529795));
#1795=CARTESIAN_POINT('Ctrl Pts',(3.02704393063867,0.901434241496056,3.73037452142557));
#1796=CARTESIAN_POINT('Ctrl Pts',(3.03195370138026,0.90459321619445,3.71698587161631));
#1797=CARTESIAN_POINT('Ctrl Pts',(3.03606666890666,0.907745101786017,3.70329910106054));
#1798=CARTESIAN_POINT('Ctrl Pts',(3.03937387376589,0.91089766139491,3.68949517551264));
#1799=CARTESIAN_POINT('Ctrl Pts',(3.04136513972534,0.912795815546676,3.68118384064827));
#1800=CARTESIAN_POINT('Ctrl Pts',(3.04306536710116,0.914694212586882,3.67282994421636));
#1801=CARTESIAN_POINT('Ctrl Pts',(3.04448129594595,0.916594533739885,3.66447035690588));
#1802=CARTESIAN_POINT('Ctrl Pts',(3.04719835982448,0.920241111024763,3.64842892035753));
#1803=CARTESIAN_POINT('Ctrl Pts',(3.04886605177766,0.923899241472092,3.63237419841734));
#1804=CARTESIAN_POINT('Ctrl Pts',(3.04958442086672,0.927545679018801,3.61649570606164));
#1805=CARTESIAN_POINT('Ctrl Pts',(3.04986216910387,0.928955527543587,3.61035648970684));
#1806=CARTESIAN_POINT('Ctrl Pts',(3.04999837292405,0.930363630916819,3.60424318135133));
#1807=CARTESIAN_POINT('Ctrl Pts',(3.04999998550343,0.931768656145189,3.59816504741564));
#1808=CARTESIAN_POINT('Ctrl Pts',(3.03720510123982,-0.949660220641157,1.80931301069315));
#1809=CARTESIAN_POINT('Ctrl Pts',(3.05181344639963,-0.938664184802281,1.76635870003824));
#1810=CARTESIAN_POINT('Ctrl Pts',(3.05428336553265,-0.922585872801165,1.69464813965523));
#1811=CARTESIAN_POINT('Ctrl Pts',(3.02878488955057,-0.901339104348597,1.60182427794985));
#1812=CARTESIAN_POINT('Ctrl Pts',(2.99909659706096,-0.886075363315704,1.53988033428879));
#1813=CARTESIAN_POINT('Ctrl Pts',(2.95942044568271,-0.870752967591736,1.48629456877208));
#1814=CARTESIAN_POINT('Ctrl Pts',(2.91120881729552,-0.855372109932231,1.44494186729404));
#1815=CARTESIAN_POINT('Ctrl Pts',(2.85859732139687,-0.839933189198154,1.41582866149786));
#1816=CARTESIAN_POINT('Ctrl Pts',(2.80570642720531,-0.82443260893145,1.39895997840367));
#1817=CARTESIAN_POINT('Ctrl Pts',(2.77302537537357,-0.814059983253008,1.39588629949105));
#1818=CARTESIAN_POINT('Ctrl Pts',(2.75804278035101,-0.808858049164387,1.39639568465756));
#1819=CARTESIAN_POINT('Ctrl Pts',(3.05323684706298,-0.970037688651461,1.80762643939152));
#1820=CARTESIAN_POINT('Ctrl Pts',(3.05002892303775,-0.960370415651126,1.77307445310724));
#1821=CARTESIAN_POINT('Ctrl Pts',(3.0542617544548,-0.944736945391784,1.69914509805543));
#1822=CARTESIAN_POINT('Ctrl Pts',(3.02799010148413,-0.92427006623179,1.60732407006295));
#1823=CARTESIAN_POINT('Ctrl Pts',(2.99845713013393,-0.909547632583869,1.54548199781065));
#1824=CARTESIAN_POINT('Ctrl Pts',(2.95942100312122,-0.894882755692527,1.49182066162204));
#1825=CARTESIAN_POINT('Ctrl Pts',(2.91217068282143,-0.880261299599371,1.44972343544191));
#1826=CARTESIAN_POINT('Ctrl Pts',(2.85988233961922,-0.865571985791718,1.41957140617899));
#1827=CARTESIAN_POINT('Ctrl Pts',(2.80749499725883,-0.851010200644906,1.40068430616343));
#1828=CARTESIAN_POINT('Ctrl Pts',(2.77307729441695,-0.840913535526924,1.39666269745792));
#1829=CARTESIAN_POINT('Ctrl Pts',(2.75807230767244,-0.836035171393198,1.39638737479956));
#1830=CARTESIAN_POINT('Ctrl Pts',(3.0341956507655,-1.013795701708,1.79850740361269));
#1831=CARTESIAN_POINT('Ctrl Pts',(3.05147561933724,-1.00422064437517,1.78306610015647));
#1832=CARTESIAN_POINT('Ctrl Pts',(3.04834887923347,-0.990481280931876,1.7133945656759));
#1833=CARTESIAN_POINT('Ctrl Pts',(3.02280223714032,-0.971003347431677,1.62353354787832));
#1834=CARTESIAN_POINT('Ctrl Pts',(2.99138738936309,-0.957408546679972,1.56391380686921));
#1835=CARTESIAN_POINT('Ctrl Pts',(2.95265288908905,-0.943838651565174,1.51033966848221));
#1836=CARTESIAN_POINT('Ctrl Pts',(2.90648976159749,-0.930841979186807,1.46586725795585));
#1837=CARTESIAN_POINT('Ctrl Pts',(2.8565176167221,-0.917607286253278,1.43087474172626));
#1838=CARTESIAN_POINT('Ctrl Pts',(2.80432380129239,-0.90524042580278,1.40878019105132));
#1839=CARTESIAN_POINT('Ctrl Pts',(2.77081939976448,-0.896142122450129,1.40247272005243));
#1840=CARTESIAN_POINT('Ctrl Pts',(2.75807700013297,-0.892439284961388,1.40121453212989));
#1841=CARTESIAN_POINT('Ctrl Pts',(3.02202151101599,-1.07823834746793,1.81044014837336));
#1842=CARTESIAN_POINT('Ctrl Pts',(3.03164424287533,-1.07012100945565,1.79250453192248));
#1843=CARTESIAN_POINT('Ctrl Pts',(3.03071872203302,-1.05771308476874,1.73469468964869));
#1844=CARTESIAN_POINT('Ctrl Pts',(3.00388106805811,-1.04002583813125,1.65353532447114));
#1845=CARTESIAN_POINT('Ctrl Pts',(2.97331094908189,-1.02814315973261,1.59703067868712));
#1846=CARTESIAN_POINT('Ctrl Pts',(2.93627035905015,-1.01672726978269,1.54435383308161));
#1847=CARTESIAN_POINT('Ctrl Pts',(2.89218554274611,-1.00634699032661,1.49926541645718));
#1848=CARTESIAN_POINT('Ctrl Pts',(2.84580176179529,-0.996329694802472,1.46211471620935));
#1849=CARTESIAN_POINT('Ctrl Pts',(2.79829099746476,-0.987850368814784,1.43631713185378));
#1850=CARTESIAN_POINT('Ctrl Pts',(2.76950261477682,-0.981619677499311,1.42715476430143));
#1851=CARTESIAN_POINT('Ctrl Pts',(2.75808112793479,-0.979161457537693,1.4256846098059));
#1852=CARTESIAN_POINT('Ctrl Pts',(2.98366711285832,-1.13066918685859,1.81852279701217));
#1853=CARTESIAN_POINT('Ctrl Pts',(3.00519246200463,-1.13467288272254,1.80224711840247));
#1854=CARTESIAN_POINT('Ctrl Pts',(2.99897465934907,-1.11829512039304,1.75620424960037));
#1855=CARTESIAN_POINT('Ctrl Pts',(2.97459746938043,-1.10417358821651,1.68697534515522));
#1856=CARTESIAN_POINT('Ctrl Pts',(2.94571368094505,-1.09330859485959,1.63808633217086));
#1857=CARTESIAN_POINT('Ctrl Pts',(2.91289824694211,-1.08527302305789,1.5902883691349));
#1858=CARTESIAN_POINT('Ctrl Pts',(2.87355616552752,-1.07650788607217,1.54823693874774));
#1859=CARTESIAN_POINT('Ctrl Pts',(2.83353436321635,-1.07082739502019,1.51017143356359));
#1860=CARTESIAN_POINT('Ctrl Pts',(2.79166160190391,-1.06496243536328,1.48338158569691));
#1861=CARTESIAN_POINT('Ctrl Pts',(2.76745268858653,-1.06399427568773,1.47014954079592));
#1862=CARTESIAN_POINT('Ctrl Pts',(2.7580878635032,-1.06272200666421,1.46863362328081));
#1863=CARTESIAN_POINT('Ctrl Pts',(2.9417789637217,-1.17849314419115,1.82867665451537));
#1864=CARTESIAN_POINT('Ctrl Pts',(2.96542671834353,-1.18843202985315,1.8122219659689));
#1865=CARTESIAN_POINT('Ctrl Pts',(2.95952262406521,-1.1725016157738,1.77676218955589));
#1866=CARTESIAN_POINT('Ctrl Pts',(2.93815942971133,-1.16159734619649,1.72212410030026));
#1867=CARTESIAN_POINT('Ctrl Pts',(2.91345910846839,-1.15277291423464,1.68082820224803));
#1868=CARTESIAN_POINT('Ctrl Pts',(2.88549607697036,-1.14743453277116,1.64011454195808));
#1869=CARTESIAN_POINT('Ctrl Pts',(2.85230940730866,-1.14109476497583,1.60256014570666));
#1870=CARTESIAN_POINT('Ctrl Pts',(2.81881079106335,-1.13868467444785,1.56869019616021));
#1871=CARTESIAN_POINT('Ctrl Pts',(2.78508848325071,-1.13581074372794,1.54271999987053));
#1872=CARTESIAN_POINT('Ctrl Pts',(2.76565079198255,-1.13777948174024,1.53022958384142));
#1873=CARTESIAN_POINT('Ctrl Pts',(2.75809524008065,-1.13730952645687,1.5290848629564));
#1874=CARTESIAN_POINT('Ctrl Pts',(2.89389662559292,-1.21713765212585,1.83939393374604));
#1875=CARTESIAN_POINT('Ctrl Pts',(2.91643828959202,-1.22808454514242,1.82206143392262));
#1876=CARTESIAN_POINT('Ctrl Pts',(2.91153379195267,-1.21589454534317,1.79734743067306));
#1877=CARTESIAN_POINT('Ctrl Pts',(2.89484632858651,-1.20849365020936,1.75834028990764));
#1878=CARTESIAN_POINT('Ctrl Pts',(2.87569333797284,-1.20212369903894,1.72763978369293));
#1879=CARTESIAN_POINT('Ctrl Pts',(2.85444135262004,-1.19929589775585,1.69665678218999));
#1880=CARTESIAN_POINT('Ctrl Pts',(2.82924145873171,-1.19487669244134,1.66663432759793));
#1881=CARTESIAN_POINT('Ctrl Pts',(2.8040376893735,-1.19492711778324,1.63861641395431));
#1882=CARTESIAN_POINT('Ctrl Pts',(2.77822978126541,-1.19374313667415,1.61535332926004));
#1883=CARTESIAN_POINT('Ctrl Pts',(2.76374436702241,-1.19782722234589,1.60428339249282));
#1884=CARTESIAN_POINT('Ctrl Pts',(2.75810372611912,-1.19776031275694,1.60367249829506));
#1885=CARTESIAN_POINT('Ctrl Pts',(2.85060582722521,-1.25109416211016,1.84858648706352));
#1886=CARTESIAN_POINT('Ctrl Pts',(2.86019718655347,-1.25261550579459,1.83246335042234));
#1887=CARTESIAN_POINT('Ctrl Pts',(2.8603444098513,-1.24876304546566,1.8178359704521));
#1888=CARTESIAN_POINT('Ctrl Pts',(2.84856435923521,-1.24401096026419,1.79401053062179));
#1889=CARTESIAN_POINT('Ctrl Pts',(2.83631032734606,-1.24098195083071,1.77353732490266));
#1890=CARTESIAN_POINT('Ctrl Pts',(2.82169622441163,-1.23927719897222,1.75308268575127));
#1891=CARTESIAN_POINT('Ctrl Pts',(2.8050871148245,-1.23752712650901,1.73155574503955));
#1892=CARTESIAN_POINT('Ctrl Pts',(2.78814721604507,-1.23784498226156,1.7124497604173));
#1893=CARTESIAN_POINT('Ctrl Pts',(2.77150156305532,-1.23840504267343,1.69455064679351));
#1894=CARTESIAN_POINT('Ctrl Pts',(2.76194876808225,-1.24055305797065,1.68761057213971));
#1895=CARTESIAN_POINT('Ctrl Pts',(2.75811257240051,-1.24070948227194,1.68723191243671));
#1896=CARTESIAN_POINT('Ctrl Pts',(2.80073353994028,-1.26415285432233,1.85768510088476));
#1897=CARTESIAN_POINT('Ctrl Pts',(2.80689929964702,-1.26879716294399,1.84341893235958));
#1898=CARTESIAN_POINT('Ctrl Pts',(2.80642868264482,-1.26677066197113,1.83805619358812));
#1899=CARTESIAN_POINT('Ctrl Pts',(2.80106979124677,-1.26557629992961,1.82793601752564));
#1900=CARTESIAN_POINT('Ctrl Pts',(2.79561959561589,-1.26449089142707,1.81919705026659));
#1901=CARTESIAN_POINT('Ctrl Pts',(2.78915304052654,-1.26423265140982,1.80970272117636));
#1902=CARTESIAN_POINT('Ctrl Pts',(2.78175984479265,-1.26346477633699,1.79974890256382));
#1903=CARTESIAN_POINT('Ctrl Pts',(2.77368625829325,-1.26390073117069,1.78941598739936));
#1904=CARTESIAN_POINT('Ctrl Pts',(2.76532820592457,-1.26391018309322,1.77914419143647));
#1905=CARTESIAN_POINT('Ctrl Pts',(2.75985825806269,-1.26536013883389,1.7734948142576));
#1906=CARTESIAN_POINT('Ctrl Pts',(2.75812219195495,-1.26517336118946,1.77393366524201));
#1907=CARTESIAN_POINT('Ctrl Pts',(2.77199588191955,-1.27046739295922,1.8566592085331));
#1908=CARTESIAN_POINT('Ctrl Pts',(2.77382360802803,-1.27052928742196,1.85255809497629));
#1909=CARTESIAN_POINT('Ctrl Pts',(2.77278710906734,-1.27049462409759,1.85143348376141));
#1910=CARTESIAN_POINT('Ctrl Pts',(2.77145882521853,-1.27045042698895,1.84822087708634));
#1911=CARTESIAN_POINT('Ctrl Pts',(2.77005382104099,-1.2704035428167,1.84588326045238));
#1912=CARTESIAN_POINT('Ctrl Pts',(2.76834776061168,-1.27034659025912,1.84322097920226));
#1913=CARTESIAN_POINT('Ctrl Pts',(2.76632343120233,-1.27027896766863,1.84042075980863));
#1914=CARTESIAN_POINT('Ctrl Pts',(2.76388244069732,-1.27019741622769,1.83712563867291));
#1915=CARTESIAN_POINT('Ctrl Pts',(2.76137417699958,-1.27011353838289,1.83436255110755));
#1916=CARTESIAN_POINT('Ctrl Pts',(2.75897608883809,-1.27003344671696,1.83091649606617));
#1917=CARTESIAN_POINT('Ctrl Pts',(2.75812752158716,-1.27000502796575,1.83031463346313));
#1918=CARTESIAN_POINT('Ctrl Pts',(2.75813090528646,-1.27000170214007,1.85747881045216));
#1919=CARTESIAN_POINT('Ctrl Pts',(2.75813090528647,-1.27000170214007,1.85747881045216));
#1920=CARTESIAN_POINT('Ctrl Pts',(2.75813090528647,-1.27000170214007,1.85747881045216));
#1921=CARTESIAN_POINT('Ctrl Pts',(2.75813090528647,-1.27000170214007,1.85747881045216));
#1922=CARTESIAN_POINT('Ctrl Pts',(2.75813090528647,-1.27000170214007,1.85747881045216));
#1923=CARTESIAN_POINT('Ctrl Pts',(2.75813090528647,-1.27000170214007,1.85747881045216));
#1924=CARTESIAN_POINT('Ctrl Pts',(2.75813090528647,-1.27000170214007,1.85747881045216));
#1925=CARTESIAN_POINT('Ctrl Pts',(2.75813090528647,-1.27000170214007,1.85747881045216));
#1926=CARTESIAN_POINT('Ctrl Pts',(2.75813090528647,-1.27000170214007,1.85747881045216));
#1927=CARTESIAN_POINT('Ctrl Pts',(2.75813090528647,-1.27000170214007,1.85747881045216));
#1928=CARTESIAN_POINT('Ctrl Pts',(2.75813090528647,-1.27000170214007,1.85747881045216));
#1929=CARTESIAN_POINT('Ctrl Pts',(2.75801399107295,-1.27000072711402,3.47524319640027));
#1930=CARTESIAN_POINT('Ctrl Pts',(2.75801394722449,-1.27000971531084,3.50242748721066));
#1931=CARTESIAN_POINT('Ctrl Pts',(2.75801832525077,-1.26518312531662,3.5588346240368));
#1932=CARTESIAN_POINT('Ctrl Pts',(2.75802076167249,-1.24071246018248,3.64555953043987));
#1933=CARTESIAN_POINT('Ctrl Pts',(2.75802467227096,-1.19776454404037,3.72911859280928));
#1934=CARTESIAN_POINT('Ctrl Pts',(2.75802808650599,-1.13731486996709,3.80370480154774));
#1935=CARTESIAN_POINT('Ctrl Pts',(2.75803170991246,-1.06272916994206,3.86415453612227));
#1936=CARTESIAN_POINT('Ctrl Pts',(2.7580351216391,-0.979171906391393,3.90710296182633));
#1937=CARTESIAN_POINT('Ctrl Pts',(2.75803909226049,-0.892472412434183,3.93156643951213));
#1938=CARTESIAN_POINT('Ctrl Pts',(2.75804077123013,-0.836092838043652,3.93639801623219));
#1939=CARTESIAN_POINT('Ctrl Pts',(2.75804237586721,-0.808929385202146,3.9363946891329));
#1940=CARTESIAN_POINT('Ctrl Pts',(2.77302695477794,-1.27051039887979,3.48043855647211));
#1941=CARTESIAN_POINT('Ctrl Pts',(2.77304957698709,-1.2697345203951,3.50729945529834));
#1942=CARTESIAN_POINT('Ctrl Pts',(2.77073707703039,-1.26392537707295,3.56253885377133));
#1943=CARTESIAN_POINT('Ctrl Pts',(2.76945148189822,-1.2392427384757,3.64801523481984));
#1944=CARTESIAN_POINT('Ctrl Pts',(2.76738707011277,-1.19624901474483,3.7303904278189));
#1945=CARTESIAN_POINT('Ctrl Pts',(2.76558492608782,-1.13617040021603,3.8041741808241));
#1946=CARTESIAN_POINT('Ctrl Pts',(2.7636723445092,-1.06211837353903,3.8642212562981));
#1947=CARTESIAN_POINT('Ctrl Pts',(2.76187157610087,-0.978793257228419,3.90694645813351));
#1948=CARTESIAN_POINT('Ctrl Pts',(2.75977529297313,-0.892911182276601,3.93175318225303));
#1949=CARTESIAN_POINT('Ctrl Pts',(2.75888930557917,-0.835490935913573,3.93642644905912));
#1950=CARTESIAN_POINT('Ctrl Pts',(2.75804237586721,-0.808929385202146,3.9363946891329));
#1951=CARTESIAN_POINT('Ctrl Pts',(2.80570844104136,-1.26743709652362,3.49080587861219));
#1952=CARTESIAN_POINT('Ctrl Pts',(2.80752251141478,-1.26571328791053,3.5173835624945));
#1953=CARTESIAN_POINT('Ctrl Pts',(2.80429718604746,-1.25761802359496,3.5716251744746));
#1954=CARTESIAN_POINT('Ctrl Pts',(2.79825822140241,-1.23008065922907,3.65424009312792));
#1955=CARTESIAN_POINT('Ctrl Pts',(2.79159852637715,-1.18301753614593,3.73135580920772));
#1956=CARTESIAN_POINT('Ctrl Pts',(2.78503046082495,-1.12368053408572,3.80220286028652));
#1957=CARTESIAN_POINT('Ctrl Pts',(2.77815364334134,-1.05104891802621,3.86013685933453));
#1958=CARTESIAN_POINT('Ctrl Pts',(2.7714231698726,-0.971853500708911,3.90479820473304));
#1959=CARTESIAN_POINT('Ctrl Pts',(2.7652416051206,-0.887261880495746,3.930303579361));
#1960=CARTESIAN_POINT('Ctrl Pts',(2.76128707650475,-0.832044843725624,3.93650657672757));
#1961=CARTESIAN_POINT('Ctrl Pts',(2.75804237586721,-0.808929385202146,3.9363946891329));
#1962=CARTESIAN_POINT('Ctrl Pts',(2.85860060326921,-1.25056968679455,3.50629879896435));
#1963=CARTESIAN_POINT('Ctrl Pts',(2.85987795376459,-1.24682709842844,3.53194226728811));
#1964=CARTESIAN_POINT('Ctrl Pts',(2.85649686111429,-1.23552414039313,3.58398421260887));
#1965=CARTESIAN_POINT('Ctrl Pts',(2.84577424075065,-1.2042834621063,3.66271276823445));
#1966=CARTESIAN_POINT('Ctrl Pts',(2.83349005079876,-1.15622791318563,3.73721362426781));
#1967=CARTESIAN_POINT('Ctrl Pts',(2.81875575634874,-1.0977104750559,3.80507330321777));
#1968=CARTESIAN_POINT('Ctrl Pts',(2.80396952889482,-1.02778584709218,3.86131785272624));
#1969=CARTESIAN_POINT('Ctrl Pts',(2.78806929623841,-0.953954312720174,3.90423729461215));
#1970=CARTESIAN_POINT('Ctrl Pts',(2.77360129740705,-0.8769899634239,3.93029369502129));
#1971=CARTESIAN_POINT('Ctrl Pts',(2.7637951921579,-0.829281706108328,3.93659049659428));
#1972=CARTESIAN_POINT('Ctrl Pts',(2.75804237586721,-0.808929385202146,3.9363946891329));
#1973=CARTESIAN_POINT('Ctrl Pts',(2.91121250184267,-1.22145790101034,3.52173013579528));
#1974=CARTESIAN_POINT('Ctrl Pts',(2.91217873069753,-1.21667658536593,3.54662244112909));
#1975=CARTESIAN_POINT('Ctrl Pts',(2.90649637459113,-1.20053228531327,3.59720821662325));
#1976=CARTESIAN_POINT('Ctrl Pts',(2.89217197811932,-1.16713283011525,3.67272265273022));
#1977=CARTESIAN_POINT('Ctrl Pts',(2.87352419944999,-1.11816231615936,3.7428881954778));
#1978=CARTESIAN_POINT('Ctrl Pts',(2.85226202325133,-1.06384016729197,3.80747960914635));
#1979=CARTESIAN_POINT('Ctrl Pts',(2.82917689147571,-0.999767511627909,3.86126520008753));
#1980=CARTESIAN_POINT('Ctrl Pts',(2.80501009833931,-0.934847902593296,3.90391857885672));
#1981=CARTESIAN_POINT('Ctrl Pts',(2.78167430409972,-0.866656783715626,3.92985754591703));
#1982=CARTESIAN_POINT('Ctrl Pts',(2.76623601039555,-0.825986507231684,3.93667208928131));
#1983=CARTESIAN_POINT('Ctrl Pts',(2.75804237586721,-0.808929385202146,3.9363946891329));
#1984=CARTESIAN_POINT('Ctrl Pts',(2.95942407821563,-1.18010753472983,3.53710346892409));
#1985=CARTESIAN_POINT('Ctrl Pts',(2.95942520101721,-1.17458149125943,3.56123693615272));
#1986=CARTESIAN_POINT('Ctrl Pts',(2.95264994837743,-1.15606120457849,3.61019898681443));
#1987=CARTESIAN_POINT('Ctrl Pts',(2.93626194670515,-1.12204497248488,3.68309612273824));
#1988=CARTESIAN_POINT('Ctrl Pts',(2.91287454756434,-1.07611085057383,3.75164760281394));
#1989=CARTESIAN_POINT('Ctrl Pts',(2.88545607501221,-1.02628530978944,3.81381531268625));
#1990=CARTESIAN_POINT('Ctrl Pts',(2.85438390075347,-0.969744409064012,3.86568163525118));
#1991=CARTESIAN_POINT('Ctrl Pts',(2.82162283714082,-0.913320327804734,3.90566737549154));
#1992=CARTESIAN_POINT('Ctrl Pts',(2.7890691616518,-0.856702610824663,3.93062508728881));
#1993=CARTESIAN_POINT('Ctrl Pts',(2.76826025126825,-0.823186216432721,3.93673974804686));
#1994=CARTESIAN_POINT('Ctrl Pts',(2.75804237586721,-0.808929385202146,3.9363946891329));
#1995=CARTESIAN_POINT('Ctrl Pts',(2.99909942233398,-1.12652522981178,3.55241835743622));
#1996=CARTESIAN_POINT('Ctrl Pts',(2.9984615667677,-1.12092318115,3.57589415220807));
#1997=CARTESIAN_POINT('Ctrl Pts',(2.99139668578137,-1.10248912310331,3.62376010161384));
#1998=CARTESIAN_POINT('Ctrl Pts',(2.97330965566748,-1.0693691954724,3.69450530400986));
#1999=CARTESIAN_POINT('Ctrl Pts',(2.94569779887947,-1.02831324477646,3.75967761714903));
#2000=CARTESIAN_POINT('Ctrl Pts',(2.91342440265292,-0.98557149051888,3.81914997748288));
#2001=CARTESIAN_POINT('Ctrl Pts',(2.87563942766692,-0.938760956736787,3.86850709889573));
#2002=CARTESIAN_POINT('Ctrl Pts',(2.83623896472485,-0.892865168551828,3.90737110451813));
#2003=CARTESIAN_POINT('Ctrl Pts',(2.7955359908796,-0.847207996148874,3.93088300100863));
#2004=CARTESIAN_POINT('Ctrl Pts',(2.76996626287139,-0.820523873594989,3.93679673260768));
#2005=CARTESIAN_POINT('Ctrl Pts',(2.75804237586721,-0.808929385202146,3.9363946891329));
#2006=CARTESIAN_POINT('Ctrl Pts',(3.02878651082012,-1.06458605248746,3.56767460034082));
#2007=CARTESIAN_POINT('Ctrl Pts',(3.02799273292281,-1.05908507923769,3.59060913955279));
#2008=CARTESIAN_POINT('Ctrl Pts',(3.02280686636569,-1.04287242799305,3.63734812203104));
#2009=CARTESIAN_POINT('Ctrl Pts',(3.00388157117117,-1.01286666814679,3.70638133879271));
#2010=CARTESIAN_POINT('Ctrl Pts',(2.97458587015369,-0.979425200684326,3.77053743132488));
#2011=CARTESIAN_POINT('Ctrl Pts',(2.93813076052226,-0.944275808760749,3.82797056217491));
#2012=CARTESIAN_POINT('Ctrl Pts',(2.89479784455385,-0.90806013304592,3.87487469735204));
#2013=CARTESIAN_POINT('Ctrl Pts',(2.84849660008251,-0.872391502801887,3.91039889313093));
#2014=CARTESIAN_POINT('Ctrl Pts',(2.80098745314864,-0.838468669502828,3.93196832054884));
#2015=CARTESIAN_POINT('Ctrl Pts',(2.77137128563445,-0.81818617303523,3.93684364541874));
#2016=CARTESIAN_POINT('Ctrl Pts',(2.75804237586721,-0.808929385202146,3.9363946891329));
#2017=CARTESIAN_POINT('Ctrl Pts',(3.0470331505716,-0.998162699298615,3.58287237403888));
#2018=CARTESIAN_POINT('Ctrl Pts',(3.04679254131664,-0.993378997352652,3.60524884427969));
#2019=CARTESIAN_POINT('Ctrl Pts',(3.04109148672529,-0.978567825087345,3.65128001387615));
#2020=CARTESIAN_POINT('Ctrl Pts',(3.02308900889012,-0.954788331318108,3.71903304628877));
#2021=CARTESIAN_POINT('Ctrl Pts',(2.99203280413407,-0.929883730841629,3.78063862892333));
#2022=CARTESIAN_POINT('Ctrl Pts',(2.9534207419465,-0.905175314568852,3.83577073433297));
#2023=CARTESIAN_POINT('Ctrl Pts',(2.90674182575211,-0.880145126861508,3.88016913748381));
#2024=CARTESIAN_POINT('Ctrl Pts',(2.8569287122543,-0.855340841158229,3.91379875246703));
#2025=CARTESIAN_POINT('Ctrl Pts',(2.80482309942763,-0.831226015383209,3.93282279995823));
#2026=CARTESIAN_POINT('Ctrl Pts',(2.77232190458339,-0.815887077302999,3.93687529667813));
#2027=CARTESIAN_POINT('Ctrl Pts',(2.75804237586721,-0.808929385202146,3.9363946891329));
#2028=CARTESIAN_POINT('Ctrl Pts',(3.05060641684856,-0.953477586767401,3.59296495867466));
#2029=CARTESIAN_POINT('Ctrl Pts',(3.04981125575657,-0.948000503578759,3.61502774258087));
#2030=CARTESIAN_POINT('Ctrl Pts',(3.04686661174487,-0.93520959576035,3.66013961323167));
#2031=CARTESIAN_POINT('Ctrl Pts',(3.02822996175819,-0.917636650159355,3.72705107730904));
#2032=CARTESIAN_POINT('Ctrl Pts',(2.9988161032431,-0.899476076315111,3.78958121528523));
#2033=CARTESIAN_POINT('Ctrl Pts',(2.95954694010354,-0.881521078486442,3.84396516955068));
#2034=CARTESIAN_POINT('Ctrl Pts',(2.91164291483791,-0.863493787450978,3.88627207663425));
#2035=CARTESIAN_POINT('Ctrl Pts',(2.85897129872959,-0.845353767527606,3.91615707349314));
#2036=CARTESIAN_POINT('Ctrl Pts',(2.80596327438538,-0.827317548482131,3.93383159979353));
#2037=CARTESIAN_POINT('Ctrl Pts',(2.77296559495988,-0.814873049606844,3.9368967961771));
#2038=CARTESIAN_POINT('Ctrl Pts',(2.75804237586721,-0.808929385202146,3.9363946891329));
#2039=CARTESIAN_POINT('Ctrl Pts',(3.04999845157421,-0.931677203033198,3.59800167029791));
#2040=CARTESIAN_POINT('Ctrl Pts',(3.05060742522943,-0.926636849599745,3.61981856165267));
#2041=CARTESIAN_POINT('Ctrl Pts',(3.04703770912256,-0.916540788721785,3.66452462390216));
#2042=CARTESIAN_POINT('Ctrl Pts',(3.02878448714384,-0.901340128810701,3.73096498405012));
#2043=CARTESIAN_POINT('Ctrl Pts',(2.99909780081072,-0.886085268648412,3.79290389568045));
#2044=CARTESIAN_POINT('Ctrl Pts',(2.95942409456202,-0.87077205961068,3.84648639223194));
#2045=CARTESIAN_POINT('Ctrl Pts',(2.91121498894702,-0.855400664418075,3.88783866126105));
#2046=CARTESIAN_POINT('Ctrl Pts',(2.85860388980183,-0.83997124441281,3.9169531044253));
#2047=CARTESIAN_POINT('Ctrl Pts',(2.80572420399137,-0.824483960937097,3.93382212486539));
#2048=CARTESIAN_POINT('Ctrl Pts',(2.77304762673151,-0.814120637201133,3.93689945850167));
#2049=CARTESIAN_POINT('Ctrl Pts',(2.75804237586721,-0.808929385202146,3.9363946891329));
#2050=CARTESIAN_POINT('Ctrl Pts',(2.75804278035381,1.26999730233537,1.85753834210253));
#2051=CARTESIAN_POINT('Ctrl Pts',(2.75807230767527,1.27000561219292,1.83036121987535));
#2052=CARTESIAN_POINT('Ctrl Pts',(2.75807700013632,1.26517845486208,1.7739571063091));
#2053=CARTESIAN_POINT('Ctrl Pts',(2.758081127939,1.24070837718639,1.68723493373483));
#2054=CARTESIAN_POINT('Ctrl Pts',(2.75808786350597,1.19775936371162,1.60367438460854));
#2055=CARTESIAN_POINT('Ctrl Pts',(2.75809524008225,1.13730812403621,1.52908686481602));
#2056=CARTESIAN_POINT('Ctrl Pts',(2.75810372611953,1.06272048869775,1.46863607851602));
#2057=CARTESIAN_POINT('Ctrl Pts',(2.75811257239942,0.979161074556299,1.42568690900106));
#2058=CARTESIAN_POINT('Ctrl Pts',(2.75812219195446,0.892459321751017,1.40122303008348));
#2059=CARTESIAN_POINT('Ctrl Pts',(2.75812752158734,0.836078353529583,1.39639136330722));
#2060=CARTESIAN_POINT('Ctrl Pts',(2.75813090528647,0.808914176540669,1.3963946891329));
#2061=CARTESIAN_POINT('Ctrl Pts',(2.77302537537561,1.27050668750144,1.8523364080143));
#2062=CARTESIAN_POINT('Ctrl Pts',(2.77307729441964,1.26973028953419,1.82548285574198));
#2063=CARTESIAN_POINT('Ctrl Pts',(2.77081939883959,1.26392026706312,1.77025426882051));
#2064=CARTESIAN_POINT('Ctrl Pts',(2.76950261277505,1.23923822295803,1.68477671377329));
#2065=CARTESIAN_POINT('Ctrl Pts',(2.76745268772183,1.19624344631163,1.60240211558519));
#2066=CARTESIAN_POINT('Ctrl Pts',(2.76565079198395,1.13616340315063,1.52861690953286));
#2067=CARTESIAN_POINT('Ctrl Pts',(2.76374436788988,1.06210959438377,1.46856916892734));
#2068=CARTESIAN_POINT('Ctrl Pts',(2.76194877008669,0.978782414585475,1.42584333330245));
#2069=CARTESIAN_POINT('Ctrl Pts',(2.75985825899039,0.89289817261121,1.40103625243918));
#2070=CARTESIAN_POINT('Ctrl Pts',(2.75897608883826,0.835476490926437,1.39636294455601));
#2071=CARTESIAN_POINT('Ctrl Pts',(2.75813090528647,0.808914176540669,1.3963946891329));
#2072=CARTESIAN_POINT('Ctrl Pts',(2.8057064272078,1.26743300858835,1.84196378233623));
#2073=CARTESIAN_POINT('Ctrl Pts',(2.80749499625085,1.26570868096304,1.81538619062439));
#2074=CARTESIAN_POINT('Ctrl Pts',(2.8043252349221,1.25761260476013,1.76115596546823));
#2075=CARTESIAN_POINT('Ctrl Pts',(2.79829409613805,1.2300754419177,1.67854602245802));
#2076=CARTESIAN_POINT('Ctrl Pts',(2.79166294171319,1.18301122262635,1.60143395590958));
#2077=CARTESIAN_POINT('Ctrl Pts',(2.78508848325159,1.12367298712175,1.53058564754497));
#2078=CARTESIAN_POINT('Ctrl Pts',(2.77822844145786,1.05103983640129,1.4726532545988));
#2079=CARTESIAN_POINT('Ctrl Pts',(2.77149846438362,0.97184275341974,1.42799134859956));
#2080=CARTESIAN_POINT('Ctrl Pts',(2.76532677190578,0.887248986788535,1.40248620817976));
#2081=CARTESIAN_POINT('Ctrl Pts',(2.76137417699965,0.832030435885216,1.39628285289008));
#2082=CARTESIAN_POINT('Ctrl Pts',(2.75813090528647,0.808914176540669,1.3963946891329));
#2083=CARTESIAN_POINT('Ctrl Pts',(2.85859732139809,1.25056432549413,1.82646320207002));
#2084=CARTESIAN_POINT('Ctrl Pts',(2.85988233869121,1.24682158093684,1.80082440547801));
#2085=CARTESIAN_POINT('Ctrl Pts',(2.85651893511925,1.23551806945215,1.74878910501807));
#2086=CARTESIAN_POINT('Ctrl Pts',(2.84580482131059,1.2042778627844,1.67006669647051));
#2087=CARTESIAN_POINT('Ctrl Pts',(2.83353595619157,1.15622134099939,1.5955689962528));
#2088=CARTESIAN_POINT('Ctrl Pts',(2.81881079106349,1.0977027908326,1.52771171682513));
#2089=CARTESIAN_POINT('Ctrl Pts',(2.80403609639854,1.02777678546835,1.47146927348973));
#2090=CARTESIAN_POINT('Ctrl Pts',(2.78814415652998,0.953943634574587,1.42855140901142));
#2091=CARTESIAN_POINT('Ctrl Pts',(2.77368493948778,0.876977175461655,1.40249566010229));
#2092=CARTESIAN_POINT('Ctrl Pts',(2.76388244069734,0.829267348319927,1.39619897504528));
#2093=CARTESIAN_POINT('Ctrl Pts',(2.75813090528647,0.808914176540669,1.3963946891329));
#2094=CARTESIAN_POINT('Ctrl Pts',(2.91120881729723,1.2214511196977,1.81102428133609));
#2095=CARTESIAN_POINT('Ctrl Pts',(2.9121706813711,1.21666955174328,1.78613509167045));
#2096=CARTESIAN_POINT('Ctrl Pts',(2.90649182199237,1.20052545427404,1.73555441208461));
#2097=CARTESIAN_POINT('Ctrl Pts',(2.89219030340168,1.16712693568244,1.66004940094637));
#2098=CARTESIAN_POINT('Ctrl Pts',(2.87355861467113,1.11815572164162,1.58988850520081));
#2099=CARTESIAN_POINT('Ctrl Pts',(2.85230940730877,1.06383284128615,1.52530162629715));
#2100=CARTESIAN_POINT('Ctrl Pts',(2.82923900958829,0.999758985998357,1.47151969883163));
#2101=CARTESIAN_POINT('Ctrl Pts',(2.80508235416908,0.934837876806459,1.42886926476397));
#2102=CARTESIAN_POINT('Ctrl Pts',(2.78175778376448,0.866644359275681,1.40293161493598));
#2103=CARTESIAN_POINT('Ctrl Pts',(2.76632343120234,0.825972227184204,1.39611742360434));
#2104=CARTESIAN_POINT('Ctrl Pts',(2.75813090528647,0.808914176540669,1.3963946891329));
#2105=CARTESIAN_POINT('Ctrl Pts',(2.95942044568392,1.18009841821956,1.79564342367672));
#2106=CARTESIAN_POINT('Ctrl Pts',(2.95942100197775,1.17457232552206,1.77151363557739));
#2107=CARTESIAN_POINT('Ctrl Pts',(2.95265451333279,1.1560531019102,1.72255773970629));
#2108=CARTESIAN_POINT('Ctrl Pts',(2.93627416343513,1.12203864658067,1.64966912149028));
#2109=CARTESIAN_POINT('Ctrl Pts',(2.91290027608514,1.07610434726326,1.58112336821509));
#2110=CARTESIAN_POINT('Ctrl Pts',(2.88549607697044,1.02627844503474,1.51896185850182));
#2111=CARTESIAN_POINT('Ctrl Pts',(2.85443932347714,0.969736475397477,1.46710049351713));
#2112=CARTESIAN_POINT('Ctrl Pts',(2.82169242002676,0.913310808572083,1.42711919230076));
#2113=CARTESIAN_POINT('Ctrl Pts',(2.78915141577138,0.85669048248432,1.40216373986315));
#2114=CARTESIAN_POINT('Ctrl Pts',(2.76834776061169,0.823172007790573,1.39604980101385));
#2115=CARTESIAN_POINT('Ctrl Pts',(2.75813090528647,0.808914176540669,1.3963946891329));
#2116=CARTESIAN_POINT('Ctrl Pts',(2.99909659706237,1.12651265270279,1.78032102795288));
#2117=CARTESIAN_POINT('Ctrl Pts',(2.9984571286835,1.12091098937439,1.75684875868612));
#2118=CARTESIAN_POINT('Ctrl Pts',(2.99138944975786,1.10247890536067,1.70898784459153));
#2119=CARTESIAN_POINT('Ctrl Pts',(2.97331570973742,1.0693616734525,1.63825323154037));
#2120=CARTESIAN_POINT('Ctrl Pts',(2.9457161300886,1.02830632821851,1.57308779641339));
#2121=CARTESIAN_POINT('Ctrl Pts',(2.91345910846843,0.985564784744791,1.51362347703833));
#2122=CARTESIAN_POINT('Ctrl Pts',(2.87569088882936,0.938753529903353,1.46427269223404));
#2123=CARTESIAN_POINT('Ctrl Pts',(2.83630556669059,0.892856296943337,1.42541444044227));
#2124=CARTESIAN_POINT('Ctrl Pts',(2.7956175345877,0.847196211572906,1.4019054998459));
#2125=CARTESIAN_POINT('Ctrl Pts',(2.77005382104099,0.820509726540449,1.39599284845627));
#2126=CARTESIAN_POINT('Ctrl Pts',(2.75813090528647,0.808914176540669,1.3963946891329));
#2127=CARTESIAN_POINT('Ctrl Pts',(3.0287848895514,1.06456870904183,1.76505728692009));
#2128=CARTESIAN_POINT('Ctrl Pts',(3.02799010055599,1.0590689170526,1.74212632503827));
#2129=CARTESIAN_POINT('Ctrl Pts',(3.02280355553725,1.04285926330012,1.69539304383986));
#2130=CARTESIAN_POINT('Ctrl Pts',(3.00388412757331,1.01285725452263,1.62637055314173));
#2131=CARTESIAN_POINT('Ctrl Pts',(2.97459906235553,0.979417429407748,1.56222280305646));
#2132=CARTESIAN_POINT('Ctrl Pts',(2.93815942971135,0.944268886692574,1.50479904507648));
#2133=CARTESIAN_POINT('Ctrl Pts',(2.89484473561144,0.908052909515021,1.45790274106361));
#2134=CARTESIAN_POINT('Ctrl Pts',(2.84856129972004,0.872382864370091,1.42238543100878));
#2135=CARTESIAN_POINT('Ctrl Pts',(2.80106847244125,0.838457145335379,1.40082009134336));
#2136=CARTESIAN_POINT('Ctrl Pts',(2.77145882521853,0.818172109906491,1.39594596428402));
#2137=CARTESIAN_POINT('Ctrl Pts',(2.75813090528647,0.808914176540669,1.3963946891329));
#2138=CARTESIAN_POINT('Ctrl Pts',(3.05428336586879,0.971744846116914,1.74381051818848));
#2139=CARTESIAN_POINT('Ctrl Pts',(3.05426175375855,0.967247887868824,1.7216594456094));
#2140=CARTESIAN_POINT('Ctrl Pts',(3.04835035894825,0.952998222854326,1.67591511008376));
#2141=CARTESIAN_POINT('Ctrl Pts',(3.03072183660449,0.931697880983681,1.60868330627182));
#2142=CARTESIAN_POINT('Ctrl Pts',(2.9989758989617,0.910188571218036,1.54810127069438));
#2143=CARTESIAN_POINT('Ctrl Pts',(2.95952262434591,0.889630796718989,1.49389477535589));
#2144=CARTESIAN_POINT('Ctrl Pts',(2.91153255287961,0.869045721072004,1.45050184583256));
#2145=CARTESIAN_POINT('Ctrl Pts',(2.86034129578725,0.848557431521688,1.41763334574487));
#2146=CARTESIAN_POINT('Ctrl Pts',(2.80642720295249,0.828336990604261,1.39962572928615));
#2147=CARTESIAN_POINT('Ctrl Pts',(2.7727871090848,0.814959503189194,1.39590176717481));
#2148=CARTESIAN_POINT('Ctrl Pts',(2.75813090528647,0.808914176540669,1.3963946891329));
#2149=CARTESIAN_POINT('Ctrl Pts',(3.05181344631238,0.900034284478627,1.72773220591173));
#2150=CARTESIAN_POINT('Ctrl Pts',(3.05002892447191,0.893318531122739,1.70602597507955));
#2151=CARTESIAN_POINT('Ctrl Pts',(3.05147337405344,0.883327183863863,1.66217574642225));
#2152=CARTESIAN_POINT('Ctrl Pts',(3.03163943930387,0.873889093655669,1.5962753813891));
#2153=CARTESIAN_POINT('Ctrl Pts',(3.00519044908923,0.86414613546053,1.53172350798518));
#2154=CARTESIAN_POINT('Ctrl Pts',(2.96542671854732,0.854171019800133,1.47796436087002));
#2155=CARTESIAN_POINT('Ctrl Pts',(2.91644030289132,0.844331283757998,1.43831184570984));
#2156=CARTESIAN_POINT('Ctrl Pts',(2.86020199015182,0.833928995485191,1.41378088534543));
#2157=CARTESIAN_POINT('Ctrl Pts',(2.80690154565431,0.822973754935908,1.39759922825901));
#2158=CARTESIAN_POINT('Ctrl Pts',(2.77382360806379,0.813834891977716,1.39586710384982));
#2159=CARTESIAN_POINT('Ctrl Pts',(2.75813090528647,0.80891417654067,1.3963946891329));
#2160=CARTESIAN_POINT('Ctrl Pts',(3.03720510014512,0.857079973061358,1.71673616979904));
#2161=CARTESIAN_POINT('Ctrl Pts',(3.05323684384898,0.85876654545782,1.69635870188999));
#2162=CARTESIAN_POINT('Ctrl Pts',(3.03420055851603,0.867884927573154,1.6526006888418));
#2163=CARTESIAN_POINT('Ctrl Pts',(3.02203206172519,0.855951430189635,1.58815804319314));
#2164=CARTESIAN_POINT('Ctrl Pts',(2.98367159745035,0.847869590498345,1.53572720471622));
#2165=CARTESIAN_POINT('Ctrl Pts',(2.94177896193887,0.837716331236968,1.48790324783102));
#2166=CARTESIAN_POINT('Ctrl Pts',(2.89389213767872,0.826999650195572,1.44925873997231));
#2167=CARTESIAN_POINT('Ctrl Pts',(2.85059527506732,0.817807905791506,1.41530222927741));
#2168=CARTESIAN_POINT('Ctrl Pts',(2.80072862909929,0.80870853985173,1.40224353730089));
#2169=CARTESIAN_POINT('Ctrl Pts',(2.77199588178179,0.809733778150648,1.39592899831841));
#2170=CARTESIAN_POINT('Ctrl Pts',(2.75813090528647,0.808914176540667,1.3963946891329));
#2171=CARTESIAN_POINT('Ctrl Pts',(3.04999865892067,0.931709328442298,3.59804633339705));
#2172=CARTESIAN_POINT('Ctrl Pts',(3.05060692084032,0.926669184085763,3.61986299998645));
#2173=CARTESIAN_POINT('Ctrl Pts',(3.04703731045359,0.916572729451606,3.6645684478666));
#2174=CARTESIAN_POINT('Ctrl Pts',(3.02878816975034,0.901370219884591,3.73100386099185));
#2175=CARTESIAN_POINT('Ctrl Pts',(2.99910870904667,0.886111713075847,3.79293654960714));
#2176=CARTESIAN_POINT('Ctrl Pts',(2.95944709744416,0.870793390040193,3.84651059077284));
#2177=CARTESIAN_POINT('Ctrl Pts',(2.91125598880415,0.855415168693385,3.88785372969929));
#2178=CARTESIAN_POINT('Ctrl Pts',(2.8586675374748,0.839976965612923,3.91695991328998));
#2179=CARTESIAN_POINT('Ctrl Pts',(2.80581389883226,0.8244786973763,3.9338230899316));
#2180=CARTESIAN_POINT('Ctrl Pts',(2.77315611826001,0.814106419499444,3.93689916838296));
#2181=CARTESIAN_POINT('Ctrl Pts',(2.75816041513532,0.808910241894155,3.9363946891329));
#2182=CARTESIAN_POINT('Ctrl Pts',(3.05060604934251,0.953511686651862,3.59300934537462));
#2183=CARTESIAN_POINT('Ctrl Pts',(3.04980987536975,0.948034511656231,3.61507175670106));
#2184=CARTESIAN_POINT('Ctrl Pts',(3.04686368107199,0.935243184200535,3.66018218134182));
#2185=CARTESIAN_POINT('Ctrl Pts',(3.02823078942169,0.917667893673224,3.72708762047297));
#2186=CARTESIAN_POINT('Ctrl Pts',(2.99882486664316,0.899503317534974,3.789611021396));
#2187=CARTESIAN_POINT('Ctrl Pts',(2.95956899091879,0.881543064036084,3.8439868108433));
#2188=CARTESIAN_POINT('Ctrl Pts',(2.91168389673292,0.86350890254879,3.88628547712835));
#2189=CARTESIAN_POINT('Ctrl Pts',(2.85903535335749,0.845359933635679,3.91616320447346));
#2190=CARTESIAN_POINT('Ctrl Pts',(2.80605291290891,0.827312649140707,3.93383239522089));
#2191=CARTESIAN_POINT('Ctrl Pts',(2.77307441156096,0.814858786096485,3.9368965168103));
#2192=CARTESIAN_POINT('Ctrl Pts',(2.75816041513532,0.808910241894155,3.9363946891329));
#2193=CARTESIAN_POINT('Ctrl Pts',(3.04703336756181,0.998198980156198,3.58291590353313));
#2194=CARTESIAN_POINT('Ctrl Pts',(3.04678935129149,0.99341382909102,3.60529186896173));
#2195=CARTESIAN_POINT('Ctrl Pts',(3.04108551158263,0.978600995305823,3.65132079304857));
#2196=CARTESIAN_POINT('Ctrl Pts',(3.02308665492106,0.954818741336268,3.71906654798267));
#2197=CARTESIAN_POINT('Ctrl Pts',(2.99204080900676,0.929909702741385,3.78066543860447));
#2198=CARTESIAN_POINT('Ctrl Pts',(2.95344434034711,0.905196038295379,3.83578947784743));
#2199=CARTESIAN_POINT('Ctrl Pts',(2.90678559689137,0.880159113087414,3.88018052639133));
#2200=CARTESIAN_POINT('Ctrl Pts',(2.8569958349447,0.855346164020441,3.91380355655321));
#2201=CARTESIAN_POINT('Ctrl Pts',(2.80491579263951,0.83122026988002,3.93282357505298));
#2202=CARTESIAN_POINT('Ctrl Pts',(2.77243251424874,0.815872222586565,3.93687507619253));
#2203=CARTESIAN_POINT('Ctrl Pts',(2.75816041513532,0.808910241894155,3.9363946891329));
#2204=CARTESIAN_POINT('Ctrl Pts',(3.02878993206513,1.0646196602508,3.56771589696122));
#2205=CARTESIAN_POINT('Ctrl Pts',(3.02799184960744,1.0591155283515,3.59064921703201));
#2206=CARTESIAN_POINT('Ctrl Pts',(3.02280230037049,1.04289870391399,3.63738544241731));
#2207=CARTESIAN_POINT('Ctrl Pts',(3.00388190757861,1.01288952768721,3.70641104219968));
#2208=CARTESIAN_POINT('Ctrl Pts',(2.97459790186409,0.979443474224566,3.77056093205451));
#2209=CARTESIAN_POINT('Ctrl Pts',(2.93815997867148,0.944290189174551,3.82798649201322));
#2210=CARTESIAN_POINT('Ctrl Pts',(2.89484840288519,0.908068992170556,3.87488432776287));
#2211=CARTESIAN_POINT('Ctrl Pts',(2.84857049650015,0.872393774359334,3.91040268677793));
#2212=CARTESIAN_POINT('Ctrl Pts',(2.80108478263415,0.838461287798054,3.93196891329436));
#2213=CARTESIAN_POINT('Ctrl Pts',(2.77148326012882,0.818170912719255,3.93684346883456));
#2214=CARTESIAN_POINT('Ctrl Pts',(2.75816041513532,0.808910241894155,3.9363946891329));
#2215=CARTESIAN_POINT('Ctrl Pts',(2.99911012168523,1.12655258378906,3.55245619257854));
#2216=CARTESIAN_POINT('Ctrl Pts',(2.99846793869678,1.12094550116802,3.57593026312973));
#2217=CARTESIAN_POINT('Ctrl Pts',(2.99140202868458,1.10250679410273,3.62379306423637));
#2218=CARTESIAN_POINT('Ctrl Pts',(2.97332055111418,1.06938366823715,3.69453044455654));
#2219=CARTESIAN_POINT('Ctrl Pts',(2.94572167719593,1.02832387256986,3.75969728132666));
#2220=CARTESIAN_POINT('Ctrl Pts',(2.91346475750878,0.985579335994122,3.81916283490523));
#2221=CARTESIAN_POINT('Ctrl Pts',(2.87569996887593,0.938764651003185,3.86851475636926));
#2222=CARTESIAN_POINT('Ctrl Pts',(2.83632020601148,0.892864074272574,3.90737381511157));
#2223=CARTESIAN_POINT('Ctrl Pts',(2.7956378815185,0.847198808737537,3.93088350040574));
#2224=CARTESIAN_POINT('Ctrl Pts',(2.77007981667581,0.820508054562216,3.93679660620187));
#2225=CARTESIAN_POINT('Ctrl Pts',(2.75816041513532,0.808910241894155,3.9363946891329));
#2226=CARTESIAN_POINT('Ctrl Pts',(2.9594470863278,1.18012646100402,3.53713641418224));
#2227=CARTESIAN_POINT('Ctrl Pts',(2.95944518965384,1.1745945217061,3.56126790901536));
#2228=CARTESIAN_POINT('Ctrl Pts',(2.95267072810105,1.15606884087012,3.61022657370471));
#2229=CARTESIAN_POINT('Ctrl Pts',(2.93628907796789,1.12204947018453,3.68311669919636));
#2230=CARTESIAN_POINT('Ctrl Pts',(2.91291388888221,1.07611225198369,3.7516636527879));
#2231=CARTESIAN_POINT('Ctrl Pts',(2.88551013221849,1.02628535501825,3.81382575937115));
#2232=CARTESIAN_POINT('Ctrl Pts',(2.85445561704605,0.969741970611424,3.86568784670553));
#2233=CARTESIAN_POINT('Ctrl Pts',(2.82171209381535,0.913315229661094,3.90566951764163));
#2234=CARTESIAN_POINT('Ctrl Pts',(2.78917503704341,0.856691546245212,3.93062545948721));
#2235=CARTESIAN_POINT('Ctrl Pts',(2.76837505783144,0.82316990210097,3.93673966025275));
#2236=CARTESIAN_POINT('Ctrl Pts',(2.75816041513532,0.808910241894155,3.9363946891329));
#2237=CARTESIAN_POINT('Ctrl Pts',(2.91125383057709,1.22146794950495,3.52175651275862));
#2238=CARTESIAN_POINT('Ctrl Pts',(2.91221898221784,1.21668125448,3.54664693259042));
#2239=CARTESIAN_POINT('Ctrl Pts',(2.9065390338125,1.2005323317402,3.59722938474648));
#2240=CARTESIAN_POINT('Ctrl Pts',(2.89222088022459,1.16713064539215,3.67273742963989));
#2241=CARTESIAN_POINT('Ctrl Pts',(2.8735834367819,1.11815792262629,3.74289955250044));
#2242=CARTESIAN_POINT('Ctrl Pts',(2.8523327093489,1.0638349597229,3.80748675931711));
#2243=CARTESIAN_POINT('Ctrl Pts',(2.82926107466803,0.999760730441346,3.86126934301301));
#2244=CARTESIAN_POINT('Ctrl Pts',(2.80510713884917,0.934839474633808,3.90391977869827));
#2245=CARTESIAN_POINT('Ctrl Pts',(2.78178391654954,0.866644002452354,3.92985776995901));
#2246=CARTESIAN_POINT('Ctrl Pts',(2.76635193743361,0.82596970299237,3.9366720350176));
#2247=CARTESIAN_POINT('Ctrl Pts',(2.75816041513532,0.808910241894155,3.9363946891329));
#2248=CARTESIAN_POINT('Ctrl Pts',(2.85866468235169,1.2505718255994,3.50631664820942));
#2249=CARTESIAN_POINT('Ctrl Pts',(2.85994263094487,1.24682569346378,3.53195823230923));
#2250=CARTESIAN_POINT('Ctrl Pts',(2.85656345270751,1.23551850831228,3.58399702631429));
#2251=CARTESIAN_POINT('Ctrl Pts',(2.84584660280414,1.20427617943814,3.6627209090545));
#2252=CARTESIAN_POINT('Ctrl Pts',(2.83356949962619,1.15621885327857,3.73721997370724));
#2253=CARTESIAN_POINT('Ctrl Pts',(2.81884325409428,1.09770089548716,3.80507735632485));
#2254=CARTESIAN_POINT('Ctrl Pts',(2.80406587636902,1.02777519277256,3.86132020834595));
#2255=CARTESIAN_POINT('Ctrl Pts',(2.78817409176793,0.953942665407007,3.90423790664045));
#2256=CARTESIAN_POINT('Ctrl Pts',(2.7737141057628,0.876975384045863,3.93029378766044));
#2257=CARTESIAN_POINT('Ctrl Pts',(2.76391198733579,0.829264396695058,3.93659046654652));
#2258=CARTESIAN_POINT('Ctrl Pts',(2.75816041513532,0.808910241894155,3.9363946891329));
#2259=CARTESIAN_POINT('Ctrl Pts',(2.80579623562166,1.26743487643734,3.49081231926467));
#2260=CARTESIAN_POINT('Ctrl Pts',(2.80761143066743,1.2657091157256,3.51738845200243));
#2261=CARTESIAN_POINT('Ctrl Pts',(2.80438778906154,1.25761280587421,3.5716271451865));
#2262=CARTESIAN_POINT('Ctrl Pts',(2.79835252064359,1.23007478414029,3.65423916050699));
#2263=CARTESIAN_POINT('Ctrl Pts',(2.79169652479975,1.18301040657708,3.73135494256084));
#2264=CARTESIAN_POINT('Ctrl Pts',(2.78513272347291,1.12367192158901,3.80220223294441));
#2265=CARTESIAN_POINT('Ctrl Pts',(2.77826011977472,1.05103854284406,3.86013638672568));
#2266=CARTESIAN_POINT('Ctrl Pts',(2.77153391496333,0.971841102018155,3.90479783187062));
#2267=CARTESIAN_POINT('Ctrl Pts',(2.76535659086954,0.887246596553838,3.93030348574037));
#2268=CARTESIAN_POINT('Ctrl Pts',(2.76140458620694,0.83202727139701,3.93650656562988));
#2269=CARTESIAN_POINT('Ctrl Pts',(2.75816041513532,0.808910241894155,3.9363946891329));
#2270=CARTESIAN_POINT('Ctrl Pts',(2.7731307970429,1.27050687827706,3.48043539283595));
#2271=CARTESIAN_POINT('Ctrl Pts',(2.77315355694212,1.26973086792694,3.50729425183249));
#2272=CARTESIAN_POINT('Ctrl Pts',(2.77084176756549,1.26392122711916,3.56253146828567));
#2273=CARTESIAN_POINT('Ctrl Pts',(2.76955835483456,1.23923882719331,3.64800717973945));
#2274=CARTESIAN_POINT('Ctrl Pts',(2.76749572152973,1.19624417598874,3.73038499608519));
#2275=CARTESIAN_POINT('Ctrl Pts',(2.7656954819375,1.13616349792957,3.80417101228509));
#2276=CARTESIAN_POINT('Ctrl Pts',(2.76378477583672,1.06210892663277,3.86421990441785));
#2277=CARTESIAN_POINT('Ctrl Pts',(2.76198593226607,0.97878063889543,3.90694596223896));
#2278=CARTESIAN_POINT('Ctrl Pts',(2.75989129355401,0.892895555560258,3.93175322922473));
#2279=CARTESIAN_POINT('Ctrl Pts',(2.75900673635068,0.835473281743027,3.9364264304962));
#2280=CARTESIAN_POINT('Ctrl Pts',(2.75816041513532,0.808910241894155,3.9363946891329));
#2281=CARTESIAN_POINT('Ctrl Pts',(2.7581256190298,1.2699971080525,3.47523446776829));
#2282=CARTESIAN_POINT('Ctrl Pts',(2.75812556473465,1.27000588179193,3.50241697627363));
#2283=CARTESIAN_POINT('Ctrl Pts',(2.75813093438144,1.26517917086217,3.55882342166778));
#2284=CARTESIAN_POINT('Ctrl Pts',(2.75813391919969,1.2407086875279,3.6455485442869));
#2285=CARTESIAN_POINT('Ctrl Pts',(2.75813871350701,1.19775932493309,3.72911096836298));
#2286=CARTESIAN_POINT('Ctrl Pts',(2.75814289858566,1.13730742813432,3.80370006850071));
#2287=CARTESIAN_POINT('Ctrl Pts',(2.75814734038124,1.06271895294795,3.86415204027331));
#2288=CARTESIAN_POINT('Ctrl Pts',(2.7581515223564,0.979158737126157,3.90710202850328));
#2289=CARTESIAN_POINT('Ctrl Pts',(2.75815639051728,0.892455933057879,3.93156619462122));
#2290=CARTESIAN_POINT('Ctrl Pts',(2.75815844752076,0.836074879644124,3.93639800418073));
#2291=CARTESIAN_POINT('Ctrl Pts',(2.75816041513532,0.808910241894155,3.9363946891329));
#2292=CARTESIAN_POINT('Origin',(-1.55,-1.27000170214007,1.3963946891329));
#2293=CARTESIAN_POINT('',(-1.55,-0.970001702140071,3.9363946891329));
#2294=CARTESIAN_POINT('',(-1.55,0.969998297859928,3.9363946891329));
#2295=CARTESIAN_POINT('',(-1.55,-0.970001702140071,3.9363946891329));
#2296=CARTESIAN_POINT('',(-1.55,-1.27000170214007,3.6363946891329));
#2297=CARTESIAN_POINT('Origin',(-1.55,-0.970001702140071,3.6363946891329));
#2298=CARTESIAN_POINT('',(-1.55,-1.27000170214007,1.6963946891329));
#2299=CARTESIAN_POINT('',(-1.55,-1.27000170214007,1.6963946891329));
#2300=CARTESIAN_POINT('',(-1.55,-0.970001702140071,1.3963946891329));
#2301=CARTESIAN_POINT('Origin',(-1.55,-0.970001702140071,1.6963946891329));
#2302=CARTESIAN_POINT('',(-1.55,0.969998297859928,1.3963946891329));
#2303=CARTESIAN_POINT('',(-1.55,-0.970001702140071,1.3963946891329));
#2304=CARTESIAN_POINT('',(-1.55,1.26999829785993,1.6963946891329));
#2305=CARTESIAN_POINT('Origin',(-1.54999999999967,0.969998297859911,1.69639468913292));
#2306=CARTESIAN_POINT('',(-1.55,1.26999829785993,3.6363946891329));
#2307=CARTESIAN_POINT('',(-1.55,1.26999829785993,1.6963946891329));
#2308=CARTESIAN_POINT('Origin',(-1.54999999999975,0.969998297859915,3.63639468913289));
#2309=CARTESIAN_POINT('Origin',(-3.05,-1.27000170214007,1.3963946891329));
#2310=CARTESIAN_POINT('',(-2.75815681455299,0.808916384375079,1.39639468917225));
#2311=CARTESIAN_POINT('',(-1.55,0.96999829785993,1.3963946891329));
#2312=CARTESIAN_POINT('',(-2.7580743195795,-0.808925433579446,1.39639466836555));
#2313=CARTESIAN_POINT('',(-2.7580744472634,-0.808925109171618,1.3963946891329));
#2314=CARTESIAN_POINT('Ctrl Pts',(-2.75815846138146,0.808915802473765,1.3963946891329));
#2315=CARTESIAN_POINT('Ctrl Pts',(-2.7735122245301,0.765209132699346,1.3963946891329));
#2316=CARTESIAN_POINT('Ctrl Pts',(-2.78784686831208,0.720792288297474,1.3963946891329));
#2317=CARTESIAN_POINT('Ctrl Pts',(-2.80103023714809,0.675657127853542,1.3963946891329));
#2318=CARTESIAN_POINT('Ctrl Pts',(-2.86352685598656,0.461690959299383,1.3963946891329));
#2319=CARTESIAN_POINT('Ctrl Pts',(-2.90015088655081,0.231582238307086,1.3963946891329));
#2320=CARTESIAN_POINT('Ctrl Pts',(-2.90020512898719,0.000203873501605639,
1.3963946891329));
#2321=CARTESIAN_POINT('Ctrl Pts',(-2.90023054343252,-0.108204841112474,
1.3963946891329));
#2322=CARTESIAN_POINT('Ctrl Pts',(-2.89223258164059,-0.216892273584896,
1.39639468915356));
#2323=CARTESIAN_POINT('Ctrl Pts',(-2.87724982601013,-0.323351246918583,
1.39639468938173));
#2324=CARTESIAN_POINT('Ctrl Pts',(-2.86226707037966,-0.429810220252274,
1.39639468960991));
#2325=CARTESIAN_POINT('Ctrl Pts',(-2.84029939692966,-0.534040734447227,
1.39639468994115));
#2326=CARTESIAN_POINT('Ctrl Pts',(-2.81252465960205,-0.635019440671867,
1.39639469023951));
#2327=CARTESIAN_POINT('Ctrl Pts',(-2.79627051486412,-0.694113519116736,
1.39639469041411));
#2328=CARTESIAN_POINT('Ctrl Pts',(-2.77802759844233,-0.752093936036776,
1.39639469058083));
#2329=CARTESIAN_POINT('Ctrl Pts',(-2.75807444726323,-0.808925109054837,
1.39639469073335));
#2330=CARTESIAN_POINT('Origin',(-3.05,-1.27000170214007,3.9363946891329));
#2331=CARTESIAN_POINT('',(-2.75816041513532,0.808910241894155,3.9363946891329));
#2332=CARTESIAN_POINT('',(-1.55,0.96999829785993,3.9363946891329));
#2333=CARTESIAN_POINT('',(-2.7580461464274,-0.808928026528349,3.93639468909447));
#2334=CARTESIAN_POINT('Ctrl Pts',(-2.75816041479825,0.808910241775632,3.9363946891329));
#2335=CARTESIAN_POINT('Ctrl Pts',(-2.77351343962391,0.765205367455058,3.9363946891329));
#2336=CARTESIAN_POINT('Ctrl Pts',(-2.85580194180617,0.510227945143333,3.9363946891329));
#2337=CARTESIAN_POINT('Ctrl Pts',(-2.91731093167127,0.123765350009107,3.9363946891329));
#2338=CARTESIAN_POINT('Ctrl Pts',(-2.88422471363403,-0.325584366019954,
3.9363946891329));
#2339=CARTESIAN_POINT('Ctrl Pts',(-2.82742157608395,-0.595040974883321,
3.9363946891329));
#2340=CARTESIAN_POINT('Ctrl Pts',(-2.77799888739308,-0.752095814131271,
3.9363946891329));
#2341=CARTESIAN_POINT('Ctrl Pts',(-2.75804363709793,-0.808925793113761,
3.9363946891329));
#2342=CARTESIAN_POINT('',(-2.75805231487677,-0.808928060156502,3.9363946891329));
#2343=CARTESIAN_POINT('Origin',(-3.05,-1.27000170214007,1.3963946891329));
#2344=CARTESIAN_POINT('',(-2.75815733525289,-1.27000170214007,1.85747397884044));
#2345=CARTESIAN_POINT('',(-2.75804949183556,-1.270001785425,3.47532032981865));
#2346=CARTESIAN_POINT('Ctrl Pts',(-2.75815733525289,-1.27000170214007,1.85747397884044));
#2347=CARTESIAN_POINT('Ctrl Pts',(-2.77351152286432,-1.27000170214007,1.90118168032596));
#2348=CARTESIAN_POINT('Ctrl Pts',(-2.85580142528789,-1.27000170214007,2.15616179655158));
#2349=CARTESIAN_POINT('Ctrl Pts',(-2.91731093167127,-1.27000170214007,2.54262763698372));
#2350=CARTESIAN_POINT('Ctrl Pts',(-2.88422471363403,-1.27000170214007,2.99197735301278));
#2351=CARTESIAN_POINT('Ctrl Pts',(-2.82742161006521,-1.27000170214007,3.26143380067954));
#2352=CARTESIAN_POINT('Ctrl Pts',(-2.77799898382779,-1.27000170214007,3.41848849467498));
#2353=CARTESIAN_POINT('Ctrl Pts',(-2.75804379530821,-1.27000170214007,3.475318329544));
#2354=CARTESIAN_POINT('',(-2.75811871194122,-1.27000170214007,1.85747718405839));
#2355=CARTESIAN_POINT('',(-2.75805231487677,-1.27000170214007,3.47532104714933));
#2356=CARTESIAN_POINT('Origin',(-1.55,1.26999829785993,1.3963946891329));
#2357=CARTESIAN_POINT('',(-2.75807444423397,1.26999834056532,1.85747128035128));
#2358=CARTESIAN_POINT('',(-1.55,1.26999829785993,1.6963946891329));
#2359=CARTESIAN_POINT('',(-2.75815989405066,1.26999829053921,3.47530800449752));
#2360=CARTESIAN_POINT('Ctrl Pts',(-2.75815992874235,1.26999829785993,3.47530801668433));
#2361=CARTESIAN_POINT('Ctrl Pts',(-2.77351282557517,1.26999829785993,3.43160358292763));
#2362=CARTESIAN_POINT('Ctrl Pts',(-2.78784670597317,1.26999829785993,3.38718904626703));
#2363=CARTESIAN_POINT('Ctrl Pts',(-2.80102943467181,1.26999829785993,3.34205626651381));
#2364=CARTESIAN_POINT('Ctrl Pts',(-2.86352665235156,1.26999829785993,3.12808894417781));
#2365=CARTESIAN_POINT('Ctrl Pts',(-2.90015104433459,1.26999829800062,2.89797869806742));
#2366=CARTESIAN_POINT('Ctrl Pts',(-2.90021162272859,1.26999829771919,2.66659878888286));
#2367=CARTESIAN_POINT('Ctrl Pts',(-2.90024000554657,1.26999829758733,2.55819027200915));
#2368=CARTESIAN_POINT('Ctrl Pts',(-2.89224068090182,1.26999829734878,2.44950303778657));
#2369=CARTESIAN_POINT('Ctrl Pts',(-2.87725646888637,1.26999829711532,2.34304425863888));
#2370=CARTESIAN_POINT('Ctrl Pts',(-2.86227225687092,1.26999829688186,2.23658547949119));
#2371=CARTESIAN_POINT('Ctrl Pts',(-2.84030315748478,1.26999829666584,2.1323551554184));
#2372=CARTESIAN_POINT('Ctrl Pts',(-2.81252703871789,1.26999829650243,2.0313766333853));
#2373=CARTESIAN_POINT('Ctrl Pts',(-2.79627208554337,1.26999829640679,1.97228266273176));
#2374=CARTESIAN_POINT('Ctrl Pts',(-2.77802837592403,1.26999829632678,1.91430235157197));
#2375=CARTESIAN_POINT('Ctrl Pts',(-2.75807444726323,1.26999829625948,1.85747128221814));
#2376=CARTESIAN_POINT('',(-1.55,1.26999829785993,3.6363946891329));
#2377=CARTESIAN_POINT('Origin',(-3.05,1.26999829785993,1.3963946891329));
#2378=CARTESIAN_POINT('',(-3.05000124621173,0.931768590000587,3.59816498127354));
#2379=CARTESIAN_POINT('',(-3.05000266322412,0.931721611840469,1.73460539913775));
#2380=CARTESIAN_POINT('Ctrl Pts',(-3.04999998550343,0.93176866983663,3.59816501363489));
#2381=CARTESIAN_POINT('Ctrl Pts',(-3.04999998531925,0.965274264111039,3.51550608848527));
#2382=CARTESIAN_POINT('Ctrl Pts',(-3.04999998500371,0.995378930660289,3.43017307302824));
#2383=CARTESIAN_POINT('Ctrl Pts',(-3.04999998333634,1.08359997412347,3.12812249956338));
#2384=CARTESIAN_POINT('Ctrl Pts',(-3.04999998038391,1.12022605398441,2.8979953957886));
#2385=CARTESIAN_POINT('Ctrl Pts',(-3.04999997914324,1.12030780082482,2.55818892704037));
#2386=CARTESIAN_POINT('Ctrl Pts',(-3.04999997929312,1.11230693190196,2.44950061567573));
#2387=CARTESIAN_POINT('Ctrl Pts',(-3.0499999800103,1.08233737579959,2.23658189895959));
#2388=CARTESIAN_POINT('Ctrl Pts',(-3.04999998051706,1.06036888338588,2.13235152244775));
#2389=CARTESIAN_POINT('Ctrl Pts',(-3.04999998119208,1.00444992732719,1.92904996544466));
#2390=CARTESIAN_POINT('Ctrl Pts',(-3.04999998139664,0.97034389542226,1.83006600618067));
#2391=CARTESIAN_POINT('Ctrl Pts',(-3.04999998144433,0.931721736196178,1.73460534882502));
#2392=CARTESIAN_POINT('',(-3.05000266684603,-0.93179099184667,1.73467137494308));
#2393=CARTESIAN_POINT('Ctrl Pts',(-3.04999998550183,0.931721661354194,1.73460527697821));
#2394=CARTESIAN_POINT('Ctrl Pts',(-3.04999998548337,0.849081563863739,1.70110957909961));
#2395=CARTESIAN_POINT('Ctrl Pts',(-3.04999998534646,0.763768688630559,1.67101333026277));
#2396=CARTESIAN_POINT('Ctrl Pts',(-3.04999998433201,0.46173781562757,1.5827977542491));
#2397=CARTESIAN_POINT('Ctrl Pts',(-3.04999998083884,0.123791420189245,1.5290109030455));
#2398=CARTESIAN_POINT('Ctrl Pts',(-3.0499999808127,-0.216893248589656,1.55408874361165));
#2399=CARTESIAN_POINT('Ctrl Pts',(-3.04999998115363,-0.429814487665191,
1.58405814572566));
#2400=CARTESIAN_POINT('Ctrl Pts',(-3.04999998142098,-0.534044859082151,
1.60602626311219));
#2401=CARTESIAN_POINT('Ctrl Pts',(-3.0499999816347,-0.737346400042584,1.6619442752622));
#2402=CARTESIAN_POINT('Ctrl Pts',(-3.04999998161167,-0.83633035821051,1.69604973000278));
#2403=CARTESIAN_POINT('Ctrl Pts',(-3.04999998144433,-0.931791042126375,
1.73467125066688));
#2404=CARTESIAN_POINT('',(-3.05000283094541,-0.931744018660903,3.59813700581626));
#2405=CARTESIAN_POINT('Ctrl Pts',(-3.05,-0.931791114185405,1.73467132535755));
#2406=CARTESIAN_POINT('Ctrl Pts',(-3.05,-0.965286531383661,1.81731211761036));
#2407=CARTESIAN_POINT('Ctrl Pts',(-3.05,-1.06852689123903,2.10996954601639));
#2408=CARTESIAN_POINT('Ctrl Pts',(-3.05,-1.13738355329025,2.5426134451251));
#2409=CARTESIAN_POINT('Ctrl Pts',(-3.05,-1.1043011096834,2.99200317039492));
#2410=CARTESIAN_POINT('Ctrl Pts',(-3.05,-1.03810380801157,3.30606327760371));
#2411=CARTESIAN_POINT('Ctrl Pts',(-3.05,-0.970350515482145,3.50270741132525));
#2412=CARTESIAN_POINT('Ctrl Pts',(-3.05,-0.931744149881243,3.59813705890186));
#2413=CARTESIAN_POINT('Ctrl Pts',(-3.04999998550343,0.93176862236139,3.59816506110959));
#2414=CARTESIAN_POINT('Ctrl Pts',(-3.04999998548389,0.849109002419385,3.63167037458856));
#2415=CARTESIAN_POINT('Ctrl Pts',(-3.04999998534312,0.763775269696475,3.66177475125757));
#2416=CARTESIAN_POINT('Ctrl Pts',(-3.04999998430858,0.461723587739707,3.74999435087063));
#2417=CARTESIAN_POINT('Ctrl Pts',(-3.04999998199027,0.231596195877797,3.78661957710001));
#2418=CARTESIAN_POINT('Ctrl Pts',(-3.04999998077191,-0.108209523118946,
3.78670088667805));
#2419=CARTESIAN_POINT('Ctrl Pts',(-3.04999998080356,-0.21689673120386,3.77870016343652));
#2420=CARTESIAN_POINT('Ctrl Pts',(-3.04999998115259,-0.429814422898637,
3.7487312444061));
#2421=CARTESIAN_POINT('Ctrl Pts',(-3.04999998142546,-0.534044791618813,
3.72676312264682));
#2422=CARTESIAN_POINT('Ctrl Pts',(-3.04999998163393,-0.737329583298785,
3.67084973006421));
#2423=CARTESIAN_POINT('Ctrl Pts',(-3.04999998160972,-0.836297853726305,
3.63675085533823));
#2424=CARTESIAN_POINT('Ctrl Pts',(-3.04999998144226,-0.93174407171127,3.59813713694731));
#2425=CARTESIAN_POINT('Ctrl Pts',(-13.15,-1.27000170214007,3.24306135579956));
#2426=CARTESIAN_POINT('Ctrl Pts',(0.670000000000001,-1.27000170214007,1.4003946891329));
#2427=CARTESIAN_POINT('Ctrl Pts',(-13.15,-1.27000170214007,1.3963946891329));
#2428=CARTESIAN_POINT('Ctrl Pts',(0.670000000000002,-1.27000170214007,1.3963946891329));
#2429=CARTESIAN_POINT('Ctrl Pts',(-13.15,0.576664964526592,1.3963946891329));
#2430=CARTESIAN_POINT('Ctrl Pts',(0.670000000000002,-1.26600170214007,1.3963946891329));
#2431=CARTESIAN_POINT('',(-2.75811844692424,-1.22689157003952,1.66281884142619));
#2432=CARTESIAN_POINT('Origin',(-2.75813090592306,-0.808916846284749,1.85748875625147));
#2433=CARTESIAN_POINT('Ctrl Pts',(-2.75811844692424,-1.22689157000178,1.66281884134516));
#2434=CARTESIAN_POINT('Ctrl Pts',(-2.75811777666463,-1.22201217429352,1.65234613932025));
#2435=CARTESIAN_POINT('Ctrl Pts',(-2.75811711826138,-1.21674181646059,1.64205869109968));
#2436=CARTESIAN_POINT('Ctrl Pts',(-2.75811588985135,-1.20598467239212,1.62286497585922));
#2437=CARTESIAN_POINT('Ctrl Pts',(-2.75811531685717,-1.2005638162018,1.6139180550756));
#2438=CARTESIAN_POINT('Ctrl Pts',(-2.75811369991813,-1.18371477760862,1.5881479119768));
#2439=CARTESIAN_POINT('Ctrl Pts',(-2.75811271882204,-1.17145611390955,1.57187487079412));
#2440=CARTESIAN_POINT('Ctrl Pts',(-2.75811155006151,-1.15075787373337,1.54784931126874));
#2441=CARTESIAN_POINT('Ctrl Pts',(-2.7581112044256,-1.14300683873339,1.53949562192998));
#2442=CARTESIAN_POINT('Ctrl Pts',(-2.75811054413384,-1.12058645181978,1.51707509214692));
#2443=CARTESIAN_POINT('Ctrl Pts',(-2.75811046080502,-1.1052604192693,1.50366356127232));
#2444=CARTESIAN_POINT('Ctrl Pts',(-2.75811125184582,-1.08007088964182,1.48438268073601));
#2445=CARTESIAN_POINT('Ctrl Pts',(-2.75811172263462,-1.07076803675336,1.47779069559853));
#2446=CARTESIAN_POINT('Ctrl Pts',(-2.7581130959625,-1.05248126217596,1.46583427014773));
#2447=CARTESIAN_POINT('Ctrl Pts',(-2.75811396054057,-1.04353457781242,1.46041347693328));
#2448=CARTESIAN_POINT('Ctrl Pts',(-2.75811727420104,-1.0164522935834,1.44523494471943));
#2449=CARTESIAN_POINT('Ctrl Pts',(-2.75811793794822,-0.997800862365787,
1.43635467384893));
#2450=CARTESIAN_POINT('Ctrl Pts',(-2.75811678172202,-0.960457272984476,
1.42156803017119));
#2451=CARTESIAN_POINT('Ctrl Pts',(-2.75811511114003,-0.941813934643892,
1.41553573741542));
#2452=CARTESIAN_POINT('Ctrl Pts',(-2.75811204980912,-0.912932931679592,
1.40816601661931));
#2453=CARTESIAN_POINT('Ctrl Pts',(-2.75811090335952,-0.902902415198584,
1.40595923736085));
#2454=CARTESIAN_POINT('Ctrl Pts',(-2.7581077416839,-0.874461029846557,1.40069289802809));
#2455=CARTESIAN_POINT('Ctrl Pts',(-2.7581058567514,-0.85593490230474,1.39842305805554));
#2456=CARTESIAN_POINT('Ctrl Pts',(-2.75809147812186,-0.827904211486385,
1.39668678380819));
#2457=CARTESIAN_POINT('Ctrl Pts',(-2.75808459138104,-0.818401386392468,
1.3963934750952));
#2458=CARTESIAN_POINT('Ctrl Pts',(-2.75807444570095,-0.808926339146781,
1.39639460286259));
#2459=CARTESIAN_POINT('Ctrl Pts',(-13.15,-1.27000170214007,2.08972802246624));
#2460=CARTESIAN_POINT('Ctrl Pts',(-13.15,-1.27000170214007,3.93639468975623));
#2461=CARTESIAN_POINT('Ctrl Pts',(-13.15,0.576664965149917,3.9363946891329));
#2462=CARTESIAN_POINT('Ctrl Pts',(0.670000000000003,-1.27000170214007,3.9323946891329));
#2463=CARTESIAN_POINT('Ctrl Pts',(0.670000000000003,-1.27000170214007,3.93639468913425));
#2464=CARTESIAN_POINT('Ctrl Pts',(0.670000000000002,-1.26600170213872,3.9363946891329));
#2465=CARTESIAN_POINT('',(-2.75805231487677,-0.827441964600386,3.9360227995519));
#2466=CARTESIAN_POINT('Ctrl Pts',(-2.75804237586721,-0.808929385202146,
3.9363946891329));
#2467=CARTESIAN_POINT('Ctrl Pts',(-2.75803867860356,-0.809927346345267,
3.93639468913324));
#2468=CARTESIAN_POINT('Ctrl Pts',(-2.75803575351564,-0.810925404236372,
3.93639145183458));
#2469=CARTESIAN_POINT('Ctrl Pts',(-2.75802863375309,-0.81401141219199,3.93637142654092));
#2470=CARTESIAN_POINT('Ctrl Pts',(-2.75802653029073,-0.816099655551113,
3.93634369439929));
#2471=CARTESIAN_POINT('Ctrl Pts',(-2.75802534049897,-0.82127635444259,3.93623975449304));
#2472=CARTESIAN_POINT('Ctrl Pts',(-2.75802816406328,-0.824354660102471,
3.93614701305601));
#2473=CARTESIAN_POINT('Ctrl Pts',(-2.75803172139817,-0.827441982264475,
3.93602294387009));
#2474=CARTESIAN_POINT('',(-2.75805231487677,-1.26228322021093,3.55933211292411));
#2475=CARTESIAN_POINT('Origin',(-2.75805231487678,-0.808927122900253,3.47532010989308));
#2476=CARTESIAN_POINT('Origin',(-2.75805231487678,-0.808927122900253,3.47532010989308));
#2477=CARTESIAN_POINT('Ctrl Pts',(-2.71169031016146,-1.27000170214007,1.73467127088181));
#2478=CARTESIAN_POINT('Ctrl Pts',(-3.04990097032772,-1.27000173777304,1.73467127088181));
#2479=CARTESIAN_POINT('Ctrl Pts',(-3.04999998550183,-0.931791092100717,
1.73467127088181));
#2480=CARTESIAN_POINT('Ctrl Pts',(-2.74519904482049,-1.27000170214007,1.81733157287214));
#2481=CARTESIAN_POINT('Ctrl Pts',(-3.04991077897084,-1.27000173424368,1.81733157287214));
#2482=CARTESIAN_POINT('Ctrl Pts',(-3.04999998693783,-0.965290013151673,
1.81733157287214));
#2483=CARTESIAN_POINT('Ctrl Pts',(-2.84845264357069,-1.27000170214007,2.10998934186817));
#2484=CARTESIAN_POINT('Ctrl Pts',(-3.04994100326046,-1.27000172336835,2.10998934186817));
#2485=CARTESIAN_POINT('Ctrl Pts',(-3.04999999136274,-1.06851337231332,2.10998934186817));
#2486=CARTESIAN_POINT('Ctrl Pts',(-2.9173109176915,-1.27000170214007,2.54262763698372));
#2487=CARTESIAN_POINT('Ctrl Pts',(-3.04996115938523,-1.27000171611575,2.54262763698372));
#2488=CARTESIAN_POINT('Ctrl Pts',(-3.04999999431364,-1.13735148010671,2.54262763698372));
#2489=CARTESIAN_POINT('Ctrl Pts',(-2.88422469616839,-1.27000170214007,2.99197735301278));
#2490=CARTESIAN_POINT('Ctrl Pts',(-3.04995147441973,-1.2700017196006,2.99197735301278));
#2491=CARTESIAN_POINT('Ctrl Pts',(-3.04999999289574,-1.10427494845144,2.99197735301278));
#2492=CARTESIAN_POINT('Ctrl Pts',(-2.81801854281549,-1.27000170214007,3.30603894288692));
#2493=CARTESIAN_POINT('Ctrl Pts',(-3.04993209462109,-1.27000172657386,3.30603894288692));
#2494=CARTESIAN_POINT('Ctrl Pts',(-3.04999999005849,-1.03808818470687,3.30603894288692));
#2495=CARTESIAN_POINT('Ctrl Pts',(-2.75025078046323,-1.27000170214007,3.50269131455772));
#2496=CARTESIAN_POINT('Ctrl Pts',(-3.04991225770982,-1.2700017337116,3.50269131455772));
#2497=CARTESIAN_POINT('Ctrl Pts',(-3.04999998715432,-0.970340269306938,
3.50269131455772));
#2498=CARTESIAN_POINT('Ctrl Pts',(-2.7116303237842,-1.27000170214007,3.59813711441326));
#2499=CARTESIAN_POINT('Ctrl Pts',(-3.04990095276857,-1.27000173777936,3.59813711441326));
#2500=CARTESIAN_POINT('Ctrl Pts',(-3.04999998549925,-0.931731123291495,
3.59813711441326));
#2501=CARTESIAN_POINT('Ctrl Pts',(-3.05000567116573,-0.931743927097009,
3.59813691409332));
#2502=CARTESIAN_POINT('Ctrl Pts',(-3.05040114347823,-0.946376482672031,
3.59473704277369));
#2503=CARTESIAN_POINT('Ctrl Pts',(-3.04972348733104,-0.961282955119561,
3.59136623768495));
#2504=CARTESIAN_POINT('Ctrl Pts',(-3.04804035395232,-0.976225859850037,
3.58796972329838));
#2505=CARTESIAN_POINT('Ctrl Pts',(-3.04791763910233,-0.97731532568536,3.58772208828698));
#2506=CARTESIAN_POINT('Ctrl Pts',(-3.04778959903841,-0.978404983883037,
3.58747431448178));
#2507=CARTESIAN_POINT('Ctrl Pts',(-3.04765626755417,-0.979494741669581,
3.58722637972641));
#2508=CARTESIAN_POINT('Ctrl Pts',(-3.04690051394488,-0.985671740186665,
3.58582102833993));
#2509=CARTESIAN_POINT('Ctrl Pts',(-3.04597432303762,-0.991853890537379,
3.58441413597453));
#2510=CARTESIAN_POINT('Ctrl Pts',(-3.04488226641911,-0.998028933658315,
3.58300818547497));
#2511=CARTESIAN_POINT('Ctrl Pts',(-3.04487698321855,-0.998058807559308,
3.58300138370449));
#2512=CARTESIAN_POINT('Ctrl Pts',(-3.04487169613516,-0.998088681294061,
3.58299458195619));
#2513=CARTESIAN_POINT('Ctrl Pts',(-3.04486640516947,-0.998118554861201,
3.58298778023035));
#2514=CARTESIAN_POINT('Ctrl Pts',(-3.04231312509495,-1.01253474808772,3.5797054472739));
#2515=CARTESIAN_POINT('Ctrl Pts',(-3.038860916135,-1.02689260249857,3.5764129466698));
#2516=CARTESIAN_POINT('Ctrl Pts',(-3.03457767796819,-1.04102786966238,3.57311220095107));
#2517=CARTESIAN_POINT('Ctrl Pts',(-3.03225290408937,-1.0486999389223,3.5713206854834));
#2518=CARTESIAN_POINT('Ctrl Pts',(-3.02968309922494,-1.05630678274001,3.56952709650973));
#2519=CARTESIAN_POINT('Ctrl Pts',(-3.02687775151019,-1.06382260820539,3.56773313641843));
#2520=CARTESIAN_POINT('Ctrl Pts',(-3.02462285471614,-1.06986371699821,3.5662911779627));
#2521=CARTESIAN_POINT('Ctrl Pts',(-3.02221575770164,-1.07584601264268,3.56484898160765));
#2522=CARTESIAN_POINT('Ctrl Pts',(-3.01966105259371,-1.08175590903961,3.56340746704294));
#2523=CARTESIAN_POINT('Ctrl Pts',(-3.01398233357663,-1.09489270551521,3.56020320047356));
#2524=CARTESIAN_POINT('Ctrl Pts',(-3.00757391873954,-1.10767242688538,3.55700267151709));
#2525=CARTESIAN_POINT('Ctrl Pts',(-3.00048964169887,-1.11993579267271,3.5538060928197));
#2526=CARTESIAN_POINT('Ctrl Pts',(-2.99948458834118,-1.12167560844929,3.55335259105312));
#2527=CARTESIAN_POINT('Ctrl Pts',(-2.99846592169894,-1.12340504246864,3.55289916432426));
#2528=CARTESIAN_POINT('Ctrl Pts',(-2.99743382824564,-1.12512359151074,3.55244578491407));
#2529=CARTESIAN_POINT('Ctrl Pts',(-2.99122552947243,-1.13546109135209,3.54971859501952));
#2530=CARTESIAN_POINT('Ctrl Pts',(-2.98453114018722,-1.14540452227124,3.54699315454533));
#2531=CARTESIAN_POINT('Ctrl Pts',(-2.9773932676004,-1.15484571559651,3.54426317969351));
#2532=CARTESIAN_POINT('Ctrl Pts',(-2.97124547350346,-1.16297734191613,3.5419118736041));
#2533=CARTESIAN_POINT('Ctrl Pts',(-2.96476864022391,-1.17073595976974,3.53955689904332));
#2534=CARTESIAN_POINT('Ctrl Pts',(-2.95800157983369,-1.17804683897993,3.53719194114828));
#2535=CARTESIAN_POINT('Ctrl Pts',(-2.95799540830636,-1.17805350646747,3.53718978431778));
#2536=CARTESIAN_POINT('Ctrl Pts',(-2.95798923653792,-1.1780601735831,3.53718762747893));
#2537=CARTESIAN_POINT('Ctrl Pts',(-2.95798306452842,-1.17806684032682,3.53718547063173));
#2538=CARTESIAN_POINT('Ctrl Pts',(-2.94868755867151,-1.18810745276001,3.53393709815706));
#2539=CARTESIAN_POINT('Ctrl Pts',(-2.93877358961968,-1.19737068018514,3.53067271646509));
#2540=CARTESIAN_POINT('Ctrl Pts',(-2.9284633284852,-1.2057989929143,3.527405180332));
#2541=CARTESIAN_POINT('Ctrl Pts',(-2.92258568815965,-1.21060377817891,3.52554243390002));
#2542=CARTESIAN_POINT('Ctrl Pts',(-2.91657966518823,-1.21513813897513,3.52367876930451));
#2543=CARTESIAN_POINT('Ctrl Pts',(-2.91048236299879,-1.21940009482824,3.52181529193079));
#2544=CARTESIAN_POINT('Ctrl Pts',(-2.90580855376606,-1.22266704273353,3.52038686711541));
#2545=CARTESIAN_POINT('Ctrl Pts',(-2.90108112539406,-1.22577395845342,3.51895855241937));
#2546=CARTESIAN_POINT('Ctrl Pts',(-2.89631686324852,-1.22872048738531,3.51753084848473));
#2547=CARTESIAN_POINT('Ctrl Pts',(-2.88526964370353,-1.23555280496393,3.51422033400642));
#2548=CARTESIAN_POINT('Ctrl Pts',(-2.87402433239692,-1.24152358953811,3.5109133008387));
#2549=CARTESIAN_POINT('Ctrl Pts',(-2.8627583886667,-1.24664665806239,3.50760764098489));
#2550=CARTESIAN_POINT('Ctrl Pts',(-2.8613592155462,-1.24728291721168,3.50719709478266));
#2551=CARTESIAN_POINT('Ctrl Pts',(-2.85995971856691,-1.24790609700307,3.50678655696319));
#2552=CARTESIAN_POINT('Ctrl Pts',(-2.8585601853613,-1.24851623881038,3.50637601010028));
#2553=CARTESIAN_POINT('Ctrl Pts',(-2.84847289609341,-1.25291390288869,3.50341694850208));
#2554=CARTESIAN_POINT('Ctrl Pts',(-2.83838369500566,-1.25663523051285,3.500457417856));
#2555=CARTESIAN_POINT('Ctrl Pts',(-2.82839984022857,-1.25968879214733,3.49749085763441));
#2556=CARTESIAN_POINT('Ctrl Pts',(-2.82098886134009,-1.26195543978124,3.49528879083111));
#2557=CARTESIAN_POINT('Ctrl Pts',(-2.81363517044841,-1.26385424221131,3.49308288556946));
#2558=CARTESIAN_POINT('Ctrl Pts',(-2.80637836945595,-1.26538475534407,3.49087209511769));
#2559=CARTESIAN_POINT('Ctrl Pts',(-2.80637504610171,-1.26538545626412,3.49087108265506));
#2560=CARTESIAN_POINT('Ctrl Pts',(-2.80637172277179,-1.26538615710601,3.49087007019242));
#2561=CARTESIAN_POINT('Ctrl Pts',(-2.80636839946618,-1.26538685786973,3.49086905772978));
#2562=CARTESIAN_POINT('Ctrl Pts',(-2.79584085181135,-1.26760673300795,3.48766178461478));
#2563=CARTESIAN_POINT('Ctrl Pts',(-2.78555730560042,-1.26904217119588,3.48445450231595));
#2564=CARTESIAN_POINT('Ctrl Pts',(-2.77568613690767,-1.26969205075864,3.48123807998139));
#2565=CARTESIAN_POINT('Ctrl Pts',(-2.76963832961528,-1.27009021499645,3.47926746200738));
#2566=CARTESIAN_POINT('Ctrl Pts',(-2.76374535319702,-1.2701932511986,3.47729355244178));
#2567=CARTESIAN_POINT('Ctrl Pts',(-2.75805230369564,-1.27000203527897,3.47532104699402));
#2568=CARTESIAN_POINT('',(-3.0448694830148,-0.998164013566178,1.74981433849224));
#2569=CARTESIAN_POINT('Ctrl Pts',(-3.05000534297222,-0.931790903295461,
1.73467145975903));
#2570=CARTESIAN_POINT('Ctrl Pts',(-3.05039131165486,-0.946052731851182,
1.73798389636082));
#2571=CARTESIAN_POINT('Ctrl Pts',(-3.04975827334257,-0.960574374716495,
1.7412684440433));
#2572=CARTESIAN_POINT('Ctrl Pts',(-3.0481680869669,-0.975136486396167,1.74457655966124));
#2573=CARTESIAN_POINT('Ctrl Pts',(-3.04800732534688,-0.976608658903972,
1.74491099720523));
#2574=CARTESIAN_POINT('Ctrl Pts',(-3.04783681646027,-0.978081236815544,
1.74524565789968));
#2575=CARTESIAN_POINT('Ctrl Pts',(-3.04765664307978,-0.979553989190505,
1.74558058102022));
#2576=CARTESIAN_POINT('Ctrl Pts',(-3.04690105155505,-0.985730257901908,
1.74698514517186));
#2577=CARTESIAN_POINT('Ctrl Pts',(-3.04597508472335,-0.991911629853278,
1.74839128427517));
#2578=CARTESIAN_POINT('Ctrl Pts',(-3.04488331365522,-0.998085848570402,
1.74979654795099));
#2579=CARTESIAN_POINT('Ctrl Pts',(-3.04487870643323,-0.998111903479793,
1.74980247809687));
#2580=CARTESIAN_POINT('Ctrl Pts',(-3.04487409625802,-0.998137958261911,
1.749808408228));
#2581=CARTESIAN_POINT('Ctrl Pts',(-3.04486948312995,-0.998164012915838,
1.74981433834422));
#2582=CARTESIAN_POINT('Ctrl Pts',(-3.0448694830148,-0.998164013566178,1.74981433849224));
#2583=CARTESIAN_POINT('Ctrl Pts',(-3.04231719839961,-1.01257915456632,1.75309526717763));
#2584=CARTESIAN_POINT('Ctrl Pts',(-3.03886620324692,-1.02693579066491,1.75638670315092));
#2585=CARTESIAN_POINT('Ctrl Pts',(-3.03458430053552,-1.04106977363073,1.75968625785467));
#2586=CARTESIAN_POINT('Ctrl Pts',(-3.03225931912912,-1.04874422347432,1.76147784534571));
#2587=CARTESIAN_POINT('Ctrl Pts',(-3.02968913758326,-1.05635341154353,1.7632715704303));
#2588=CARTESIAN_POINT('Ctrl Pts',(-3.02688327367561,-1.06387142102524,1.7650655720123));
#2589=CARTESIAN_POINT('Ctrl Pts',(-3.02463003101441,-1.06990874152581,1.76650624092279));
#2590=CARTESIAN_POINT('Ctrl Pts',(-3.02222477544608,-1.07588726337595,1.76794708804423));
#2591=CARTESIAN_POINT('Ctrl Pts',(-3.01967210477407,-1.08179346676814,1.76938737227297));
#2592=CARTESIAN_POINT('Ctrl Pts',(-3.01399504169904,-1.09492868611276,1.77259052123465));
#2593=CARTESIAN_POINT('Ctrl Pts',(-3.00758851943804,-1.10770674442811,1.77579015093223));
#2594=CARTESIAN_POINT('Ctrl Pts',(-3.0005063390095,-1.11996841860277,1.77898588893552));
#2595=CARTESIAN_POINT('Ctrl Pts',(-2.99950041931573,-1.12171000929723,1.779439796574));
#2596=CARTESIAN_POINT('Ctrl Pts',(-2.99848085807768,-1.12344119099859,1.77989361731152));
#2597=CARTESIAN_POINT('Ctrl Pts',(-2.99744784291486,-1.12516146062739,1.78034738846804));
#2598=CARTESIAN_POINT('Ctrl Pts',(-2.99124241412806,-1.13549529798026,1.78307323867686));
#2599=CARTESIAN_POINT('Ctrl Pts',(-2.984551238808,-1.14543522625863,1.78579757201561));
#2600=CARTESIAN_POINT('Ctrl Pts',(-2.97741691978045,-1.15487309556302,1.78852641646734));
#2601=CARTESIAN_POINT('Ctrl Pts',(-2.97127045642804,-1.16300414739576,1.79087741063402));
#2602=CARTESIAN_POINT('Ctrl Pts',(-2.96479502042481,-1.17076213383794,1.79323213671899));
#2603=CARTESIAN_POINT('Ctrl Pts',(-2.95802944424589,-1.17807232177255,1.79559696289456));
#2604=CARTESIAN_POINT('Ctrl Pts',(-2.95802206452759,-1.17808029553949,1.79559954238676));
#2605=CARTESIAN_POINT('Ctrl Pts',(-2.95801468446449,-1.17808826877421,1.79560212189041));
#2606=CARTESIAN_POINT('Ctrl Pts',(-2.95800730405668,-1.17809624147669,1.79560470140552));
#2607=CARTESIAN_POINT('Ctrl Pts',(-2.94910752675115,-1.187710246354,1.79871524903561));
#2608=CARTESIAN_POINT('Ctrl Pts',(-2.93961851948657,-1.1966326734799,1.80184122826554));
#2609=CARTESIAN_POINT('Ctrl Pts',(-2.92974367585087,-1.20479371343487,1.80497096982471));
#2610=CARTESIAN_POINT('Ctrl Pts',(-2.92347765824171,-1.20997224809865,1.80695692691379));
#2611=CARTESIAN_POINT('Ctrl Pts',(-2.91705690757091,-1.21484526102885,1.80894421934937));
#2612=CARTESIAN_POINT('Ctrl Pts',(-2.91053015232384,-1.21940677773975,1.81093133212921));
#2613=CARTESIAN_POINT('Ctrl Pts',(-2.90674928866538,-1.22204920450572,1.812082440484));
#2614=CARTESIAN_POINT('Ctrl Pts',(-2.90293287850293,-1.22458715777226,1.81323348574909));
#2615=CARTESIAN_POINT('Ctrl Pts',(-2.89909053528268,-1.22701996164033,1.81438413875228));
#2616=CARTESIAN_POINT('Ctrl Pts',(-2.88854051408685,-1.23369977416675,1.81754351647488));
#2617=CARTESIAN_POINT('Ctrl Pts',(-2.87779496565631,-1.23958680975512,1.82069994726025));
#2618=CARTESIAN_POINT('Ctrl Pts',(-2.86702689147989,-1.24468906191666,1.82385322498817));
#2619=CARTESIAN_POINT('Ctrl Pts',(-2.86422914630629,-1.24601472155881,1.82467250496338));
#2620=CARTESIAN_POINT('Ctrl Pts',(-2.86142984129927,-1.24728743863965,1.82549150857505));
#2621=CARTESIAN_POINT('Ctrl Pts',(-2.85863161622037,-1.24850757173743,1.82631048276465));
#2622=CARTESIAN_POINT('Ctrl Pts',(-2.85041976558501,-1.25208825251603,1.82871389690382));
#2623=CARTESIAN_POINT('Ctrl Pts',(-2.84221733549217,-1.25521630741677,1.83111734246497));
#2624=CARTESIAN_POINT('Ctrl Pts',(-2.83408963216147,-1.25789825074184,1.83352472475576));
#2625=CARTESIAN_POINT('Ctrl Pts',(-2.82475082426364,-1.26097982895485,1.83629082974699));
#2626=CARTESIAN_POINT('Ctrl Pts',(-2.81551052226614,-1.26347296384933,1.83906402035494));
#2627=CARTESIAN_POINT('Ctrl Pts',(-2.80645378923835,-1.26538447146477,1.84184386441687));
#2628=CARTESIAN_POINT('Ctrl Pts',(-2.8047807946325,-1.26573757251344,1.84235736791824));
#2629=CARTESIAN_POINT('Ctrl Pts',(-2.80311407010538,-1.26607080476625,1.84287108706646));
#2630=CARTESIAN_POINT('Ctrl Pts',(-2.80145417323438,-1.26638419118615,1.84338498818055));
#2631=CARTESIAN_POINT('Ctrl Pts',(-2.79244664629249,-1.26808480082628,1.84617370247452));
#2632=CARTESIAN_POINT('Ctrl Pts',(-2.78363695850868,-1.26920214973644,1.84896495649846));
#2633=CARTESIAN_POINT('Ctrl Pts',(-2.77511831377255,-1.26973400615547,1.85176251793279));
#2634=CARTESIAN_POINT('Ctrl Pts',(-2.77325577404209,-1.26985029269423,1.85237418439868));
#2635=CARTESIAN_POINT('Ctrl Pts',(-2.77140716907066,-1.26993855414495,1.85298594982606));
#2636=CARTESIAN_POINT('Ctrl Pts',(-2.76957347638702,-1.26999871130809,1.85359755656109));
#2637=CARTESIAN_POINT('Ctrl Pts',(-2.76699043648919,-1.27008345198132,1.85445909928984));
#2638=CARTESIAN_POINT('Ctrl Pts',(-2.76443725194083,-1.27011241503478,1.85532089974819));
#2639=CARTESIAN_POINT('Ctrl Pts',(-2.76191732501362,-1.27008536889167,1.8561827910634));
#2640=CARTESIAN_POINT('Ctrl Pts',(-2.76107734937122,-1.27007635351064,1.85647008816847));
#2641=CARTESIAN_POINT('Ctrl Pts',(-2.76024107400492,-1.27006111504287,1.85675739362899));
#2642=CARTESIAN_POINT('Ctrl Pts',(-2.75940864007776,-1.27003964635764,1.85704469435019));
#2643=CARTESIAN_POINT('Ctrl Pts',(-2.75918665769718,-1.27003392137491,1.85712130787584));
#2644=CARTESIAN_POINT('Ctrl Pts',(-2.75896494852852,-1.27002775336153,1.85719792104015));
#2645=CARTESIAN_POINT('Ctrl Pts',(-2.75874351533526,-1.27002114220769,1.85727453351747));
#2646=CARTESIAN_POINT('Ctrl Pts',(-2.75862922723551,-1.27001772999925,1.85731407544125));
#2647=CARTESIAN_POINT('Ctrl Pts',(-2.75851501265479,-1.27001419973664,1.85735361718643));
#2648=CARTESIAN_POINT('Ctrl Pts',(-2.75840087196534,-1.27001055143988,1.85739315866904));
#2649=CARTESIAN_POINT('Ctrl Pts',(-2.75834289574213,-1.27000869833676,1.85741324323164));
#2650=CARTESIAN_POINT('Ctrl Pts',(-2.7582849385818,-1.27000681472129,1.85743332772314));
#2651=CARTESIAN_POINT('Ctrl Pts',(-2.75822700052612,-1.27000490088042,1.85745341210838));
#2652=CARTESIAN_POINT('Ctrl Pts',(-2.75820414098366,-1.27000414577177,1.85746133643121));
#2653=CARTESIAN_POINT('Ctrl Pts',(-2.75818038610508,-1.27000335391139,1.85747246285205));
#2654=CARTESIAN_POINT('Ctrl Pts',(-2.75815843084465,-1.27000262187578,1.85747718511954));
#2655=CARTESIAN_POINT('Ctrl Pts',(0.670000000000001,1.26999829785993,1.4003946891329));
#2656=CARTESIAN_POINT('Ctrl Pts',(-13.15,1.26999829785993,3.24306135579956));
#2657=CARTESIAN_POINT('Ctrl Pts',(0.670000000000002,1.26999829785993,1.3963946891329));
#2658=CARTESIAN_POINT('Ctrl Pts',(-13.15,1.26999829785993,1.3963946891329));
#2659=CARTESIAN_POINT('Ctrl Pts',(0.670000000000002,1.26599829785993,1.3963946891329));
#2660=CARTESIAN_POINT('Ctrl Pts',(-13.15,-0.576668368806734,1.3963946891329));
#2661=CARTESIAN_POINT('',(-2.76279683410228,0.814059954459264,1.39643071851537));
#2662=CARTESIAN_POINT('Ctrl Pts',(-2.76279683392868,0.814059953794274,1.39643071850678));
#2663=CARTESIAN_POINT('Ctrl Pts',(-2.76272847481936,0.813798094003207,1.39642733378632));
#2664=CARTESIAN_POINT('Ctrl Pts',(-2.76265218200321,0.813547550193857,1.39642431540429));
#2665=CARTESIAN_POINT('Ctrl Pts',(-2.76256837881707,0.813308326068841,1.39642161175642));
#2666=CARTESIAN_POINT('Ctrl Pts',(-2.76228723533322,0.812505775389929,1.39641254154067));
#2667=CARTESIAN_POINT('Ctrl Pts',(-2.76192004710229,0.811830195198107,1.39640693672019));
#2668=CARTESIAN_POINT('Ctrl Pts',(-2.76148302123273,0.81125701383269,1.39640312082318));
#2669=CARTESIAN_POINT('Ctrl Pts',(-2.76106320428486,0.8107064028319,1.39639945518609));
#2670=CARTESIAN_POINT('Ctrl Pts',(-2.76058255214348,0.810254407811787,1.39639750159249));
#2671=CARTESIAN_POINT('Ctrl Pts',(-2.76007079476144,0.809893640008863,1.39639635051254));
#2672=CARTESIAN_POINT('Ctrl Pts',(-2.7600401120178,0.809872009942745,1.3963962814988));
#2673=CARTESIAN_POINT('Ctrl Pts',(-2.76000930884657,0.809850694625243,1.39639621543531));
#2674=CARTESIAN_POINT('Ctrl Pts',(-2.75997838823892,0.809829687394238,1.39639615215939));
#2675=CARTESIAN_POINT('Ctrl Pts',(-2.75957418210075,0.809555072748433,1.39639532499212));
#2676=CARTESIAN_POINT('Ctrl Pts',(-2.75914745442661,0.809328932490207,1.39639494935825));
#2677=CARTESIAN_POINT('Ctrl Pts',(-2.75870436411741,0.8091374078925,1.39639478651249));
#2678=CARTESIAN_POINT('Ctrl Pts',(-2.75852299443042,0.809059011331762,1.396394719855));
#2679=CARTESIAN_POINT('Ctrl Pts',(-2.75833921946781,0.808986985072377,1.39639469148781));
#2680=CARTESIAN_POINT('Ctrl Pts',(-2.75815469254313,0.808922452093657,1.39639468927498));
#2681=CARTESIAN_POINT('',(-2.75832769703606,0.841849887848869,1.39757432176477));
#2682=CARTESIAN_POINT('Ctrl Pts',(-2.75832769703606,0.841849887848869,1.39757432176477));
#2683=CARTESIAN_POINT('Ctrl Pts',(-2.75845508539364,0.840918346762404,1.39750873453113));
#2684=CARTESIAN_POINT('Ctrl Pts',(-2.75864302463183,0.839931536657981,1.39744238567798));
#2685=CARTESIAN_POINT('Ctrl Pts',(-2.75888798027354,0.838845301020528,1.3973735621743));
#2686=CARTESIAN_POINT('Ctrl Pts',(-2.75909638049997,0.837921167364269,1.39731500939449));
#2687=CARTESIAN_POINT('Ctrl Pts',(-2.75934651885598,0.836923643508499,1.39725466086436));
#2688=CARTESIAN_POINT('Ctrl Pts',(-2.7596244464517,0.83586181980813,1.39719418371764));
#2689=CARTESIAN_POINT('Ctrl Pts',(-2.75989206560983,0.834839379542513,1.39713594969072));
#2690=CARTESIAN_POINT('Ctrl Pts',(-2.7601855371604,0.833757002245251,1.39707768853139));
#2691=CARTESIAN_POINT('Ctrl Pts',(-2.76047695714333,0.8326707214408,1.39702292082187));
#2692=CARTESIAN_POINT('Ctrl Pts',(-2.76056020354455,0.832360416818664,1.39700727599657));
#2693=CARTESIAN_POINT('Ctrl Pts',(-2.76064318209546,0.832050108285379,1.39699192377263));
#2694=CARTESIAN_POINT('Ctrl Pts',(-2.76072500759431,0.831741841927912,1.39697695754515));
#2695=CARTESIAN_POINT('Ctrl Pts',(-2.76110533955472,0.830308993369522,1.39690739323184));
#2696=CARTESIAN_POINT('Ctrl Pts',(-2.76145874331373,0.828925008161106,1.39684636582351));
#2697=CARTESIAN_POINT('Ctrl Pts',(-2.76176962451903,0.827594261729444,1.39679274979627));
#2698=CARTESIAN_POINT('Ctrl Pts',(-2.76197866760219,0.826699439745243,1.39675669724806));
#2699=CARTESIAN_POINT('Ctrl Pts',(-2.76216898329933,0.825827533766067,1.3967239299422));
#2700=CARTESIAN_POINT('Ctrl Pts',(-2.76234122254795,0.824967713870382,1.39669377660143));
#2701=CARTESIAN_POINT('Ctrl Pts',(-2.76269611903731,0.823196067367569,1.39663164607736));
#2702=CARTESIAN_POINT('Ctrl Pts',(-2.7629742132258,0.821471634885893,1.39658096636041));
#2703=CARTESIAN_POINT('Ctrl Pts',(-2.76311254907861,0.819924273510568,1.39654229272786));
#2704=CARTESIAN_POINT('Ctrl Pts',(-2.76323827490254,0.818517962132356,1.39650714439705));
#2705=CARTESIAN_POINT('Ctrl Pts',(-2.76324840995349,0.817259388242981,1.39648154527581));
#2706=CARTESIAN_POINT('Ctrl Pts',(-2.7631471439471,0.81613721677036,1.39646213448794));
#2707=CARTESIAN_POINT('Ctrl Pts',(-2.76307898193805,0.815381884701867,1.39644906911343));
#2708=CARTESIAN_POINT('Ctrl Pts',(-2.76296083426415,0.814688181775102,1.39643883879254));
#2709=CARTESIAN_POINT('Ctrl Pts',(-2.76279683410228,0.814059954459264,1.39643071851537));
#2710=CARTESIAN_POINT('',(-2.7581029808489,1.26230070057729,1.77357564865876));
#2711=CARTESIAN_POINT('Ctrl Pts',(-2.7581029808489,1.26230070057735,1.77357564865909));
#2712=CARTESIAN_POINT('Ctrl Pts',(-2.75810277542252,1.25701541561362,1.74503012098231));
#2713=CARTESIAN_POINT('Ctrl Pts',(-2.75810274843801,1.24886054933334,1.71613028831741));
#2714=CARTESIAN_POINT('Ctrl Pts',(-2.75810418661831,1.2263892067625,1.65937751031925));
#2715=CARTESIAN_POINT('Ctrl Pts',(-2.7581051028772,1.21207280452113,1.63152469553511));
#2716=CARTESIAN_POINT('Ctrl Pts',(-2.75810730876054,1.17760622122554,1.5788098943368));
#2717=CARTESIAN_POINT('Ctrl Pts',(-2.75810859838502,1.15745603974717,1.55394791120512));
#2718=CARTESIAN_POINT('Ctrl Pts',(-2.75811147920542,1.11244366978849,1.5089359254158));
#2719=CARTESIAN_POINT('Ctrl Pts',(-2.75811307040172,1.08758147541772,1.48878593776152));
#2720=CARTESIAN_POINT('Ctrl Pts',(-2.75811644420823,1.03486627403268,1.45431968114071));
#2721=CARTESIAN_POINT('Ctrl Pts',(-2.75811822682372,1.00701318439197,1.44000340413467));
#2722=CARTESIAN_POINT('Ctrl Pts',(-2.75812185904853,0.950260236973635,1.41753234803345));
#2723=CARTESIAN_POINT('Ctrl Pts',(-2.75812370861452,0.921361056258566,1.40937767125402));
#2724=CARTESIAN_POINT('Ctrl Pts',(-2.75812657444813,0.876582851935952,1.4010869643551));
#2725=CARTESIAN_POINT('Ctrl Pts',(-2.75812760601303,0.860464810828476,1.3990093161355));
#2726=CARTESIAN_POINT('Ctrl Pts',(-2.75812867893505,0.84370057119383,1.39770816261437));
#2727=CARTESIAN_POINT('Ctrl Pts',(-2.75819766484622,0.8428013148524,1.39763742058422));
#2728=CARTESIAN_POINT('Ctrl Pts',(-2.75832773188508,0.841850158917462,1.39757053944071));
#2729=CARTESIAN_POINT('Origin',(-2.75541568584401,0.808858826114382,1.8574803923094));
#2730=CARTESIAN_POINT('Ctrl Pts',(-2.71167131682962,1.26999829785993,3.59816504741815));
#2731=CARTESIAN_POINT('Ctrl Pts',(-3.04990122413742,1.26999829785993,3.59816504741816));
#2732=CARTESIAN_POINT('Ctrl Pts',(-3.04999998557687,0.931768404971053,3.59816504741816));
#2733=CARTESIAN_POINT('Ctrl Pts',(-2.74518767877827,1.26999829785993,3.515490111318));
#2734=CARTESIAN_POINT('Ctrl Pts',(-3.04991100931889,1.26999829785993,3.51549011131801));
#2735=CARTESIAN_POINT('Ctrl Pts',(-3.04999998700569,0.965274980309822,3.51549011131801));
#2736=CARTESIAN_POINT('Ctrl Pts',(-2.84844981133459,1.26999829785993,3.22281796482813));
#2737=CARTESIAN_POINT('Ctrl Pts',(-3.04994115694374,1.26999829785993,3.22281796482813));
#2738=CARTESIAN_POINT('Ctrl Pts',(-3.04999999140781,1.06850696084048,3.22281796482813));
#2739=CARTESIAN_POINT('Ctrl Pts',(-2.91731093167127,1.26999829785993,2.79016174128208));
#2740=CARTESIAN_POINT('Ctrl Pts',(-3.04996126111136,1.26999829785993,2.79016174128208));
#2741=CARTESIAN_POINT('Ctrl Pts',(-3.04999999434339,1.13734797407479,2.79016174128208));
#2742=CARTESIAN_POINT('Ctrl Pts',(-2.88422471363403,1.26999829785993,2.34081202525302));
#2743=CARTESIAN_POINT('Ctrl Pts',(-3.04995160151143,1.26999829785993,2.34081202525302));
#2744=CARTESIAN_POINT('Ctrl Pts',(-3.04999999293291,1.10427141704755,2.34081202525302));
#2745=CARTESIAN_POINT('Ctrl Pts',(-2.8180149159664,1.26999829785993,2.02673311478227));
#2746=CARTESIAN_POINT('Ctrl Pts',(-3.04993227140376,1.26999829785993,2.02673311478227));
#2747=CARTESIAN_POINT('Ctrl Pts',(-3.04999999011035,1.03808095230932,2.02673311478227));
#2748=CARTESIAN_POINT('Ctrl Pts',(-2.75023962405093,1.26999829785993,1.83006559830107));
#2749=CARTESIAN_POINT('Ctrl Pts',(-3.04991248424632,1.26999829785993,1.83006559830107));
#2750=CARTESIAN_POINT('Ctrl Pts',(-3.04999998722105,0.970325450439753,1.83006559830107));
#2751=CARTESIAN_POINT('Ctrl Pts',(-2.71161135552761,1.26999829785993,1.7346052991705));
#2752=CARTESIAN_POINT('Ctrl Pts',(-3.04990120663158,1.26999829785993,1.7346052991705));
#2753=CARTESIAN_POINT('Ctrl Pts',(-3.04999998557431,0.93170846117744,1.7346052991705));
#2754=CARTESIAN_POINT('Ctrl Pts',(-2.7580744443102,1.26999838397969,1.85747128222565));
#2755=CARTESIAN_POINT('Ctrl Pts',(-2.76722208683446,1.27030660464287,1.85429155762792));
#2756=CARTESIAN_POINT('Ctrl Pts',(-2.77689694540336,1.26985137751349,1.85111199131166));
#2757=CARTESIAN_POINT('Ctrl Pts',(-2.7869125299528,1.26863141318681,1.84794273299032));
#2758=CARTESIAN_POINT('Ctrl Pts',(-2.79327373765892,1.2678565760879,1.84592983894935));
#2759=CARTESIAN_POINT('Ctrl Pts',(-2.79977351703191,1.26677356727649,1.84391986886462));
#2760=CARTESIAN_POINT('Ctrl Pts',(-2.80636933735202,1.2653825887739,1.84190956540028));
#2761=CARTESIAN_POINT('Ctrl Pts',(-2.81754478454879,1.26302582251085,1.83850346288005));
#2762=CARTESIAN_POINT('Ctrl Pts',(-2.82895073977547,1.25979670361779,1.83510943393457));
#2763=CARTESIAN_POINT('Ctrl Pts',(-2.8404403544488,1.25569260710757,1.83172205305253));
#2764=CARTESIAN_POINT('Ctrl Pts',(-2.84646397431428,1.25354096686796,1.82994616279397));
#2765=CARTESIAN_POINT('Ctrl Pts',(-2.85251081567306,1.2511482233541,1.8281718123495));
#2766=CARTESIAN_POINT('Ctrl Pts',(-2.85855649889084,1.24851247024974,1.82639769766187));
#2767=CARTESIAN_POINT('Ctrl Pts',(-2.8638059394654,1.24622385723576,1.8248572415563));
#2768=CARTESIAN_POINT('Ctrl Pts',(-2.86905451805909,1.2437520127453,1.82331696320968));
#2769=CARTESIAN_POINT('Ctrl Pts',(-2.8742861140153,1.24109497285981,1.82177602207966));
#2770=CARTESIAN_POINT('Ctrl Pts',(-2.8854380555721,1.23543108869044,1.81849127196357));
#2771=CARTESIAN_POINT('Ctrl Pts',(-2.89651336467705,1.22892520733241,1.81520344505898));
#2772=CARTESIAN_POINT('Ctrl Pts',(-2.90732789064117,1.22156828427267,1.81191359088453));
#2773=CARTESIAN_POINT('Ctrl Pts',(-2.91809121274511,1.21424619425702,1.80863931328123));
#2774=CARTESIAN_POINT('Ctrl Pts',(-2.92859580373503,1.20607927940402,1.80536299442631));
#2775=CARTESIAN_POINT('Ctrl Pts',(-2.93863111438375,1.19708862731832,1.80209334235683));
#2776=CARTESIAN_POINT('Ctrl Pts',(-2.94531039173478,1.19110465124134,1.79991713538348));
#2777=CARTESIAN_POINT('Ctrl Pts',(-2.95178106903855,1.18475637880143,1.79774416416835));
#2778=CARTESIAN_POINT('Ctrl Pts',(-2.95797678284645,1.1780640828946,1.79557837130332));
#2779=CARTESIAN_POINT('Ctrl Pts',(-2.96712632914638,1.16818120690148,1.79238002762429));
#2780=CARTESIAN_POINT('Ctrl Pts',(-2.97574395964308,1.15748035163482,1.78919979525204));
#2781=CARTESIAN_POINT('Ctrl Pts',(-2.98373918937196,1.14614425292422,1.78602262173799));
#2782=CARTESIAN_POINT('Ctrl Pts',(-2.98853062938744,1.13935067239892,1.78411858185075));
#2783=CARTESIAN_POINT('Ctrl Pts',(-2.99309921602031,1.13232900626745,1.78221551607091));
#2784=CARTESIAN_POINT('Ctrl Pts',(-2.99743150137937,1.12511511493726,1.78031180102057));
#2785=CARTESIAN_POINT('Ctrl Pts',(-3.00037876166802,1.12020749374383,1.77901670078969));
#2786=CARTESIAN_POINT('Ctrl Pts',(-3.0032166682434,1.11521091678243,1.77772130182102));
#2787=CARTESIAN_POINT('Ctrl Pts',(-3.00594113208097,1.11013672840301,1.77642511060043));
#2788=CARTESIAN_POINT('Ctrl Pts',(-3.01271132017423,1.09752756498686,1.77320412515471));
#2789=CARTESIAN_POINT('Ctrl Pts',(-3.01878156109726,1.08443882736454,1.76997806958711));
#2790=CARTESIAN_POINT('Ctrl Pts',(-3.0240985014732,1.07102946267027,1.76675024056582));
#2791=CARTESIAN_POINT('Ctrl Pts',(-3.02504873843456,1.06863295771445,1.76617336698362));
#2792=CARTESIAN_POINT('Ctrl Pts',(-3.02597492350253,1.06622618137534,1.76559647020104));
#2793=CARTESIAN_POINT('Ctrl Pts',(-3.02687675927588,1.06380999758971,1.76501960801728));
#2794=CARTESIAN_POINT('Ctrl Pts',(-3.03112131768035,1.05243804551466,1.76230456243729));
#2795=CARTESIAN_POINT('Ctrl Pts',(-3.03482684855723,1.04085785695935,1.75959031665806));
#2796=CARTESIAN_POINT('Ctrl Pts',(-3.03795983805758,1.02915826128091,1.75688265002574));
#2797=CARTESIAN_POINT('Ctrl Pts',(-3.04071269085985,1.01887821892994,1.75450351416348));
#2798=CARTESIAN_POINT('Ctrl Pts',(-3.043023376167,1.00850566366322,1.75212936855579));
#2799=CARTESIAN_POINT('Ctrl Pts',(-3.04486586467632,0.998102968686412,1.74976021810274));
#2800=CARTESIAN_POINT('Ctrl Pts',(-3.04770560957936,0.982069761483861,1.74610875276685));
#2801=CARTESIAN_POINT('Ctrl Pts',(-3.04942929668643,0.965982098424657,1.74245674765546));
#2802=CARTESIAN_POINT('Ctrl Pts',(-3.04994872180716,0.950079035201604,1.73882600120349));
#2803=CARTESIAN_POINT('Ctrl Pts',(-3.05014974756395,0.94392429760434,1.73742084476408));
#2804=CARTESIAN_POINT('Ctrl Pts',(-3.05016977793036,0.93779822787494,1.73601781154374));
#2805=CARTESIAN_POINT('Ctrl Pts',(-3.05000534296071,0.931721527098286,1.73460548816839));
#2806=CARTESIAN_POINT('Ctrl Pts',(-2.75815949905773,1.26999826739891,3.47530924276538));
#2807=CARTESIAN_POINT('Ctrl Pts',(-2.76735550559506,1.2703076394499,3.47850402676759));
#2808=CARTESIAN_POINT('Ctrl Pts',(-2.77707940372934,1.2698477784127,3.48169998277452));
#2809=CARTESIAN_POINT('Ctrl Pts',(-2.78714526618547,1.26861535009921,3.48488599437755));
#2810=CARTESIAN_POINT('Ctrl Pts',(-2.79345574809854,1.26784271719117,3.48688336605666));
#2811=CARTESIAN_POINT('Ctrl Pts',(-2.79990169582278,1.26676681556637,3.48887804809513));
#2812=CARTESIAN_POINT('Ctrl Pts',(-2.8064423511402,1.26538780791141,3.49087302062738));
#2813=CARTESIAN_POINT('Ctrl Pts',(-2.81761272712066,1.26303268701935,3.49428010939362));
#2814=CARTESIAN_POINT('Ctrl Pts',(-2.82901379240689,1.25980537756219,3.49767500659064));
#2815=CARTESIAN_POINT('Ctrl Pts',(-2.84049876431665,1.25570322568619,3.50106308986722));
#2816=CARTESIAN_POINT('Ctrl Pts',(-2.84652560394954,1.25355058554909,3.50284101625061));
#2817=CARTESIAN_POINT('Ctrl Pts',(-2.85257577545979,1.25115642742681,3.50461735349507));
#2818=CARTESIAN_POINT('Ctrl Pts',(-2.85862484132274,1.24851883487954,3.50639341530407));
#2819=CARTESIAN_POINT('Ctrl Pts',(-2.86386654793408,1.24623327763709,3.507932428953));
#2820=CARTESIAN_POINT('Ctrl Pts',(-2.86910743547239,1.24376491339842,3.50947123574962));
#2821=CARTESIAN_POINT('Ctrl Pts',(-2.87433143563842,1.24111177826697,3.51101067589155));
#2822=CARTESIAN_POINT('Ctrl Pts',(-2.88547928869868,1.23545007082929,3.51429579303393));
#2823=CARTESIAN_POINT('Ctrl Pts',(-2.89655078335919,1.22894646626325,3.51758386078709));
#2824=CARTESIAN_POINT('Ctrl Pts',(-2.90736179273626,1.22159185115355,3.52087380922178));
#2825=CARTESIAN_POINT('Ctrl Pts',(-2.91812159340594,1.21427207278482,3.52414817409707));
#2826=CARTESIAN_POINT('Ctrl Pts',(-2.92862295577848,1.20610750128183,3.52742443441009));
#2827=CARTESIAN_POINT('Ctrl Pts',(-2.93865535572103,1.19711919257306,3.53069387831464));
#2828=CARTESIAN_POINT('Ctrl Pts',(-2.94533463735386,1.19113503667691,3.5328705794775));
#2829=CARTESIAN_POINT('Ctrl Pts',(-2.95180533880037,1.18478637243694,3.53504397629747));
#2830=CARTESIAN_POINT('Ctrl Pts',(-2.95800105058018,1.17809348421618,3.53721011392048));
#2831=CARTESIAN_POINT('Ctrl Pts',(-2.96714789881322,1.1682126448596,3.54040802447438));
#2832=CARTESIAN_POINT('Ctrl Pts',(-2.97576309423723,1.15751384335909,3.54358764321929));
#2833=CARTESIAN_POINT('Ctrl Pts',(-2.98375613495608,1.14617976617783,3.54676407354418));
#2834=CARTESIAN_POINT('Ctrl Pts',(-2.98854656520809,1.1393869687785,3.548667788095));
#2835=CARTESIAN_POINT('Ctrl Pts',(-2.99311420182443,1.13236604539712,3.55057048234081));
#2836=CARTESIAN_POINT('Ctrl Pts',(-2.99744558981459,1.12515285386314,3.55247378742474));
#2837=CARTESIAN_POINT('Ctrl Pts',(-3.00039181615271,1.12024641395807,3.55376842267342));
#2838=CARTESIAN_POINT('Ctrl Pts',(-3.00322874457787,1.11525102398474,3.55506333878478));
#2839=CARTESIAN_POINT('Ctrl Pts',(-3.00595228566029,1.11017802313864,3.55635903138208));
#2840=CARTESIAN_POINT('Ctrl Pts',(-3.01272077804068,1.09757069814021,3.5595790619257));
#2841=CARTESIAN_POINT('Ctrl Pts',(-3.01878954206884,1.08448371699461,3.56280406588829));
#2842=CARTESIAN_POINT('Ctrl Pts',(-3.02410520265449,1.07107599807994,3.5660307676192));
#2843=CARTESIAN_POINT('Ctrl Pts',(-3.02505502019901,1.06868026824505,3.56660732397859));
#2844=CARTESIAN_POINT('Ctrl Pts',(-3.02598080184256,1.06627426753806,3.56718390110923));
#2845=CARTESIAN_POINT('Ctrl Pts',(-3.02688225020658,1.06385885935276,3.56776044130165));
#2846=CARTESIAN_POINT('Ctrl Pts',(-3.03112605527097,1.05248769057778,3.5704746557659));
#2847=CARTESIAN_POINT('Ctrl Pts',(-3.03483091436307,1.04090817935277,3.57318801832047));
#2848=CARTESIAN_POINT('Ctrl Pts',(-3.03796328989062,1.02920915271282,3.57589475477244));
#2849=CARTESIAN_POINT('Ctrl Pts',(-3.0407161981429,1.01892738837855,3.57827358740277));
#2850=CARTESIAN_POINT('Ctrl Pts',(-3.04302679241108,1.00855298802582,3.5806473907732));
#2851=CARTESIAN_POINT('Ctrl Pts',(-3.04486901837914,0.998148369792104,3.58301616381861));
#2852=CARTESIAN_POINT('Ctrl Pts',(-3.04770849053506,0.982111453431208,3.58666721706765));
#2853=CARTESIAN_POINT('Ctrl Pts',(-3.04943140643374,0.966019860450737,3.59031874212189));
#2854=CARTESIAN_POINT('Ctrl Pts',(-3.04994957811405,0.95011280344996,3.59394901307359));
#2855=CARTESIAN_POINT('Ctrl Pts',(-3.05014992267771,0.943962539907879,3.59535261168275));
#2856=CARTESIAN_POINT('Ctrl Pts',(-3.05016955281539,0.937840881129529,3.59675409837545));
#2857=CARTESIAN_POINT('Ctrl Pts',(-3.05000501486208,0.931768478625278,3.59816486990065));
#2858=CARTESIAN_POINT('Ctrl Pts',(0.670000000000002,1.26999829785993,3.9323946891329));
#2859=CARTESIAN_POINT('Ctrl Pts',(0.670000000000002,1.26999829785993,3.9363946891329));
#2860=CARTESIAN_POINT('Ctrl Pts',(0.670000000000002,1.26599829785993,3.9363946891329));
#2861=CARTESIAN_POINT('Ctrl Pts',(-13.15,1.26999829785993,2.08972802246624));
#2862=CARTESIAN_POINT('Ctrl Pts',(-13.15,1.26999829785993,3.9363946891329));
#2863=CARTESIAN_POINT('Ctrl Pts',(-13.15,-0.576668368806734,3.9363946891329));
#2864=CARTESIAN_POINT('',(-2.75816485697942,1.00359648495992,3.89327700905318));
#2865=CARTESIAN_POINT('Origin',(-2.75814690195433,0.808909492285796,3.47530588270527));
#2866=CARTESIAN_POINT('Origin',(-2.75814690195433,0.808909492285796,3.47530588270527));
#2867=CARTESIAN_POINT('Ctrl Pts',(-3.04999998557976,0.931721716111018,1.73460556576024));
#2868=CARTESIAN_POINT('Ctrl Pts',(-3.04999998700805,0.849061414120691,1.70110661830441));
#2869=CARTESIAN_POINT('Ctrl Pts',(-3.04999999140917,0.556403645124662,1.59788317777894));
#2870=CARTESIAN_POINT('Ctrl Pts',(-3.04999999434421,0.123765350009107,1.52904501572523));
#2871=CARTESIAN_POINT('Ctrl Pts',(-3.04999999293393,-0.325584366019953,
1.56212157345245));
#2872=CARTESIAN_POINT('Ctrl Pts',(-3.04999999011179,-0.639663276490703,
1.62831203959142));
#2873=CARTESIAN_POINT('Ctrl Pts',(-3.0499999872229,-0.8363307929719,1.69606754289486));
#2874=CARTESIAN_POINT('Ctrl Pts',(-3.0499999855764,-0.931791092102475,1.7346845329744));
#2875=CARTESIAN_POINT('Ctrl Pts',(-3.04990123684823,0.931721716111018,1.3963946891329));
#2876=CARTESIAN_POINT('Ctrl Pts',(-3.04991101909316,0.849061414120691,1.3963946891329));
#2877=CARTESIAN_POINT('Ctrl Pts',(-3.04994116203955,0.556403645124661,1.3963946891329));
#2878=CARTESIAN_POINT('Ctrl Pts',(-3.04996126391774,0.123765350009107,1.3963946891329));
#2879=CARTESIAN_POINT('Ctrl Pts',(-3.04995160501758,-0.325584366019954,
1.3963946891329));
#2880=CARTESIAN_POINT('Ctrl Pts',(-3.04993227631024,-0.639663276490703,
1.3963946891329));
#2881=CARTESIAN_POINT('Ctrl Pts',(-3.04991249058625,-0.8363307929719,1.3963946891329));
#2882=CARTESIAN_POINT('Ctrl Pts',(-3.0499012137885,-0.931791092102475,1.3963946891329));
#2883=CARTESIAN_POINT('Ctrl Pts',(-2.71169034580486,0.931721716111018,1.3963946891329));
#2884=CARTESIAN_POINT('Ctrl Pts',(-2.74519907693349,0.849061414120691,1.3963946891329));
#2885=CARTESIAN_POINT('Ctrl Pts',(-2.84845266480518,0.556403645124662,1.3963946891329));
#2886=CARTESIAN_POINT('Ctrl Pts',(-2.91731093167127,0.123765350009107,1.3963946891329));
#2887=CARTESIAN_POINT('Ctrl Pts',(-2.88422471363403,-0.325584366019954,
1.3963946891329));
#2888=CARTESIAN_POINT('Ctrl Pts',(-2.8180149159664,-0.639663276490703,1.3963946891329));
#2889=CARTESIAN_POINT('Ctrl Pts',(-2.75023962405093,-0.8363307929719,1.3963946891329));
#2890=CARTESIAN_POINT('Ctrl Pts',(-2.71161135552761,-0.931791092102475,
1.3963946891329));
#2891=CARTESIAN_POINT('',(-2.87159298605754,0.843877801006514,1.42386407266834));
#2892=CARTESIAN_POINT('Ctrl Pts',(-2.75815846138146,0.808915802473765,1.3963946891329));
#2893=CARTESIAN_POINT('Ctrl Pts',(-2.76796141255321,0.812311497366674,1.3963946891329));
#2894=CARTESIAN_POINT('Ctrl Pts',(-2.77824943172674,0.815701765702913,1.39701736095049));
#2895=CARTESIAN_POINT('Ctrl Pts',(-2.788912875933,0.819087126212234,1.39839843827459));
#2896=CARTESIAN_POINT('Ctrl Pts',(-2.79934238101356,0.822398217258293,1.39974921694327));
#2897=CARTESIAN_POINT('Ctrl Pts',(-2.81013064677343,0.825704613436477,1.40182657495209));
#2898=CARTESIAN_POINT('Ctrl Pts',(-2.82113226550826,0.829006795321144,1.40473359852188));
#2899=CARTESIAN_POINT('Ctrl Pts',(-2.83186969107403,0.832229678520956,1.40757081274925));
#2900=CARTESIAN_POINT('Ctrl Pts',(-2.84280954394313,0.835448547382935,1.41119916695498));
#2901=CARTESIAN_POINT('Ctrl Pts',(-2.85378410784852,0.838663844374087,1.41567726343848));
#2902=CARTESIAN_POINT('Ctrl Pts',(-2.85974183868856,0.840409323666863,1.4181082751629));
#2903=CARTESIAN_POINT('Ctrl Pts',(-2.86570929090406,0.842153750238462,1.42078897683296));
#2904=CARTESIAN_POINT('Ctrl Pts',(-2.87165699613136,0.843897194352619,1.42372280931946));
#2905=CARTESIAN_POINT('Ctrl Pts',(-2.7580744443102,-0.808925109047323,1.39639460301314));
#2906=CARTESIAN_POINT('Ctrl Pts',(-2.76722208683446,-0.812104833645049,
1.39608638234996));
#2907=CARTESIAN_POINT('Ctrl Pts',(-2.77689694540335,-0.81528439996127,1.39654160947933));
#2908=CARTESIAN_POINT('Ctrl Pts',(-2.78691252995278,-0.818453658282633,
1.39776157380602));
#2909=CARTESIAN_POINT('Ctrl Pts',(-2.7932737376589,-0.820466552323622,1.39853641090492));
#2910=CARTESIAN_POINT('Ctrl Pts',(-2.79977351703189,-0.82247652240836,1.39961941971633));
#2911=CARTESIAN_POINT('Ctrl Pts',(-2.80636933735201,-0.824486825872725,
1.40101039821893));
#2912=CARTESIAN_POINT('Ctrl Pts',(-2.81754478454877,-0.827892928392973,
1.40336716448198));
#2913=CARTESIAN_POINT('Ctrl Pts',(-2.8289507397754,-0.831286957338561,1.40659628337504));
#2914=CARTESIAN_POINT('Ctrl Pts',(-2.84044035444879,-0.834674338220349,
1.41070037988526));
#2915=CARTESIAN_POINT('Ctrl Pts',(-2.84646397431419,-0.836450228478747,
1.41285202012484));
#2916=CARTESIAN_POINT('Ctrl Pts',(-2.85251081567291,-0.83822457892297,1.41524476363865));
#2917=CARTESIAN_POINT('Ctrl Pts',(-2.85855649889064,-0.83999869361034,1.41788051674296));
#2918=CARTESIAN_POINT('Ctrl Pts',(-2.86380593946537,-0.841539149715747,
1.42016912975699));
#2919=CARTESIAN_POINT('Ctrl Pts',(-2.86905451805923,-0.843079428062187,
1.42264097424752));
#2920=CARTESIAN_POINT('Ctrl Pts',(-2.87428611401561,-0.844620369192057,
1.42529801413307));
#2921=CARTESIAN_POINT('Ctrl Pts',(-2.88543805557252,-0.847905119307743,
1.43096189830248));
#2922=CARTESIAN_POINT('Ctrl Pts',(-2.8965133646775,-0.851192946212139,1.43746777966055));
#2923=CARTESIAN_POINT('Ctrl Pts',(-2.90732789064139,-0.854482800387285,
1.44482470272031));
#2924=CARTESIAN_POINT('Ctrl Pts',(-2.9180912127451,-0.857757077991273,1.45214679273598));
#2925=CARTESIAN_POINT('Ctrl Pts',(-2.92859580373455,-0.861033396847739,
1.46031370758895));
#2926=CARTESIAN_POINT('Ctrl Pts',(-2.93863111438291,-0.864303048918431,
1.46930435967459));
#2927=CARTESIAN_POINT('Ctrl Pts',(-2.94531039173371,-0.866479255892583,
1.47528833575153));
#2928=CARTESIAN_POINT('Ctrl Pts',(-2.95178106903728,-0.868652227108358,
1.48163660819137));
#2929=CARTESIAN_POINT('Ctrl Pts',(-2.95797678284513,-0.87081801997351,1.4883289040982));
#2930=CARTESIAN_POINT('Ctrl Pts',(-2.96712632914495,-0.874016363652725,
1.49821178009129));
#2931=CARTESIAN_POINT('Ctrl Pts',(-2.97574395964326,-0.87719659602028,1.50891263535802));
#2932=CARTESIAN_POINT('Ctrl Pts',(-2.9837391893719,-0.88037376953507,1.52024873406856));
#2933=CARTESIAN_POINT('Ctrl Pts',(-2.98853062938763,-0.882277809422902,
1.5270423145944));
#2934=CARTESIAN_POINT('Ctrl Pts',(-2.99309921602004,-0.884180875205405,
1.5340639807263));
#2935=CARTESIAN_POINT('Ctrl Pts',(-2.9974315013787,-0.886084590258275,1.54127787205689));
#2936=CARTESIAN_POINT('Ctrl Pts',(-3.00037876166648,-0.887379690490618,
1.5461854932496));
#2937=CARTESIAN_POINT('Ctrl Pts',(-3.00321666824105,-0.888675089460688,
1.55118207021021));
#2938=CARTESIAN_POINT('Ctrl Pts',(-3.0059411320781,-0.889971280681939,1.55625625858887));
#2939=CARTESIAN_POINT('Ctrl Pts',(-3.0127113201709,-0.893192266129704,1.56886542200465));
#2940=CARTESIAN_POINT('Ctrl Pts',(-3.01878156109561,-0.89641832169262,1.58195415962721));
#2941=CARTESIAN_POINT('Ctrl Pts',(-3.02409850147264,-0.899646150709449,
1.59536352432209));
#2942=CARTESIAN_POINT('Ctrl Pts',(-3.02504873843422,-0.900223024290861,
1.5977600292781));
#2943=CARTESIAN_POINT('Ctrl Pts',(-3.02597492350239,-0.90079992107277,1.6001668056174));
#2944=CARTESIAN_POINT('Ctrl Pts',(-3.02687675927587,-0.901376783255995,
1.60258298940319));
#2945=CARTESIAN_POINT('Ctrl Pts',(-3.03112131768083,-0.904091828833369,
1.6139549414786));
#2946=CARTESIAN_POINT('Ctrl Pts',(-3.03482684855699,-0.906806074613001,
1.62553513003396));
#2947=CARTESIAN_POINT('Ctrl Pts',(-3.03795983805594,-0.909513741251453,
1.63723472571121));
#2948=CARTESIAN_POINT('Ctrl Pts',(-3.04071269085701,-0.911892877119135,
1.64751476806126));
#2949=CARTESIAN_POINT('Ctrl Pts',(-3.04302337616288,-0.91426702273557,1.65788732332621));
#2950=CARTESIAN_POINT('Ctrl Pts',(-3.04486586467223,-0.916636173191155,
1.66829001830237));
#2951=CARTESIAN_POINT('Ctrl Pts',(-3.04770560957532,-0.920287638530967,
1.68432322550395));
#2952=CARTESIAN_POINT('Ctrl Pts',(-3.049429296685,-0.923939643628106,1.70041088856601));
#2953=CARTESIAN_POINT('Ctrl Pts',(-3.04994872180672,-0.927570390072889,
1.71631395179079));
#2954=CARTESIAN_POINT('Ctrl Pts',(-3.05014974756228,-0.928975546498334,
1.72246868933977));
#2955=CARTESIAN_POINT('Ctrl Pts',(-3.05016977793005,-0.930378579707009,
1.72859475902086));
#2956=CARTESIAN_POINT('Ctrl Pts',(-3.05000534296463,-0.931790903070992,
1.73467145975002));
#2957=CARTESIAN_POINT('Ctrl Pts',(-2.87157271375594,0.843871659039508,1.42390881145778));
#2958=CARTESIAN_POINT('Ctrl Pts',(-2.88229175351789,0.847014300458141,1.42921269192014));
#2959=CARTESIAN_POINT('Ctrl Pts',(-2.89296579387854,0.850160498368573,1.43529793161793));
#2960=CARTESIAN_POINT('Ctrl Pts',(-2.90342013321234,0.853309026467402,1.44216975288098));
#2961=CARTESIAN_POINT('Ctrl Pts',(-2.90580233369852,0.854026472585067,1.44373561519241));
#2962=CARTESIAN_POINT('Ctrl Pts',(-2.90817313089488,0.854744047190669,1.44534230347697));
#2963=CARTESIAN_POINT('Ctrl Pts',(-2.91053015244659,0.855461658253276,1.44698961420625));
#2964=CARTESIAN_POINT('Ctrl Pts',(-2.91846738900511,0.857878203302179,1.45253690966234));
#2965=CARTESIAN_POINT('Ctrl Pts',(-2.92624817488784,0.860295132994585,1.45854542952841));
#2966=CARTESIAN_POINT('Ctrl Pts',(-2.93378358300408,0.862709245879778,1.46500243433974));
#2967=CARTESIAN_POINT('Ctrl Pts',(-2.94220972253348,0.865408721700671,1.47222269668558));
#2968=CARTESIAN_POINT('Ctrl Pts',(-2.95032789137416,0.868104265745151,1.48000444660787));
#2969=CARTESIAN_POINT('Ctrl Pts',(-2.95800730405667,0.870788285587334,1.48830014979628));
#2970=CARTESIAN_POINT('Ctrl Pts',(-2.96715395124547,0.873985116329364,1.49818083643006));
#2971=CARTESIAN_POINT('Ctrl Pts',(-2.97576890669564,0.877163648204683,1.50887941963516));
#2972=CARTESIAN_POINT('Ctrl Pts',(-2.98376166663305,0.880339034127063,1.52021320278967));
#2973=CARTESIAN_POINT('Ctrl Pts',(-2.98855092520003,0.882241724105408,1.52700440113594));
#2974=CARTESIAN_POINT('Ctrl Pts',(-2.99311746082026,0.88414349992576,1.53402361672409));
#2975=CARTESIAN_POINT('Ctrl Pts',(-2.99744783893646,0.886045804380826,1.54123498104327));
#2976=CARTESIAN_POINT('Ctrl Pts',(-3.00039491222514,0.8873404328165,1.54614273241963));
#2977=CARTESIAN_POINT('Ctrl Pts',(-3.00323261595473,0.888635314319622,1.55113947420937));
#2978=CARTESIAN_POINT('Ctrl Pts',(-3.00595685379905,0.889931031839999,1.55621386813295));
#2979=CARTESIAN_POINT('Ctrl Pts',(-3.0127249874389,0.89315013011208,1.56882076157569));
#2980=CARTESIAN_POINT('Ctrl Pts',(-3.01879339752439,0.896374157021414,1.58190722727749));
#2981=CARTESIAN_POINT('Ctrl Pts',(-3.02410872538275,0.899599778304365,1.59531436090633));
#2982=CARTESIAN_POINT('Ctrl Pts',(-3.02505767005654,0.900175647981208,1.59770793443309));
#2983=CARTESIAN_POINT('Ctrl Pts',(-3.02598261863247,0.900751526174612,1.60011175242));
#2984=CARTESIAN_POINT('Ctrl Pts',(-3.02688327498978,0.901327367560264,1.60252495884987));
#2985=CARTESIAN_POINT('Ctrl Pts',(-3.0311277627322,0.9040411125787,1.61389758174683));
#2986=CARTESIAN_POINT('Ctrl Pts',(-3.03483310148072,0.906754187734324,1.62547866191443));
#2987=CARTESIAN_POINT('Ctrl Pts',(-3.03796570370963,0.909460653823386,1.63717917354484));
#2988=CARTESIAN_POINT('Ctrl Pts',(-3.04071780299638,0.911838377788641,1.64745847725449));
#2989=CARTESIAN_POINT('Ctrl Pts',(-3.04302773933175,0.914211110856959,1.65783032648186));
#2990=CARTESIAN_POINT('Ctrl Pts',(-3.04486948314002,0.916578648602095,1.66823237836599));
#2991=CARTESIAN_POINT('Ctrl Pts',(-3.04770859417324,0.920228288961189,1.68426749689863));
#2992=CARTESIAN_POINT('Ctrl Pts',(-3.04943125930729,0.92387786413925,1.70035728407359));
#2993=CARTESIAN_POINT('Ctrl Pts',(-3.04994954028827,0.927506901627521,1.71626227611066));
#2994=CARTESIAN_POINT('Ctrl Pts',(-3.05014994119362,0.928910121936409,1.72241217340746));
#2995=CARTESIAN_POINT('Ctrl Pts',(-3.05016967102383,0.930311241062983,1.72853344433623));
#2996=CARTESIAN_POINT('Ctrl Pts',(-3.05000534298963,0.93172152708435,1.73460548733406));
#2997=CARTESIAN_POINT('Ctrl Pts',(-3.04999998550343,0.931768656145189,3.59816504741564));
#2998=CARTESIAN_POINT('Ctrl Pts',(-3.04990097303921,0.931768656145189,3.9363946891329));
#2999=CARTESIAN_POINT('Ctrl Pts',(-2.71167131682962,0.931768656145189,3.9363946891329));
#3000=CARTESIAN_POINT('Ctrl Pts',(-3.04999998693953,0.849093720045037,3.63167159787221));
#3001=CARTESIAN_POINT('Ctrl Pts',(-3.0499107830956,0.849093720045037,3.9363946891329));
#3002=CARTESIAN_POINT('Ctrl Pts',(-2.74518767877827,0.849093720045036,3.9363946891329));
#3003=CARTESIAN_POINT('Ctrl Pts',(-3.04999999136406,0.556421573555158,3.73490350174215));
#3004=CARTESIAN_POINT('Ctrl Pts',(-3.04994100735875,0.556421573555157,3.9363946891329));
#3005=CARTESIAN_POINT('Ctrl Pts',(-2.84844981133459,0.556421573555157,3.9363946891329));
#3006=CARTESIAN_POINT('Ctrl Pts',(-3.04999999431459,0.123765350009107,3.80374446385471));
#3007=CARTESIAN_POINT('Ctrl Pts',(-3.0499611626332,0.123765350009107,3.9363946891329));
#3008=CARTESIAN_POINT('Ctrl Pts',(-2.91731093167127,0.123765350009107,3.9363946891329));
#3009=CARTESIAN_POINT('Ctrl Pts',(-3.04999999289693,-0.325584366019954,
3.77066793139033));
#3010=CARTESIAN_POINT('Ctrl Pts',(-3.04995147847759,-0.325584366019955,
3.9363946891329));
#3011=CARTESIAN_POINT('Ctrl Pts',(-2.88422471363403,-0.325584366019954,
3.9363946891329));
#3012=CARTESIAN_POINT('Ctrl Pts',(-3.04999999006016,-0.639645955894093,
3.70448116602673));
#3013=CARTESIAN_POINT('Ctrl Pts',(-3.04993210029954,-0.639645955894093,
3.9363946891329));
#3014=CARTESIAN_POINT('Ctrl Pts',(-2.81801856725644,-0.639645955894093,
3.9363946891329));
#3015=CARTESIAN_POINT('Ctrl Pts',(-3.04999998715647,-0.836298327564897,
3.63673324896958));
#3016=CARTESIAN_POINT('Ctrl Pts',(-3.0499122650471,-0.836298327564897,3.9363946891329));
#3017=CARTESIAN_POINT('Ctrl Pts',(-2.75025081204401,-0.836298327564897,
3.9363946891329));
#3018=CARTESIAN_POINT('Ctrl Pts',(-3.04999998550168,-0.931744127420437,
3.5981241020097));
#3019=CARTESIAN_POINT('Ctrl Pts',(-3.0499009610512,-0.931744127420437,3.9363946891329));
#3020=CARTESIAN_POINT('Ctrl Pts',(-2.71163035943392,-0.931744127420437,
3.9363946891329));
#3021=CARTESIAN_POINT('',(-2.87286209147186,-0.844171880445177,3.90826934638638));
#3022=CARTESIAN_POINT('Ctrl Pts',(-2.87284127054577,-0.844165754081951,
3.90822409322089));
#3023=CARTESIAN_POINT('Ctrl Pts',(-2.88393723881667,-0.8474304643043,3.90266459366006));
#3024=CARTESIAN_POINT('Ctrl Pts',(-2.89494295680036,-0.850692939484965,
3.89628362750827));
#3025=CARTESIAN_POINT('Ctrl Pts',(-2.90567901990363,-0.853950949189847,
3.88908347060253));
#3026=CARTESIAN_POINT('Ctrl Pts',(-2.90728342621211,-0.854437828902952,
3.88800747309296));
#3027=CARTESIAN_POINT('Ctrl Pts',(-2.90888176299518,-0.854924596477791,
3.88691321675359));
#3028=CARTESIAN_POINT('Ctrl Pts',(-2.91047338218737,-0.855411232410596,
3.88580075397225));
#3029=CARTESIAN_POINT('Ctrl Pts',(-2.92380572126919,-0.85948758138743,3.8764821109893));
#3030=CARTESIAN_POINT('Ctrl Pts',(-2.93667169634066,-0.863557518849077,
3.86588334584436));
#3031=CARTESIAN_POINT('Ctrl Pts',(-2.94873905953604,-0.867622610725031,
3.85399455746439));
#3032=CARTESIAN_POINT('Ctrl Pts',(-2.95187709279764,-0.86867970938956,3.85090296133253));
#3033=CARTESIAN_POINT('Ctrl Pts',(-2.95496067575584,-0.86973638831514,3.84772445264145));
#3034=CARTESIAN_POINT('Ctrl Pts',(-2.95798305826162,-0.870792570397536,
3.84445980524616));
#3035=CARTESIAN_POINT('Ctrl Pts',(-2.96799030593384,-0.874289637914729,
3.83365040736732));
#3036=CARTESIAN_POINT('Ctrl Pts',(-2.97733498794681,-0.87778135692394,3.82188771130918));
#3037=CARTESIAN_POINT('Ctrl Pts',(-2.98593493025576,-0.881269822504658,
3.80938428567404));
#3038=CARTESIAN_POINT('Ctrl Pts',(-2.98992048933419,-0.882886517729529,
3.80358969545919));
#3039=CARTESIAN_POINT('Ctrl Pts',(-2.99374667542516,-0.884502436537292,
3.79763547107172));
#3040=CARTESIAN_POINT('Ctrl Pts',(-2.99740703756057,-0.886117088494046,
3.7915402806094));
#3041=CARTESIAN_POINT('Ctrl Pts',(-3.00458816808551,-0.889284815080882,
3.77958234949083));
#3042=CARTESIAN_POINT('Ctrl Pts',(-3.01112867146146,-0.892447756222698,
3.76708477138647));
#3043=CARTESIAN_POINT('Ctrl Pts',(-3.01696775858906,-0.895608894107287,
3.75420650655873));
#3044=CARTESIAN_POINT('Ctrl Pts',(-3.02052714796299,-0.897535859804162,
3.74635617687861));
#3045=CARTESIAN_POINT('Ctrl Pts',(-3.02382617034255,-0.899461928406985,
3.73836416286228));
#3046=CARTESIAN_POINT('Ctrl Pts',(-3.02685227531004,-0.901385910018661,
3.73026466645915));
#3047=CARTESIAN_POINT('Ctrl Pts',(-3.03183978692268,-0.904556943652257,
3.71691538320525));
#3048=CARTESIAN_POINT('Ctrl Pts',(-3.03608471057955,-0.907723869303888,
3.70327683666426));
#3049=CARTESIAN_POINT('Ctrl Pts',(-3.03952905101134,-0.91088611286205,3.68950298652668));
#3050=CARTESIAN_POINT('Ctrl Pts',(-3.041602791928,-0.9127900111511,3.68121013708982));
#3051=CARTESIAN_POINT('Ctrl Pts',(-3.04338626957175,-0.914692398245833,
3.6728681456928));
#3052=CARTESIAN_POINT('Ctrl Pts',(-3.04486633251373,-0.916595032575939,
3.66451157548358));
#3053=CARTESIAN_POINT('Ctrl Pts',(-3.04770571486115,-0.920245084325283,
3.64848016407253));
#3054=CARTESIAN_POINT('Ctrl Pts',(-3.04942914767655,-0.92389513866567,3.63239430468371));
#3055=CARTESIAN_POINT('Ctrl Pts',(-3.04994868256845,-0.927524649530157,
3.61649330446356));
#3056=CARTESIAN_POINT('Ctrl Pts',(-3.05014976488152,-0.928929426093396,
3.61033893455661));
#3057=CARTESIAN_POINT('Ctrl Pts',(-3.05016989590323,-0.930332090688201,
3.60421325421101));
#3058=CARTESIAN_POINT('Ctrl Pts',(-3.05000567117363,-0.931743927032692,
3.59813691438222));
#3059=CARTESIAN_POINT('Ctrl Pts',(-2.75805231487677,-0.808928060039778,
3.93639468897919));
#3060=CARTESIAN_POINT('Ctrl Pts',(-2.7673578657096,-0.812148613672522,3.93639435032599));
#3061=CARTESIAN_POINT('Ctrl Pts',(-2.77714650050506,-0.815357719689792,
3.93583271608932));
#3062=CARTESIAN_POINT('Ctrl Pts',(-2.78729861281283,-0.818565880747236,
3.93458339519466));
#3063=CARTESIAN_POINT('Ctrl Pts',(-2.79351657362733,-0.820530813673216,
3.93381821174));
#3064=CARTESIAN_POINT('Ctrl Pts',(-2.7998699633426,-0.822495390240572,3.9327953785253));
#3065=CARTESIAN_POINT('Ctrl Pts',(-2.80632320221952,-0.824462005684521,
3.9314913326193));
#3066=CARTESIAN_POINT('Ctrl Pts',(-2.81646228128396,-0.827551875725884,
3.92944246618234));
#3067=CARTESIAN_POINT('Ctrl Pts',(-2.82684652169058,-0.830644413361262,
3.92669771919581));
#3068=CARTESIAN_POINT('Ctrl Pts',(-2.83732112655028,-0.833734136081861,
3.92319691406694));
#3069=CARTESIAN_POINT('Ctrl Pts',(-2.84439823510613,-0.835821690065427,
3.92083161453901));
#3070=CARTESIAN_POINT('Ctrl Pts',(-2.85151586160897,-0.837907960053668,
3.91812195404031));
#3071=CARTESIAN_POINT('Ctrl Pts',(-2.85862049770656,-0.839991267654375,
3.91506167148825));
#3072=CARTESIAN_POINT('Ctrl Pts',(-2.86340027458649,-0.841392851826577,
3.91300280913591));
#3073=CARTESIAN_POINT('Ctrl Pts',(-2.86817373969108,-0.842792738562152,
3.9107857044657));
#3074=CARTESIAN_POINT('Ctrl Pts',(-2.87292676691211,-0.844190910589994,
3.90840991498492));
#3075=CARTESIAN_POINT('',(-2.85865377917332,0.839995961058997,3.91504985784861));
#3076=CARTESIAN_POINT('Ctrl Pts',(-2.75816041513532,0.808910241894155,3.9363946891329));
#3077=CARTESIAN_POINT('Ctrl Pts',(-2.76579639954026,0.811563057066434,3.93665157662004));
#3078=CARTESIAN_POINT('Ctrl Pts',(-2.77378449414136,0.814209610808962,3.93637885731255));
#3079=CARTESIAN_POINT('Ctrl Pts',(-2.78203176039877,0.816850519159875,3.93557489646822));
#3080=CARTESIAN_POINT('Ctrl Pts',(-2.78372671622707,0.817393271492789,3.93540966861256));
#3081=CARTESIAN_POINT('Ctrl Pts',(-2.7854326291706,0.81793596288977,3.93522200473931));
#3082=CARTESIAN_POINT('Ctrl Pts',(-2.78714872350627,0.818478890249227,3.93501188632106));
#3083=CARTESIAN_POINT('Ctrl Pts',(-2.79345941374539,0.820475427570437,3.93423920604149));
#3084=CARTESIAN_POINT('Ctrl Pts',(-2.7999047802187,0.822471776166386,3.93316327522275));
#3085=CARTESIAN_POINT('Ctrl Pts',(-2.80644467601088,0.824469183783429,3.93178431469236));
#3086=CARTESIAN_POINT('Ctrl Pts',(-2.80644935348083,0.824470612371038,3.93178332843101));
#3087=CARTESIAN_POINT('Ctrl Pts',(-2.80645403099897,0.824472040958013,3.93178234201472));
#3088=CARTESIAN_POINT('Ctrl Pts',(-2.80645870856531,0.824473469544353,3.93178135544347));
#3089=CARTESIAN_POINT('Ctrl Pts',(-2.81658179923433,0.827565186050412,3.92964623871201));
#3090=CARTESIAN_POINT('Ctrl Pts',(-2.82693049969621,0.830654437052482,3.92678556488428));
#3091=CARTESIAN_POINT('Ctrl Pts',(-2.83736624467401,0.833736316918179,3.92319811393502));
#3092=CARTESIAN_POINT('Ctrl Pts',(-2.84442192022264,0.835819996086124,3.92077261484525));
#3093=CARTESIAN_POINT('Ctrl Pts',(-2.85151702306604,0.837901099708343,3.91801480555271));
#3094=CARTESIAN_POINT('Ctrl Pts',(-2.85860392816667,0.839980983530172,3.91492550581116));
#3095=CARTESIAN_POINT('Ctrl Pts',(-2.85866446008127,0.839999170093628,3.91507650109526));
#3096=CARTESIAN_POINT('Ctrl Pts',(-2.86986119402644,0.843285461006472,3.91025380537462));
#3097=CARTESIAN_POINT('Ctrl Pts',(-2.88102388806606,0.846562263626491,3.90455867387815));
#3098=CARTESIAN_POINT('Ctrl Pts',(-2.89196942727023,0.849829348866047,3.89800011059207));
#3099=CARTESIAN_POINT('Ctrl Pts',(-2.89824282066919,0.85170186611653,3.89424109544827));
#3100=CARTESIAN_POINT('Ctrl Pts',(-2.90444474498518,0.85357119128772,3.89019940130006));
#3101=CARTESIAN_POINT('Ctrl Pts',(-2.91054121917315,0.855437281616,3.88588447121706));
#3102=CARTESIAN_POINT('Ctrl Pts',(-2.92382134190015,0.859502239133267,3.87648513656987));
#3103=CARTESIAN_POINT('Ctrl Pts',(-2.93659809744712,0.86355299099664,3.86578849280094));
#3104=CARTESIAN_POINT('Ctrl Pts',(-2.94862995775375,0.867613075225177,3.8538814324873));
#3105=CARTESIAN_POINT('Ctrl Pts',(-2.95175858385406,0.868668812672517,3.85078525793691));
#3106=CARTESIAN_POINT('Ctrl Pts',(-2.95483695474063,0.869725179598555,3.84760749194801));
#3107=CARTESIAN_POINT('Ctrl Pts',(-2.95786107924967,0.870782586616727,3.8443501803686));
#3108=CARTESIAN_POINT('Ctrl Pts',(-2.96787232185159,0.874283090037224,3.83356698134549));
#3109=CARTESIAN_POINT('Ctrl Pts',(-2.97730033419436,0.87779451946091,3.82189519571493));
#3110=CARTESIAN_POINT('Ctrl Pts',(-2.98598742909949,0.881299744173488,3.80945927921064));
#3111=CARTESIAN_POINT('Ctrl Pts',(-2.9900161936647,0.882925342289929,3.80369194498723));
#3112=CARTESIAN_POINT('Ctrl Pts',(-2.99388599470234,0.884549608489628,3.79776089171529));
#3113=CARTESIAN_POINT('Ctrl Pts',(-2.99758350587083,0.886170847432645,3.79168149494733));
#3114=CARTESIAN_POINT('Ctrl Pts',(-3.00483358385799,0.88934977191376,3.77976101690843));
#3115=CARTESIAN_POINT('Ctrl Pts',(-3.0114163456136,0.892516450018949,3.7672712310114));
#3116=CARTESIAN_POINT('Ctrl Pts',(-3.01724180811721,0.895672655966677,3.75437489415953));
#3117=CARTESIAN_POINT('Ctrl Pts',(-3.02079349983125,0.897596944468304,3.74651220296378));
#3118=CARTESIAN_POINT('Ctrl Pts',(-3.02406462631759,0.899517339981825,3.73849890529795));
#3119=CARTESIAN_POINT('Ctrl Pts',(-3.02704393063866,0.901434241496057,3.73037452142557));
#3120=CARTESIAN_POINT('Ctrl Pts',(-3.03195370138054,0.904593216194631,3.71698587161554));
#3121=CARTESIAN_POINT('Ctrl Pts',(-3.03606666890713,0.907745101786379,3.70329910105898));
#3122=CARTESIAN_POINT('Ctrl Pts',(-3.03937387376646,0.910897661395452,3.68949517551028));
#3123=CARTESIAN_POINT('Ctrl Pts',(-3.04136513972566,0.912795815547037,3.68118384064668));
#3124=CARTESIAN_POINT('Ctrl Pts',(-3.0430653671013,0.914694212587062,3.67282994421557));
#3125=CARTESIAN_POINT('Ctrl Pts',(-3.04448129594595,0.916594533739884,3.66447035690588));
#3126=CARTESIAN_POINT('Ctrl Pts',(-3.04719835982448,0.920241111024766,3.64842892035752));
#3127=CARTESIAN_POINT('Ctrl Pts',(-3.04886605177767,0.923899241472098,3.63237419841731));
#3128=CARTESIAN_POINT('Ctrl Pts',(-3.04958442086673,0.927545679018809,3.6164957060616));
#3129=CARTESIAN_POINT('Ctrl Pts',(-3.04986216910387,0.928955527543592,3.61035648970681));
#3130=CARTESIAN_POINT('Ctrl Pts',(-3.04999837292405,0.930363630916821,3.60424318135131));
#3131=CARTESIAN_POINT('Ctrl Pts',(-3.04999998550343,0.931768656145189,3.59816504741564));
#3132=CARTESIAN_POINT('Ctrl Pts',(-3.03720510124007,-0.949660220640968,
1.8093130106924));
#3133=CARTESIAN_POINT('Ctrl Pts',(-3.05323684706293,-0.970037688651297,
1.80762643939092));
#3134=CARTESIAN_POINT('Ctrl Pts',(-3.0341956507658,-1.01379570170783,1.79850740361242));
#3135=CARTESIAN_POINT('Ctrl Pts',(-3.02202151101615,-1.07823834746779,1.81044014837305));
#3136=CARTESIAN_POINT('Ctrl Pts',(-2.98366711285869,-1.13066918685866,1.81852279701189));
#3137=CARTESIAN_POINT('Ctrl Pts',(-2.9417789637221,-1.17849314419132,1.82867665451509));
#3138=CARTESIAN_POINT('Ctrl Pts',(-2.89389662559318,-1.21713765212603,1.83939393374574));
#3139=CARTESIAN_POINT('Ctrl Pts',(-2.85060582722538,-1.25109416211019,1.84858648706323));
#3140=CARTESIAN_POINT('Ctrl Pts',(-2.80073353994039,-1.26415285432228,1.85768510088452));
#3141=CARTESIAN_POINT('Ctrl Pts',(-2.77199588191959,-1.27046739295923,1.85665920853303));
#3142=CARTESIAN_POINT('Ctrl Pts',(-2.75813090528647,-1.27000170214007,1.85747881045216));
#3143=CARTESIAN_POINT('Ctrl Pts',(-3.05181344639965,-0.938664184802155,
1.76635870003767));
#3144=CARTESIAN_POINT('Ctrl Pts',(-3.05002892303778,-0.960370415651002,
1.77307445310666));
#3145=CARTESIAN_POINT('Ctrl Pts',(-3.05147561933721,-1.00422064437506,1.78306610015593));
#3146=CARTESIAN_POINT('Ctrl Pts',(-3.03164424287532,-1.07012100945555,1.79250453192202));
#3147=CARTESIAN_POINT('Ctrl Pts',(-3.00519246200458,-1.13467288272242,1.80224711840211));
#3148=CARTESIAN_POINT('Ctrl Pts',(-2.96542671834348,-1.18843202985303,1.81222196596862));
#3149=CARTESIAN_POINT('Ctrl Pts',(-2.91643828959201,-1.22808454514233,1.82206143392243));
#3150=CARTESIAN_POINT('Ctrl Pts',(-2.86019718655347,-1.25261550579456,1.83246335042222));
#3151=CARTESIAN_POINT('Ctrl Pts',(-2.80689929964701,-1.268797162944,1.84341893235954));
#3152=CARTESIAN_POINT('Ctrl Pts',(-2.77382360802802,-1.27052928742196,1.85255809497628));
#3153=CARTESIAN_POINT('Ctrl Pts',(-2.75813090528647,-1.27000170214007,1.85747881045216));
#3154=CARTESIAN_POINT('Ctrl Pts',(-3.05428336553257,-0.922585872801102,
1.69464813965495));
#3155=CARTESIAN_POINT('Ctrl Pts',(-3.05426175445472,-0.944736945391723,
1.69914509805515));
#3156=CARTESIAN_POINT('Ctrl Pts',(-3.04834887923339,-0.990481280931818,
1.71339456567563));
#3157=CARTESIAN_POINT('Ctrl Pts',(-3.03071872203294,-1.05771308476869,1.73469468964845));
#3158=CARTESIAN_POINT('Ctrl Pts',(-2.998974659349,-1.118295120393,1.75620424960016));
#3159=CARTESIAN_POINT('Ctrl Pts',(-2.95952262406515,-1.17250161577377,1.77676218955573));
#3160=CARTESIAN_POINT('Ctrl Pts',(-2.91153379195262,-1.21589454534315,1.79734743067295));
#3161=CARTESIAN_POINT('Ctrl Pts',(-2.86034440985127,-1.24876304546565,1.81783597045203));
#3162=CARTESIAN_POINT('Ctrl Pts',(-2.80642868264481,-1.26677066197113,1.83805619358809));
#3163=CARTESIAN_POINT('Ctrl Pts',(-2.77278710906734,-1.27049462409759,1.8514334837614));
#3164=CARTESIAN_POINT('Ctrl Pts',(-2.75813090528647,-1.27000170214007,1.85747881045216));
#3165=CARTESIAN_POINT('Ctrl Pts',(-3.02878488955057,-0.901339104348597,
1.60182427794985));
#3166=CARTESIAN_POINT('Ctrl Pts',(-3.02799010148413,-0.924270066231789,
1.60732407006295));
#3167=CARTESIAN_POINT('Ctrl Pts',(-3.02280223714032,-0.971003347431677,
1.62353354787832));
#3168=CARTESIAN_POINT('Ctrl Pts',(-3.00388106805811,-1.04002583813125,1.65353532447114));
#3169=CARTESIAN_POINT('Ctrl Pts',(-2.97459746938043,-1.10417358821651,1.68697534515522));
#3170=CARTESIAN_POINT('Ctrl Pts',(-2.93815942971133,-1.16159734619649,1.72212410030026));
#3171=CARTESIAN_POINT('Ctrl Pts',(-2.89484632858651,-1.20849365020936,1.75834028990764));
#3172=CARTESIAN_POINT('Ctrl Pts',(-2.84856435923521,-1.24401096026419,1.79401053062179));
#3173=CARTESIAN_POINT('Ctrl Pts',(-2.80106979124677,-1.26557629992961,1.82793601752564));
#3174=CARTESIAN_POINT('Ctrl Pts',(-2.77145882521853,-1.27045042698895,1.84822087708634));
#3175=CARTESIAN_POINT('Ctrl Pts',(-2.75813090528647,-1.27000170214007,1.85747881045216));
#3176=CARTESIAN_POINT('Ctrl Pts',(-2.99909659706096,-0.886075363315704,
1.53988033428879));
#3177=CARTESIAN_POINT('Ctrl Pts',(-2.99845713013393,-0.909547632583869,
1.54548199781065));
#3178=CARTESIAN_POINT('Ctrl Pts',(-2.99138738936309,-0.957408546679972,
1.56391380686921));
#3179=CARTESIAN_POINT('Ctrl Pts',(-2.97331094908189,-1.02814315973261,1.59703067868712));
#3180=CARTESIAN_POINT('Ctrl Pts',(-2.94571368094505,-1.09330859485959,1.63808633217086));
#3181=CARTESIAN_POINT('Ctrl Pts',(-2.91345910846839,-1.15277291423464,1.68082820224803));
#3182=CARTESIAN_POINT('Ctrl Pts',(-2.87569333797284,-1.20212369903894,1.72763978369293));
#3183=CARTESIAN_POINT('Ctrl Pts',(-2.83631032734606,-1.24098195083071,1.77353732490266));
#3184=CARTESIAN_POINT('Ctrl Pts',(-2.79561959561589,-1.26449089142707,1.81919705026659));
#3185=CARTESIAN_POINT('Ctrl Pts',(-2.77005382104099,-1.2704035428167,1.84588326045238));
#3186=CARTESIAN_POINT('Ctrl Pts',(-2.75813090528647,-1.27000170214007,1.85747881045216));
#3187=CARTESIAN_POINT('Ctrl Pts',(-2.95942044568271,-0.870752967591736,
1.48629456877208));
#3188=CARTESIAN_POINT('Ctrl Pts',(-2.95942100312122,-0.894882755692527,
1.49182066162204));
#3189=CARTESIAN_POINT('Ctrl Pts',(-2.95265288908905,-0.943838651565174,
1.51033966848221));
#3190=CARTESIAN_POINT('Ctrl Pts',(-2.93627035905015,-1.01672726978269,1.54435383308161));
#3191=CARTESIAN_POINT('Ctrl Pts',(-2.91289824694211,-1.08527302305789,1.5902883691349));
#3192=CARTESIAN_POINT('Ctrl Pts',(-2.88549607697036,-1.14743453277116,1.64011454195808));
#3193=CARTESIAN_POINT('Ctrl Pts',(-2.85444135262004,-1.19929589775585,1.69665678218999));
#3194=CARTESIAN_POINT('Ctrl Pts',(-2.82169622441163,-1.23927719897222,1.75308268575127));
#3195=CARTESIAN_POINT('Ctrl Pts',(-2.78915304052654,-1.26423265140982,1.80970272117636));
#3196=CARTESIAN_POINT('Ctrl Pts',(-2.76834776061168,-1.27034659025912,1.84322097920226));
#3197=CARTESIAN_POINT('Ctrl Pts',(-2.75813090528647,-1.27000170214007,1.85747881045216));
#3198=CARTESIAN_POINT('Ctrl Pts',(-2.91120881729552,-0.855372109932231,
1.44494186729404));
#3199=CARTESIAN_POINT('Ctrl Pts',(-2.91217068282143,-0.880261299599371,
1.44972343544191));
#3200=CARTESIAN_POINT('Ctrl Pts',(-2.90648976159749,-0.930841979186808,
1.46586725795585));
#3201=CARTESIAN_POINT('Ctrl Pts',(-2.89218554274611,-1.00634699032661,1.49926541645718));
#3202=CARTESIAN_POINT('Ctrl Pts',(-2.87355616552752,-1.07650788607217,1.54823693874774));
#3203=CARTESIAN_POINT('Ctrl Pts',(-2.85230940730866,-1.14109476497583,1.60256014570666));
#3204=CARTESIAN_POINT('Ctrl Pts',(-2.82924145873171,-1.19487669244134,1.66663432759793));
#3205=CARTESIAN_POINT('Ctrl Pts',(-2.8050871148245,-1.23752712650901,1.73155574503955));
#3206=CARTESIAN_POINT('Ctrl Pts',(-2.78175984479265,-1.26346477633699,1.79974890256382));
#3207=CARTESIAN_POINT('Ctrl Pts',(-2.76632343120233,-1.27027896766863,1.84042075980863));
#3208=CARTESIAN_POINT('Ctrl Pts',(-2.75813090528647,-1.27000170214007,1.85747881045216));
#3209=CARTESIAN_POINT('Ctrl Pts',(-2.85859732139687,-0.839933189198154,
1.41582866149786));
#3210=CARTESIAN_POINT('Ctrl Pts',(-2.85988233961922,-0.865571985791718,
1.41957140617899));
#3211=CARTESIAN_POINT('Ctrl Pts',(-2.8565176167221,-0.917607286253278,1.43087474172626));
#3212=CARTESIAN_POINT('Ctrl Pts',(-2.84580176179529,-0.996329694802472,
1.46211471620935));
#3213=CARTESIAN_POINT('Ctrl Pts',(-2.83353436321635,-1.07082739502019,1.51017143356359));
#3214=CARTESIAN_POINT('Ctrl Pts',(-2.81881079106335,-1.13868467444785,1.56869019616021));
#3215=CARTESIAN_POINT('Ctrl Pts',(-2.8040376893735,-1.19492711778324,1.63861641395431));
#3216=CARTESIAN_POINT('Ctrl Pts',(-2.78814721604507,-1.23784498226156,1.7124497604173));
#3217=CARTESIAN_POINT('Ctrl Pts',(-2.77368625829325,-1.26390073117069,1.78941598739936));
#3218=CARTESIAN_POINT('Ctrl Pts',(-2.76388244069732,-1.27019741622769,1.83712563867291));
#3219=CARTESIAN_POINT('Ctrl Pts',(-2.75813090528647,-1.27000170214007,1.85747881045216));
#3220=CARTESIAN_POINT('Ctrl Pts',(-2.80570642720531,-0.82443260893145,1.39895997840367));
#3221=CARTESIAN_POINT('Ctrl Pts',(-2.80749499725883,-0.851010200644905,
1.40068430616343));
#3222=CARTESIAN_POINT('Ctrl Pts',(-2.80432380129239,-0.90524042580278,1.40878019105132));
#3223=CARTESIAN_POINT('Ctrl Pts',(-2.79829099746476,-0.987850368814784,
1.43631713185378));
#3224=CARTESIAN_POINT('Ctrl Pts',(-2.79166160190391,-1.06496243536328,1.48338158569691));
#3225=CARTESIAN_POINT('Ctrl Pts',(-2.78508848325072,-1.13581074372794,1.54271999987053));
#3226=CARTESIAN_POINT('Ctrl Pts',(-2.77822978126541,-1.19374313667415,1.61535332926004));
#3227=CARTESIAN_POINT('Ctrl Pts',(-2.77150156305532,-1.23840504267343,1.69455064679351));
#3228=CARTESIAN_POINT('Ctrl Pts',(-2.76532820592457,-1.26391018309322,1.77914419143647));
#3229=CARTESIAN_POINT('Ctrl Pts',(-2.76137417699958,-1.27011353838289,1.83436255110755));
#3230=CARTESIAN_POINT('Ctrl Pts',(-2.75813090528647,-1.27000170214007,1.85747881045216));
#3231=CARTESIAN_POINT('Ctrl Pts',(-2.77302537537357,-0.814059983253008,
1.39588629949105));
#3232=CARTESIAN_POINT('Ctrl Pts',(-2.77307729441696,-0.840913535526924,
1.39666269745792));
#3233=CARTESIAN_POINT('Ctrl Pts',(-2.77081939976448,-0.896142122450129,
1.40247272005243));
#3234=CARTESIAN_POINT('Ctrl Pts',(-2.76950261477682,-0.981619677499311,
1.42715476430143));
#3235=CARTESIAN_POINT('Ctrl Pts',(-2.76745268858653,-1.06399427568773,1.47014954079592));
#3236=CARTESIAN_POINT('Ctrl Pts',(-2.76565079198255,-1.13777948174024,1.53022958384142));
#3237=CARTESIAN_POINT('Ctrl Pts',(-2.76374436702242,-1.19782722234589,1.60428339249282));
#3238=CARTESIAN_POINT('Ctrl Pts',(-2.76194876808225,-1.24055305797065,1.68761057213971));
#3239=CARTESIAN_POINT('Ctrl Pts',(-2.75985825806269,-1.26536013883389,1.7734948142576));
#3240=CARTESIAN_POINT('Ctrl Pts',(-2.75897608883809,-1.27003344671696,1.83091649606617));
#3241=CARTESIAN_POINT('Ctrl Pts',(-2.75813090528647,-1.27000170214007,1.85747881045216));
#3242=CARTESIAN_POINT('Ctrl Pts',(-2.75804278035101,-0.808858049164387,
1.39639568465756));
#3243=CARTESIAN_POINT('Ctrl Pts',(-2.75807230767245,-0.836035171393199,
1.39638737479956));
#3244=CARTESIAN_POINT('Ctrl Pts',(-2.75807700013297,-0.892439284961388,
1.40121453212989));
#3245=CARTESIAN_POINT('Ctrl Pts',(-2.75808112793479,-0.979161457537693,
1.4256846098059));
#3246=CARTESIAN_POINT('Ctrl Pts',(-2.7580878635032,-1.06272200666421,1.46863362328082));
#3247=CARTESIAN_POINT('Ctrl Pts',(-2.75809524008065,-1.13730952645687,1.5290848629564));
#3248=CARTESIAN_POINT('Ctrl Pts',(-2.75810372611913,-1.19776031275694,1.60367249829506));
#3249=CARTESIAN_POINT('Ctrl Pts',(-2.75811257240051,-1.24070948227194,1.68723191243671));
#3250=CARTESIAN_POINT('Ctrl Pts',(-2.75812219195495,-1.26517336118946,1.77393366524201));
#3251=CARTESIAN_POINT('Ctrl Pts',(-2.75812752158716,-1.27000502796575,1.83031463346313));
#3252=CARTESIAN_POINT('Ctrl Pts',(-2.75813090528647,-1.27000170214007,1.85747881045216));
#3253=CARTESIAN_POINT('Ctrl Pts',(-2.75034634695799,-1.26946539668392,3.468406259702));
#3254=CARTESIAN_POINT('Ctrl Pts',(-2.76743588204664,-1.2710579730861,3.47457085958356));
#3255=CARTESIAN_POINT('Ctrl Pts',(-2.80235319408091,-1.26863509323592,3.48587787614711));
#3256=CARTESIAN_POINT('Ctrl Pts',(-2.85838382940558,-1.25112276018631,3.50241225564045));
#3257=CARTESIAN_POINT('Ctrl Pts',(-2.91103637130655,-1.22215763237369,3.51795772739103));
#3258=CARTESIAN_POINT('Ctrl Pts',(-2.95939760540885,-1.18091670110857,3.53344574757569));
#3259=CARTESIAN_POINT('Ctrl Pts',(-2.99917374899679,-1.12734683703352,3.54886125472617));
#3260=CARTESIAN_POINT('Ctrl Pts',(-3.0288931116567,-1.06540021022706,3.56419941964507));
#3261=CARTESIAN_POINT('Ctrl Pts',(-3.04704948795109,-0.998867846994437,
3.57948343592359));
#3262=CARTESIAN_POINT('Ctrl Pts',(-3.05072204678779,-0.954301124266165,
3.58962244865304));
#3263=CARTESIAN_POINT('Ctrl Pts',(-3.04988768853401,-0.932441640155323,
3.59469678843707));
#3264=CARTESIAN_POINT('Ctrl Pts',(-2.75035595058969,-1.27021041200333,3.49703186368906));
#3265=CARTESIAN_POINT('Ctrl Pts',(-2.7672026761988,-1.2706326335074,3.50275181473318));
#3266=CARTESIAN_POINT('Ctrl Pts',(-2.80466724178464,-1.26719533194488,3.51379500690454));
#3267=CARTESIAN_POINT('Ctrl Pts',(-2.86004656240324,-1.24739271922392,3.52931022456384));
#3268=CARTESIAN_POINT('Ctrl Pts',(-2.91246367531261,-1.21748926178364,3.54406361353154));
#3269=CARTESIAN_POINT('Ctrl Pts',(-2.95976524435138,-1.1755156040172,3.55876016046688));
#3270=CARTESIAN_POINT('Ctrl Pts',(-2.99881572045122,-1.12185325947187,3.57347260171998));
#3271=CARTESIAN_POINT('Ctrl Pts',(-3.02825028493654,-1.05990270393759,3.58824458284236));
#3272=CARTESIAN_POINT('Ctrl Pts',(-3.04707687510209,-0.994127492799889,
3.60291999618898));
#3273=CARTESIAN_POINT('Ctrl Pts',(-3.04995413418553,-0.948648166823866,
3.61274562260009));
#3274=CARTESIAN_POINT('Ctrl Pts',(-3.05078248372245,-0.927147492964645,
3.61755702649717));
#3275=CARTESIAN_POINT('Ctrl Pts',(-2.75179788238608,-1.26607910538995,3.55552166797275));
#3276=CARTESIAN_POINT('Ctrl Pts',(-2.76495179279883,-1.26536075135016,3.55951186199165));
#3277=CARTESIAN_POINT('Ctrl Pts',(-2.80138589263137,-1.25935217953542,3.56951596180146));
#3278=CARTESIAN_POINT('Ctrl Pts',(-2.85667767354668,-1.23605094287602,3.58265663584511));
#3279=CARTESIAN_POINT('Ctrl Pts',(-2.90673792272776,-1.20109549062411,3.59593483862327));
#3280=CARTESIAN_POINT('Ctrl Pts',(-2.9529262944891,-1.15663481041896,3.60896974358714));
#3281=CARTESIAN_POINT('Ctrl Pts',(-2.9917016821161,-1.10304761482199,3.62256714581651));
#3282=CARTESIAN_POINT('Ctrl Pts',(-3.02312599812097,-1.043378406405,3.63618403495015));
#3283=CARTESIAN_POINT('Ctrl Pts',(-3.04139505727951,-0.978968811783103,
3.65013751417206));
#3284=CARTESIAN_POINT('Ctrl Pts',(-3.04718087615986,-0.935505923237279,
3.65901130464995));
#3285=CARTESIAN_POINT('Ctrl Pts',(-3.04734550790243,-0.916797113034246,
3.66340425940915));
#3286=CARTESIAN_POINT('Ctrl Pts',(-2.75237233774554,-1.24118987589429,3.64434931548856));
#3287=CARTESIAN_POINT('Ctrl Pts',(-2.76449257511786,-1.24076670131579,3.6469347192847));
#3288=CARTESIAN_POINT('Ctrl Pts',(-2.79551959337414,-1.23156750362514,3.65375176296391));
#3289=CARTESIAN_POINT('Ctrl Pts',(-2.84577424075065,-1.2042834621063,3.66271276823445));
#3290=CARTESIAN_POINT('Ctrl Pts',(-2.89217197811932,-1.16713283011525,3.67272265273022));
#3291=CARTESIAN_POINT('Ctrl Pts',(-2.93626194670515,-1.12204497248488,3.68309612273824));
#3292=CARTESIAN_POINT('Ctrl Pts',(-2.97330965566748,-1.0693691954724,3.69450530400986));
#3293=CARTESIAN_POINT('Ctrl Pts',(-3.00388157117117,-1.01286666814679,3.70638133879271));
#3294=CARTESIAN_POINT('Ctrl Pts',(-3.02308900889012,-0.954788331318108,
3.71903304628877));
#3295=CARTESIAN_POINT('Ctrl Pts',(-3.02822996175819,-0.917636650159355,
3.72705107730904));
#3296=CARTESIAN_POINT('Ctrl Pts',(-3.02878448714384,-0.901340128810701,
3.73096498405012));
#3297=CARTESIAN_POINT('Ctrl Pts',(-2.75342578911476,-1.19807274450988,3.72838056276288));
#3298=CARTESIAN_POINT('Ctrl Pts',(-2.76322895567492,-1.19850199880541,3.73024549502115));
#3299=CARTESIAN_POINT('Ctrl Pts',(-2.78918407111549,-1.18456157988765,3.73101818882773));
#3300=CARTESIAN_POINT('Ctrl Pts',(-2.83349005079876,-1.15622791318563,3.73721362426781));
#3301=CARTESIAN_POINT('Ctrl Pts',(-2.87352419944999,-1.11816231615936,3.7428881954778));
#3302=CARTESIAN_POINT('Ctrl Pts',(-2.91287454756434,-1.07611085057383,3.75164760281394));
#3303=CARTESIAN_POINT('Ctrl Pts',(-2.94569779887947,-1.02831324477646,3.75967761714903));
#3304=CARTESIAN_POINT('Ctrl Pts',(-2.97458587015369,-0.979425200684326,
3.77053743132488));
#3305=CARTESIAN_POINT('Ctrl Pts',(-2.99203280413407,-0.929883730841629,
3.78063862892333));
#3306=CARTESIAN_POINT('Ctrl Pts',(-2.9988161032431,-0.899476076315111,3.78958121528523));
#3307=CARTESIAN_POINT('Ctrl Pts',(-2.99909780081072,-0.886085268648412,
3.79290389568045));
#3308=CARTESIAN_POINT('Ctrl Pts',(-2.75431147449141,-1.13743091333181,3.80331847188939));
#3309=CARTESIAN_POINT('Ctrl Pts',(-2.76224571695656,-1.138293708753,3.80454403399074));
#3310=CARTESIAN_POINT('Ctrl Pts',(-2.78308667342755,-1.12517734153151,3.80203741975567));
#3311=CARTESIAN_POINT('Ctrl Pts',(-2.81875575634874,-1.0977104750559,3.80507330321777));
#3312=CARTESIAN_POINT('Ctrl Pts',(-2.85226202325133,-1.06384016729197,3.80747960914635));
#3313=CARTESIAN_POINT('Ctrl Pts',(-2.88545607501221,-1.02628530978944,3.81381531268625));
#3314=CARTESIAN_POINT('Ctrl Pts',(-2.91342440265292,-0.98557149051888,3.81914997748288));
#3315=CARTESIAN_POINT('Ctrl Pts',(-2.93813076052226,-0.944275808760749,
3.82797056217491));
#3316=CARTESIAN_POINT('Ctrl Pts',(-2.9534207419465,-0.905175314568852,3.83577073433297));
#3317=CARTESIAN_POINT('Ctrl Pts',(-2.95954694010354,-0.881521078486442,
3.84396516955068));
#3318=CARTESIAN_POINT('Ctrl Pts',(-2.95942409456202,-0.87077205961068,3.84648639223194));
#3319=CARTESIAN_POINT('Ctrl Pts',(-2.7552553486461,-1.06258475714674,3.86391370752672));
#3320=CARTESIAN_POINT('Ctrl Pts',(-2.7611890886553,-1.06399898077888,3.86496381119094));
#3321=CARTESIAN_POINT('Ctrl Pts',(-2.77666572182095,-1.05238970580595,3.86006879173021));
#3322=CARTESIAN_POINT('Ctrl Pts',(-2.80396952889482,-1.02778584709218,3.86131785272624));
#3323=CARTESIAN_POINT('Ctrl Pts',(-2.82917689147571,-0.999767511627909,
3.86126520008753));
#3324=CARTESIAN_POINT('Ctrl Pts',(-2.85438390075347,-0.969744409064012,
3.86568163525118));
#3325=CARTESIAN_POINT('Ctrl Pts',(-2.87563942766692,-0.938760956736787,
3.86850709889573));
#3326=CARTESIAN_POINT('Ctrl Pts',(-2.89479784455385,-0.90806013304592,3.87487469735204));
#3327=CARTESIAN_POINT('Ctrl Pts',(-2.90674182575211,-0.880145126861508,
3.88016913748381));
#3328=CARTESIAN_POINT('Ctrl Pts',(-2.91164291483791,-0.863493787450978,
3.88627207663425));
#3329=CARTESIAN_POINT('Ctrl Pts',(-2.91121498894702,-0.855400664418075,
3.88783866126105));
#3330=CARTESIAN_POINT('Ctrl Pts',(-2.75613307491233,-0.979081601739934,
3.90709481497829));
#3331=CARTESIAN_POINT('Ctrl Pts',(-2.76023176600216,-0.979955747470592,
3.90733112720067));
#3332=CARTESIAN_POINT('Ctrl Pts',(-2.7704637555771,-0.972885136325313,3.90483053328663));
#3333=CARTESIAN_POINT('Ctrl Pts',(-2.78806929623841,-0.953954312720174,
3.90423729461215));
#3334=CARTESIAN_POINT('Ctrl Pts',(-2.80501009833931,-0.934847902593296,
3.90391857885672));
#3335=CARTESIAN_POINT('Ctrl Pts',(-2.82162283714082,-0.913320327804734,
3.90566737549154));
#3336=CARTESIAN_POINT('Ctrl Pts',(-2.83623896472485,-0.892865168551828,
3.90737110451813));
#3337=CARTESIAN_POINT('Ctrl Pts',(-2.8484966000825,-0.872391502801887,3.91039889313093));
#3338=CARTESIAN_POINT('Ctrl Pts',(-2.8569287122543,-0.855340841158229,3.91379875246703));
#3339=CARTESIAN_POINT('Ctrl Pts',(-2.85897129872959,-0.845353767527606,
3.91615707349314));
#3340=CARTESIAN_POINT('Ctrl Pts',(-2.85860388980183,-0.83997124441281,3.9169531044253));
#3341=CARTESIAN_POINT('Ctrl Pts',(-2.75723329650807,-0.891937069735732,
3.93138133206423));
#3342=CARTESIAN_POINT('Ctrl Pts',(-2.75883102757273,-0.893878924773205,
3.93201458656705));
#3343=CARTESIAN_POINT('Ctrl Pts',(-2.7647597868219,-0.887853911570379,3.93030414905371));
#3344=CARTESIAN_POINT('Ctrl Pts',(-2.77360129740705,-0.8769899634239,3.93029369502129));
#3345=CARTESIAN_POINT('Ctrl Pts',(-2.78167430409972,-0.866656783715626,
3.92985754591703));
#3346=CARTESIAN_POINT('Ctrl Pts',(-2.7890691616518,-0.856702610824663,3.93062508728881));
#3347=CARTESIAN_POINT('Ctrl Pts',(-2.7955359908796,-0.847207996148874,3.93088300100863));
#3348=CARTESIAN_POINT('Ctrl Pts',(-2.80098745314864,-0.838468669502828,
3.93196832054884));
#3349=CARTESIAN_POINT('Ctrl Pts',(-2.80482309942763,-0.831226015383209,
3.93282279995823));
#3350=CARTESIAN_POINT('Ctrl Pts',(-2.80596327438538,-0.827317548482131,
3.93383159979353));
#3351=CARTESIAN_POINT('Ctrl Pts',(-2.80572420399137,-0.824483960937097,
3.93382212486539));
#3352=CARTESIAN_POINT('Ctrl Pts',(-2.75763498056179,-0.836296543861736,
3.9363844084598));
#3353=CARTESIAN_POINT('Ctrl Pts',(-2.75846933458443,-0.836098713832276,
3.93641241517251));
#3354=CARTESIAN_POINT('Ctrl Pts',(-2.76114251902876,-0.832204099619289,
3.93650173993143));
#3355=CARTESIAN_POINT('Ctrl Pts',(-2.7637951921579,-0.829281706108328,3.93659049659428));
#3356=CARTESIAN_POINT('Ctrl Pts',(-2.76623601039555,-0.825986507231684,
3.93667208928131));
#3357=CARTESIAN_POINT('Ctrl Pts',(-2.76826025126825,-0.823186216432721,
3.93673974804686));
#3358=CARTESIAN_POINT('Ctrl Pts',(-2.76996626287139,-0.820523873594989,
3.93679673260768));
#3359=CARTESIAN_POINT('Ctrl Pts',(-2.77137128563445,-0.81818617303523,3.93684364541875));
#3360=CARTESIAN_POINT('Ctrl Pts',(-2.77232190458339,-0.815887077302999,
3.93687529667813));
#3361=CARTESIAN_POINT('Ctrl Pts',(-2.77296559495988,-0.814873049606844,
3.9368967961771));
#3362=CARTESIAN_POINT('Ctrl Pts',(-2.77304762673151,-0.814120637201133,
3.93689945850167));
#3363=CARTESIAN_POINT('Ctrl Pts',(-2.75804237586721,-0.808929385202146,
3.9363946891329));
#3364=CARTESIAN_POINT('Ctrl Pts',(-2.75804237586721,-0.808929385202146,
3.9363946891329));
#3365=CARTESIAN_POINT('Ctrl Pts',(-2.75804237586721,-0.808929385202146,
3.9363946891329));
#3366=CARTESIAN_POINT('Ctrl Pts',(-2.75804237586721,-0.808929385202146,
3.9363946891329));
#3367=CARTESIAN_POINT('Ctrl Pts',(-2.75804237586721,-0.808929385202146,
3.9363946891329));
#3368=CARTESIAN_POINT('Ctrl Pts',(-2.75804237586721,-0.808929385202146,
3.9363946891329));
#3369=CARTESIAN_POINT('Ctrl Pts',(-2.75804237586721,-0.808929385202146,
3.9363946891329));
#3370=CARTESIAN_POINT('Ctrl Pts',(-2.75804237586721,-0.808929385202146,
3.9363946891329));
#3371=CARTESIAN_POINT('Ctrl Pts',(-2.75804237586721,-0.808929385202146,
3.9363946891329));
#3372=CARTESIAN_POINT('Ctrl Pts',(-2.75804237586721,-0.808929385202146,
3.9363946891329));
#3373=CARTESIAN_POINT('Ctrl Pts',(-2.75804237586721,-0.808929385202146,
3.9363946891329));
#3374=CARTESIAN_POINT('Ctrl Pts',(-2.75804278035381,1.26999730233537,1.85753834210253));
#3375=CARTESIAN_POINT('Ctrl Pts',(-2.77302537537561,1.27050668750144,1.8523364080143));
#3376=CARTESIAN_POINT('Ctrl Pts',(-2.80570642720781,1.26743300858835,1.84196378233623));
#3377=CARTESIAN_POINT('Ctrl Pts',(-2.85859732139809,1.25056432549413,1.82646320207002));
#3378=CARTESIAN_POINT('Ctrl Pts',(-2.91120881729723,1.2214511196977,1.81102428133609));
#3379=CARTESIAN_POINT('Ctrl Pts',(-2.95942044568392,1.18009841821956,1.79564342367672));
#3380=CARTESIAN_POINT('Ctrl Pts',(-2.99909659706237,1.12651265270279,1.78032102795288));
#3381=CARTESIAN_POINT('Ctrl Pts',(-3.0287848895514,1.06456870904183,1.76505728692009));
#3382=CARTESIAN_POINT('Ctrl Pts',(-3.05428336586932,0.971744846114978,1.74381051818804));
#3383=CARTESIAN_POINT('Ctrl Pts',(-3.05181344631225,0.900034284474698,1.72773220591084));
#3384=CARTESIAN_POINT('Ctrl Pts',(-3.03720510014338,0.857079973056222,1.71673616979774));
#3385=CARTESIAN_POINT('Ctrl Pts',(-2.75807230767526,1.27000561219292,1.83036121987535));
#3386=CARTESIAN_POINT('Ctrl Pts',(-2.77307729441964,1.26973028953419,1.82548285574198));
#3387=CARTESIAN_POINT('Ctrl Pts',(-2.80749499625084,1.26570868096304,1.81538619062439));
#3388=CARTESIAN_POINT('Ctrl Pts',(-2.85988233869121,1.24682158093684,1.80082440547801));
#3389=CARTESIAN_POINT('Ctrl Pts',(-2.9121706813711,1.21666955174328,1.78613509167045));
#3390=CARTESIAN_POINT('Ctrl Pts',(-2.95942100197775,1.17457232552206,1.7715136355774));
#3391=CARTESIAN_POINT('Ctrl Pts',(-2.9984571286835,1.12091098937439,1.75684875868612));
#3392=CARTESIAN_POINT('Ctrl Pts',(-3.02799010055599,1.0590689170526,1.74212632503827));
#3393=CARTESIAN_POINT('Ctrl Pts',(-3.05426175375908,0.967247887866907,1.72165944560898));
#3394=CARTESIAN_POINT('Ctrl Pts',(-3.05002892447169,0.893318531118694,1.7060259750787));
#3395=CARTESIAN_POINT('Ctrl Pts',(-3.05323684384934,0.85876654545368,1.69635870188883));
#3396=CARTESIAN_POINT('Ctrl Pts',(-2.75807700013632,1.26517845486208,1.7739571063091));
#3397=CARTESIAN_POINT('Ctrl Pts',(-2.77081939883959,1.26392026706312,1.77025426882051));
#3398=CARTESIAN_POINT('Ctrl Pts',(-2.80432523492209,1.25761260476013,1.76115596546823));
#3399=CARTESIAN_POINT('Ctrl Pts',(-2.85651893511925,1.23551806945215,1.74878910501807));
#3400=CARTESIAN_POINT('Ctrl Pts',(-2.90649182199237,1.20052545427404,1.73555441208461));
#3401=CARTESIAN_POINT('Ctrl Pts',(-2.95265451333279,1.1560531019102,1.72255773970629));
#3402=CARTESIAN_POINT('Ctrl Pts',(-2.99138944975786,1.10247890536067,1.70898784459153));
#3403=CARTESIAN_POINT('Ctrl Pts',(-3.02280355553725,1.04285926330012,1.69539304383986));
#3404=CARTESIAN_POINT('Ctrl Pts',(-3.04835035894878,0.952998222852452,1.67591511008335));
#3405=CARTESIAN_POINT('Ctrl Pts',(-3.05147337405361,0.883327183860046,1.6621757464215));
#3406=CARTESIAN_POINT('Ctrl Pts',(-3.03420055851399,0.86788492757131,1.65260068884066));
#3407=CARTESIAN_POINT('Ctrl Pts',(-2.758081127939,1.24070837718639,1.68723493373483));
#3408=CARTESIAN_POINT('Ctrl Pts',(-2.76950261277505,1.23923822295803,1.68477671377329));
#3409=CARTESIAN_POINT('Ctrl Pts',(-2.79829409613805,1.2300754419177,1.67854602245802));
#3410=CARTESIAN_POINT('Ctrl Pts',(-2.84580482131059,1.2042778627844,1.67006669647051));
#3411=CARTESIAN_POINT('Ctrl Pts',(-2.89219030340168,1.16712693568244,1.66004940094637));
#3412=CARTESIAN_POINT('Ctrl Pts',(-2.93627416343513,1.12203864658067,1.64966912149028));
#3413=CARTESIAN_POINT('Ctrl Pts',(-2.97331570973742,1.0693616734525,1.63825323154037));
#3414=CARTESIAN_POINT('Ctrl Pts',(-3.00388412757331,1.01285725452263,1.62637055314173));
#3415=CARTESIAN_POINT('Ctrl Pts',(-3.03072183660505,0.931697880981988,1.60868330627145));
#3416=CARTESIAN_POINT('Ctrl Pts',(-3.03163943930392,0.873889093652501,1.59627538138842));
#3417=CARTESIAN_POINT('Ctrl Pts',(-3.02203206172405,0.855951430187494,1.58815804319217));
#3418=CARTESIAN_POINT('Ctrl Pts',(-2.75808786350597,1.19775936371162,1.60367438460854));
#3419=CARTESIAN_POINT('Ctrl Pts',(-2.76745268772183,1.19624344631163,1.60240211558519));
#3420=CARTESIAN_POINT('Ctrl Pts',(-2.79166294171319,1.18301122262635,1.60143395590958));
#3421=CARTESIAN_POINT('Ctrl Pts',(-2.83353595619157,1.15622134099939,1.5955689962528));
#3422=CARTESIAN_POINT('Ctrl Pts',(-2.87355861467113,1.11815572164162,1.58988850520081));
#3423=CARTESIAN_POINT('Ctrl Pts',(-2.91290027608514,1.07610434726326,1.58112336821509));
#3424=CARTESIAN_POINT('Ctrl Pts',(-2.9457161300886,1.02830632821851,1.57308779641339));
#3425=CARTESIAN_POINT('Ctrl Pts',(-2.97459906235553,0.979417429407748,1.56222280305646));
#3426=CARTESIAN_POINT('Ctrl Pts',(-2.99897589896221,0.910188571216592,1.54810127069409));
#3427=CARTESIAN_POINT('Ctrl Pts',(-3.00519044908957,0.864146135458007,1.53172350798429));
#3428=CARTESIAN_POINT('Ctrl Pts',(-2.98367159744778,0.847869590496401,1.53572720471671));
#3429=CARTESIAN_POINT('Ctrl Pts',(-2.75809524008224,1.13730812403621,1.52908686481602));
#3430=CARTESIAN_POINT('Ctrl Pts',(-2.76565079198394,1.13616340315063,1.52861690953286));
#3431=CARTESIAN_POINT('Ctrl Pts',(-2.78508848325159,1.12367298712175,1.53058564754497));
#3432=CARTESIAN_POINT('Ctrl Pts',(-2.81881079106349,1.0977027908326,1.52771171682513));
#3433=CARTESIAN_POINT('Ctrl Pts',(-2.85230940730877,1.06383284128615,1.52530162629715));
#3434=CARTESIAN_POINT('Ctrl Pts',(-2.88549607697044,1.02627844503474,1.51896185850182));
#3435=CARTESIAN_POINT('Ctrl Pts',(-2.91345910846843,0.985564784744791,1.51362347703833));
#3436=CARTESIAN_POINT('Ctrl Pts',(-2.93815942971135,0.944268886692574,1.50479904507648));
#3437=CARTESIAN_POINT('Ctrl Pts',(-2.95952262434636,0.889630796717849,1.49389477535567));
#3438=CARTESIAN_POINT('Ctrl Pts',(-2.96542671854764,0.854171019798191,1.47796436086915));
#3439=CARTESIAN_POINT('Ctrl Pts',(-2.94177896193605,0.837716331235012,1.48790324783221));
#3440=CARTESIAN_POINT('Ctrl Pts',(-2.75810372611953,1.06272048869775,1.46863607851602));
#3441=CARTESIAN_POINT('Ctrl Pts',(-2.76374436788988,1.06210959438377,1.46856916892734));
#3442=CARTESIAN_POINT('Ctrl Pts',(-2.77822844145786,1.05103983640129,1.4726532545988));
#3443=CARTESIAN_POINT('Ctrl Pts',(-2.80403609639854,1.02777678546835,1.47146927348973));
#3444=CARTESIAN_POINT('Ctrl Pts',(-2.82923900958829,0.999758985998357,1.47151969883163));
#3445=CARTESIAN_POINT('Ctrl Pts',(-2.85443932347714,0.969736475397477,1.46710049351713));
#3446=CARTESIAN_POINT('Ctrl Pts',(-2.87569088882936,0.938753529903353,1.46427269223404));
#3447=CARTESIAN_POINT('Ctrl Pts',(-2.89484473561144,0.908052909515021,1.45790274106361));
#3448=CARTESIAN_POINT('Ctrl Pts',(-2.91153255287996,0.86904572107119,1.45050184583241));
#3449=CARTESIAN_POINT('Ctrl Pts',(-2.91644030289159,0.844331283756643,1.43831184570918));
#3450=CARTESIAN_POINT('Ctrl Pts',(-2.89389213767602,0.826999650193504,1.44925873997362));
#3451=CARTESIAN_POINT('Ctrl Pts',(-2.75811257239942,0.979161074556299,1.42568690900106));
#3452=CARTESIAN_POINT('Ctrl Pts',(-2.76194877008669,0.978782414585475,1.42584333330245));
#3453=CARTESIAN_POINT('Ctrl Pts',(-2.77149846438362,0.97184275341974,1.42799134859956));
#3454=CARTESIAN_POINT('Ctrl Pts',(-2.78814415652998,0.953943634574587,1.42855140901142));
#3455=CARTESIAN_POINT('Ctrl Pts',(-2.80508235416908,0.934837876806459,1.42886926476397));
#3456=CARTESIAN_POINT('Ctrl Pts',(-2.82169242002676,0.913310808572083,1.42711919230076));
#3457=CARTESIAN_POINT('Ctrl Pts',(-2.83630556669059,0.892856296943337,1.42541444044227));
#3458=CARTESIAN_POINT('Ctrl Pts',(-2.84856129972004,0.872382864370091,1.42238543100878));
#3459=CARTESIAN_POINT('Ctrl Pts',(-2.86034129578749,0.848557431521191,1.41763334574477));
#3460=CARTESIAN_POINT('Ctrl Pts',(-2.86020199015181,0.833928995484392,1.41378088534522));
#3461=CARTESIAN_POINT('Ctrl Pts',(-2.85059527506618,0.817807905789568,1.41530222927759));
#3462=CARTESIAN_POINT('Ctrl Pts',(-2.75812219195446,0.892459321751017,1.40122303008348));
#3463=CARTESIAN_POINT('Ctrl Pts',(-2.75985825899039,0.89289817261121,1.40103625243918));
#3464=CARTESIAN_POINT('Ctrl Pts',(-2.76532677190578,0.887248986788535,1.40248620817976));
#3465=CARTESIAN_POINT('Ctrl Pts',(-2.77368493948778,0.876977175461655,1.40249566010229));
#3466=CARTESIAN_POINT('Ctrl Pts',(-2.78175778376448,0.866644359275681,1.40293161493598));
#3467=CARTESIAN_POINT('Ctrl Pts',(-2.78915141577138,0.85669048248432,1.40216373986315));
#3468=CARTESIAN_POINT('Ctrl Pts',(-2.7956175345877,0.847196211572906,1.4019054998459));
#3469=CARTESIAN_POINT('Ctrl Pts',(-2.80106847244125,0.838457145335379,1.40082009134336));
#3470=CARTESIAN_POINT('Ctrl Pts',(-2.80642720295259,0.828336990604049,1.39962572928613));
#3471=CARTESIAN_POINT('Ctrl Pts',(-2.80690154565436,0.822973754935614,1.3975992282589));
#3472=CARTESIAN_POINT('Ctrl Pts',(-2.80072862909852,0.808708539850025,1.40224353730144));
#3473=CARTESIAN_POINT('Ctrl Pts',(-2.75812752158734,0.836078353529583,1.39639136330722));
#3474=CARTESIAN_POINT('Ctrl Pts',(-2.75897608883826,0.835476490926438,1.39636294455601));
#3475=CARTESIAN_POINT('Ctrl Pts',(-2.76137417699965,0.832030435885216,1.39628285289008));
#3476=CARTESIAN_POINT('Ctrl Pts',(-2.76388244069734,0.829267348319927,1.39619897504528));
#3477=CARTESIAN_POINT('Ctrl Pts',(-2.76632343120234,0.825972227184204,1.39611742360434));
#3478=CARTESIAN_POINT('Ctrl Pts',(-2.76834776061169,0.823172007790573,1.39604980101385));
#3479=CARTESIAN_POINT('Ctrl Pts',(-2.77005382104099,0.820509726540449,1.39599284845627));
#3480=CARTESIAN_POINT('Ctrl Pts',(-2.77145882521853,0.818172109906491,1.39594596428402));
#3481=CARTESIAN_POINT('Ctrl Pts',(-2.77278710908483,0.814959503189127,1.3959017671748));
#3482=CARTESIAN_POINT('Ctrl Pts',(-2.77382360806385,0.813834891977655,1.39586710384981));
#3483=CARTESIAN_POINT('Ctrl Pts',(-2.77199588178159,0.80973377815016,1.39592899831842));
#3484=CARTESIAN_POINT('Ctrl Pts',(-2.75813090528647,0.808914176540669,1.3963946891329));
#3485=CARTESIAN_POINT('Ctrl Pts',(-2.75813090528647,0.808914176540669,1.3963946891329));
#3486=CARTESIAN_POINT('Ctrl Pts',(-2.75813090528647,0.808914176540669,1.3963946891329));
#3487=CARTESIAN_POINT('Ctrl Pts',(-2.75813090528647,0.808914176540669,1.3963946891329));
#3488=CARTESIAN_POINT('Ctrl Pts',(-2.75813090528647,0.808914176540669,1.3963946891329));
#3489=CARTESIAN_POINT('Ctrl Pts',(-2.75813090528647,0.808914176540669,1.3963946891329));
#3490=CARTESIAN_POINT('Ctrl Pts',(-2.75813090528647,0.808914176540669,1.3963946891329));
#3491=CARTESIAN_POINT('Ctrl Pts',(-2.75813090528647,0.808914176540669,1.3963946891329));
#3492=CARTESIAN_POINT('Ctrl Pts',(-2.75813090528647,0.808914176540669,1.3963946891329));
#3493=CARTESIAN_POINT('Ctrl Pts',(-2.75813090528647,0.808914176540669,1.3963946891329));
#3494=CARTESIAN_POINT('Ctrl Pts',(-2.75813090528648,0.808914176540672,1.3963946891329));
#3495=CARTESIAN_POINT('Ctrl Pts',(-3.04999865892067,0.931709328442298,3.59804633339705));
#3496=CARTESIAN_POINT('Ctrl Pts',(-3.05060604934251,0.953511686651862,3.59300934537462));
#3497=CARTESIAN_POINT('Ctrl Pts',(-3.04703336756181,0.998198980156199,3.58291590353313));
#3498=CARTESIAN_POINT('Ctrl Pts',(-3.02878993206513,1.0646196602508,3.56771589696122));
#3499=CARTESIAN_POINT('Ctrl Pts',(-2.99911012168524,1.12655258378906,3.55245619257854));
#3500=CARTESIAN_POINT('Ctrl Pts',(-2.9594470863278,1.18012646100402,3.53713641418224));
#3501=CARTESIAN_POINT('Ctrl Pts',(-2.91125383057709,1.22146794950495,3.52175651275862));
#3502=CARTESIAN_POINT('Ctrl Pts',(-2.85866468235169,1.2505718255994,3.50631664820942));
#3503=CARTESIAN_POINT('Ctrl Pts',(-2.80579623562166,1.26743487643734,3.49081231926467));
#3504=CARTESIAN_POINT('Ctrl Pts',(-2.7731307970429,1.27050687827706,3.48043539283595));
#3505=CARTESIAN_POINT('Ctrl Pts',(-2.7581256190298,1.2699971080525,3.47523446776829));
#3506=CARTESIAN_POINT('Ctrl Pts',(-3.05060692084032,0.926669184085763,3.61986299998645));
#3507=CARTESIAN_POINT('Ctrl Pts',(-3.04980987536975,0.948034511656231,3.61507175670106));
#3508=CARTESIAN_POINT('Ctrl Pts',(-3.04678935129149,0.99341382909102,3.60529186896173));
#3509=CARTESIAN_POINT('Ctrl Pts',(-3.02799184960744,1.0591155283515,3.59064921703201));
#3510=CARTESIAN_POINT('Ctrl Pts',(-2.99846793869678,1.12094550116802,3.57593026312973));
#3511=CARTESIAN_POINT('Ctrl Pts',(-2.95944518965384,1.1745945217061,3.56126790901536));
#3512=CARTESIAN_POINT('Ctrl Pts',(-2.91221898221784,1.21668125448,3.54664693259042));
#3513=CARTESIAN_POINT('Ctrl Pts',(-2.85994263094487,1.24682569346378,3.53195823230923));
#3514=CARTESIAN_POINT('Ctrl Pts',(-2.80761143066743,1.2657091157256,3.51738845200243));
#3515=CARTESIAN_POINT('Ctrl Pts',(-2.77315355694212,1.26973086792694,3.50729425183249));
#3516=CARTESIAN_POINT('Ctrl Pts',(-2.75812556473464,1.27000588179193,3.50241697627363));
#3517=CARTESIAN_POINT('Ctrl Pts',(-3.04703731045359,0.916572729451606,3.6645684478666));
#3518=CARTESIAN_POINT('Ctrl Pts',(-3.04686368107199,0.935243184200535,3.66018218134182));
#3519=CARTESIAN_POINT('Ctrl Pts',(-3.04108551158263,0.978600995305823,3.65132079304857));
#3520=CARTESIAN_POINT('Ctrl Pts',(-3.02280230037049,1.04289870391399,3.63738544241731));
#3521=CARTESIAN_POINT('Ctrl Pts',(-2.99140202868458,1.10250679410273,3.62379306423637));
#3522=CARTESIAN_POINT('Ctrl Pts',(-2.95267072810105,1.15606884087012,3.6102265737047));
#3523=CARTESIAN_POINT('Ctrl Pts',(-2.9065390338125,1.2005323317402,3.59722938474648));
#3524=CARTESIAN_POINT('Ctrl Pts',(-2.85656345270751,1.23551850831228,3.58399702631429));
#3525=CARTESIAN_POINT('Ctrl Pts',(-2.80438778906154,1.25761280587421,3.5716271451865));
#3526=CARTESIAN_POINT('Ctrl Pts',(-2.77084176756549,1.26392122711916,3.56253146828567));
#3527=CARTESIAN_POINT('Ctrl Pts',(-2.75813093438144,1.26517917086217,3.55882342166778));
#3528=CARTESIAN_POINT('Ctrl Pts',(-3.02878816975034,0.901370219884591,3.73100386099185));
#3529=CARTESIAN_POINT('Ctrl Pts',(-3.02823078942169,0.917667893673224,3.72708762047297));
#3530=CARTESIAN_POINT('Ctrl Pts',(-3.02308665492106,0.954818741336268,3.71906654798267));
#3531=CARTESIAN_POINT('Ctrl Pts',(-3.00388190757861,1.01288952768721,3.70641104219968));
#3532=CARTESIAN_POINT('Ctrl Pts',(-2.97332055111418,1.06938366823715,3.69453044455654));
#3533=CARTESIAN_POINT('Ctrl Pts',(-2.93628907796789,1.12204947018453,3.68311669919636));
#3534=CARTESIAN_POINT('Ctrl Pts',(-2.89222088022459,1.16713064539215,3.67273742963989));
#3535=CARTESIAN_POINT('Ctrl Pts',(-2.84584660280414,1.20427617943814,3.6627209090545));
#3536=CARTESIAN_POINT('Ctrl Pts',(-2.79835252064359,1.23007478414029,3.65423916050699));
#3537=CARTESIAN_POINT('Ctrl Pts',(-2.76955835483456,1.23923882719331,3.64800717973945));
#3538=CARTESIAN_POINT('Ctrl Pts',(-2.75813391919969,1.2407086875279,3.6455485442869));
#3539=CARTESIAN_POINT('Ctrl Pts',(-2.99910870904667,0.886111713075847,3.79293654960714));
#3540=CARTESIAN_POINT('Ctrl Pts',(-2.99882486664316,0.899503317534974,3.789611021396));
#3541=CARTESIAN_POINT('Ctrl Pts',(-2.99204080900676,0.929909702741385,3.78066543860447));
#3542=CARTESIAN_POINT('Ctrl Pts',(-2.97459790186409,0.979443474224566,3.77056093205451));
#3543=CARTESIAN_POINT('Ctrl Pts',(-2.94572167719593,1.02832387256986,3.75969728132666));
#3544=CARTESIAN_POINT('Ctrl Pts',(-2.91291388888221,1.07611225198369,3.7516636527879));
#3545=CARTESIAN_POINT('Ctrl Pts',(-2.8735834367819,1.11815792262629,3.74289955250044));
#3546=CARTESIAN_POINT('Ctrl Pts',(-2.83356949962619,1.15621885327857,3.73721997370724));
#3547=CARTESIAN_POINT('Ctrl Pts',(-2.79169652479975,1.18301040657708,3.73135494256084));
#3548=CARTESIAN_POINT('Ctrl Pts',(-2.76749572152973,1.19624417598874,3.73038499608519));
#3549=CARTESIAN_POINT('Ctrl Pts',(-2.75813871350701,1.19775932493309,3.72911096836298));
#3550=CARTESIAN_POINT('Ctrl Pts',(-2.95944709744416,0.870793390040193,3.84651059077284));
#3551=CARTESIAN_POINT('Ctrl Pts',(-2.95956899091879,0.881543064036084,3.8439868108433));
#3552=CARTESIAN_POINT('Ctrl Pts',(-2.95344434034711,0.905196038295379,3.83578947784743));
#3553=CARTESIAN_POINT('Ctrl Pts',(-2.93815997867148,0.944290189174551,3.82798649201322));
#3554=CARTESIAN_POINT('Ctrl Pts',(-2.91346475750878,0.985579335994122,3.81916283490523));
#3555=CARTESIAN_POINT('Ctrl Pts',(-2.88551013221849,1.02628535501825,3.81382575937115));
#3556=CARTESIAN_POINT('Ctrl Pts',(-2.8523327093489,1.0638349597229,3.80748675931711));
#3557=CARTESIAN_POINT('Ctrl Pts',(-2.81884325409428,1.09770089548716,3.80507735632485));
#3558=CARTESIAN_POINT('Ctrl Pts',(-2.78513272347291,1.12367192158901,3.80220223294441));
#3559=CARTESIAN_POINT('Ctrl Pts',(-2.7656954819375,1.13616349792957,3.80417101228509));
#3560=CARTESIAN_POINT('Ctrl Pts',(-2.75814289858566,1.13730742813432,3.80370006850071));
#3561=CARTESIAN_POINT('Ctrl Pts',(-2.91125598880415,0.855415168693385,3.88785372969929));
#3562=CARTESIAN_POINT('Ctrl Pts',(-2.91168389673292,0.86350890254879,3.88628547712835));
#3563=CARTESIAN_POINT('Ctrl Pts',(-2.90678559689137,0.880159113087414,3.88018052639133));
#3564=CARTESIAN_POINT('Ctrl Pts',(-2.89484840288519,0.908068992170556,3.87488432776287));
#3565=CARTESIAN_POINT('Ctrl Pts',(-2.87569996887593,0.938764651003185,3.86851475636926));
#3566=CARTESIAN_POINT('Ctrl Pts',(-2.85445561704604,0.969741970611424,3.86568784670553));
#3567=CARTESIAN_POINT('Ctrl Pts',(-2.82926107466802,0.999760730441346,3.86126934301301));
#3568=CARTESIAN_POINT('Ctrl Pts',(-2.80406587636902,1.02777519277256,3.86132020834595));
#3569=CARTESIAN_POINT('Ctrl Pts',(-2.77826011977472,1.05103854284406,3.86013638672568));
#3570=CARTESIAN_POINT('Ctrl Pts',(-2.76378477583672,1.06210892663278,3.86421990441785));
#3571=CARTESIAN_POINT('Ctrl Pts',(-2.75814734038124,1.06271895294795,3.86415204027331));
#3572=CARTESIAN_POINT('Ctrl Pts',(-2.8586675374748,0.839976965612923,3.91695991328998));
#3573=CARTESIAN_POINT('Ctrl Pts',(-2.85903535335749,0.845359933635679,3.91616320447346));
#3574=CARTESIAN_POINT('Ctrl Pts',(-2.8569958349447,0.855346164020441,3.91380355655321));
#3575=CARTESIAN_POINT('Ctrl Pts',(-2.84857049650015,0.872393774359334,3.91040268677793));
#3576=CARTESIAN_POINT('Ctrl Pts',(-2.83632020601148,0.892864074272574,3.90737381511157));
#3577=CARTESIAN_POINT('Ctrl Pts',(-2.82171209381535,0.913315229661094,3.90566951764163));
#3578=CARTESIAN_POINT('Ctrl Pts',(-2.80510713884917,0.934839474633808,3.90391977869827));
#3579=CARTESIAN_POINT('Ctrl Pts',(-2.78817409176793,0.953942665407007,3.90423790664045));
#3580=CARTESIAN_POINT('Ctrl Pts',(-2.77153391496333,0.971841102018155,3.90479783187062));
#3581=CARTESIAN_POINT('Ctrl Pts',(-2.76198593226607,0.97878063889543,3.90694596223896));
#3582=CARTESIAN_POINT('Ctrl Pts',(-2.7581515223564,0.979158737126157,3.90710202850328));
#3583=CARTESIAN_POINT('Ctrl Pts',(-2.80581389883226,0.8244786973763,3.9338230899316));
#3584=CARTESIAN_POINT('Ctrl Pts',(-2.80605291290891,0.827312649140707,3.93383239522089));
#3585=CARTESIAN_POINT('Ctrl Pts',(-2.80491579263951,0.83122026988002,3.93282357505298));
#3586=CARTESIAN_POINT('Ctrl Pts',(-2.80108478263415,0.838461287798054,3.93196891329436));
#3587=CARTESIAN_POINT('Ctrl Pts',(-2.7956378815185,0.847198808737537,3.93088350040574));
#3588=CARTESIAN_POINT('Ctrl Pts',(-2.78917503704341,0.856691546245212,3.93062545948721));
#3589=CARTESIAN_POINT('Ctrl Pts',(-2.78178391654954,0.866644002452354,3.92985776995901));
#3590=CARTESIAN_POINT('Ctrl Pts',(-2.7737141057628,0.876975384045863,3.93029378766044));
#3591=CARTESIAN_POINT('Ctrl Pts',(-2.76535659086954,0.887246596553838,3.93030348574037));
#3592=CARTESIAN_POINT('Ctrl Pts',(-2.75989129355401,0.892895555560258,3.93175322922473));
#3593=CARTESIAN_POINT('Ctrl Pts',(-2.75815639051728,0.892455933057879,3.93156619462122));
#3594=CARTESIAN_POINT('Ctrl Pts',(-2.77315611826001,0.814106419499444,3.93689916838296));
#3595=CARTESIAN_POINT('Ctrl Pts',(-2.77307441156096,0.814858786096485,3.9368965168103));
#3596=CARTESIAN_POINT('Ctrl Pts',(-2.77243251424874,0.815872222586565,3.93687507619253));
#3597=CARTESIAN_POINT('Ctrl Pts',(-2.77148326012882,0.818170912719255,3.93684346883456));
#3598=CARTESIAN_POINT('Ctrl Pts',(-2.77007981667581,0.820508054562216,3.93679660620187));
#3599=CARTESIAN_POINT('Ctrl Pts',(-2.76837505783144,0.82316990210097,3.93673966025275));
#3600=CARTESIAN_POINT('Ctrl Pts',(-2.76635193743361,0.82596970299237,3.9366720350176));
#3601=CARTESIAN_POINT('Ctrl Pts',(-2.76391198733579,0.829264396695058,3.93659046654652));
#3602=CARTESIAN_POINT('Ctrl Pts',(-2.76140458620694,0.83202727139701,3.93650656562988));
#3603=CARTESIAN_POINT('Ctrl Pts',(-2.75900673635068,0.835473281743026,3.9364264304962));
#3604=CARTESIAN_POINT('Ctrl Pts',(-2.75815844752076,0.836074879644123,3.93639800418073));
#3605=CARTESIAN_POINT('Ctrl Pts',(-2.75816041513532,0.808910241894155,3.9363946891329));
#3606=CARTESIAN_POINT('Ctrl Pts',(-2.75816041513532,0.808910241894155,3.9363946891329));
#3607=CARTESIAN_POINT('Ctrl Pts',(-2.75816041513532,0.808910241894155,3.9363946891329));
#3608=CARTESIAN_POINT('Ctrl Pts',(-2.75816041513532,0.808910241894155,3.9363946891329));
#3609=CARTESIAN_POINT('Ctrl Pts',(-2.75816041513532,0.808910241894155,3.9363946891329));
#3610=CARTESIAN_POINT('Ctrl Pts',(-2.75816041513532,0.808910241894155,3.9363946891329));
#3611=CARTESIAN_POINT('Ctrl Pts',(-2.75816041513532,0.808910241894155,3.9363946891329));
#3612=CARTESIAN_POINT('Ctrl Pts',(-2.75816041513532,0.808910241894155,3.9363946891329));
#3613=CARTESIAN_POINT('Ctrl Pts',(-2.75816041513532,0.808910241894155,3.9363946891329));
#3614=CARTESIAN_POINT('Ctrl Pts',(-2.75816041513532,0.808910241894155,3.9363946891329));
#3615=CARTESIAN_POINT('Ctrl Pts',(-2.75816041513532,0.808910241894155,3.9363946891329));
#3616=CARTESIAN_POINT('Origin',(-1.55,-1.27000170214007,1.3963946891329));
#3617=CARTESIAN_POINT('',(-1.55,-1.12000170214007,3.6363946891329));
#3618=CARTESIAN_POINT('',(-1.55,-0.970001702140071,3.7863946891329));
#3619=CARTESIAN_POINT('Origin',(-1.55,-0.970001702140071,3.6363946891329));
#3620=CARTESIAN_POINT('',(-1.55,0.969998297859929,3.7863946891329));
#3621=CARTESIAN_POINT('',(-1.55,-0.970001702140071,3.7863946891329));
#3622=CARTESIAN_POINT('',(-1.55,1.11999829785993,3.6363946891329));
#3623=CARTESIAN_POINT('Origin',(-1.55000000000001,0.96999829785993,3.6363946891329));
#3624=CARTESIAN_POINT('',(-1.55,1.11999829785993,1.6963946891329));
#3625=CARTESIAN_POINT('',(-1.55,1.11999829785993,1.6963946891329));
#3626=CARTESIAN_POINT('',(-1.55,0.969998297859929,1.5463946891329));
#3627=CARTESIAN_POINT('Origin',(-1.54999999999999,0.96999829785993,1.6963946891329));
#3628=CARTESIAN_POINT('',(-1.55,-0.970001702140071,1.5463946891329));
#3629=CARTESIAN_POINT('',(-1.55,-0.970001702140071,1.5463946891329));
#3630=CARTESIAN_POINT('',(-1.55,-1.12000170214007,1.6963946891329));
#3631=CARTESIAN_POINT('Origin',(-1.55000000000001,-0.97000170214007,1.6963946891329));
#3632=CARTESIAN_POINT('',(-1.55,-1.12000170214007,3.6363946891329));
#3633=CARTESIAN_POINT('Origin',(3.05,-1.12000170214007,3.9363946891329));
#3634=CARTESIAN_POINT('',(1.55,-1.12000170214007,3.6363946891329));
#3635=CARTESIAN_POINT('',(-1.55,-1.12000170214007,3.6363946891329));
#3636=CARTESIAN_POINT('',(1.55,-1.12000170214007,1.6963946891329));
#3637=CARTESIAN_POINT('',(-1.55,-1.12000170214007,1.6963946891329));
#3638=CARTESIAN_POINT('',(1.55,-1.12000170214007,3.6363946891329));
#3639=CARTESIAN_POINT('Origin',(-3.05,-1.27000170214007,3.7863946891329));
#3640=CARTESIAN_POINT('',(1.55,-0.970001702140072,3.7863946891329));
#3641=CARTESIAN_POINT('',(1.55,0.969998297859929,3.7863946891329));
#3642=CARTESIAN_POINT('',(1.55,-0.970001702140072,3.7863946891329));
#3643=CARTESIAN_POINT('',(-1.55,0.969998297859929,3.7863946891329));
#3644=CARTESIAN_POINT('',(-1.55,-0.970001702140071,3.7863946891329));
#3645=CARTESIAN_POINT('Origin',(-5.90000000000005,-0.97000170214007,3.6363946891329));
#3646=CARTESIAN_POINT('Origin',(1.55000000000001,-0.97000170214007,3.6363946891329));
#3647=CARTESIAN_POINT('Origin',(-3.05,1.11999829785993,3.9363946891329));
#3648=CARTESIAN_POINT('',(1.55,1.11999829785993,1.6963946891329));
#3649=CARTESIAN_POINT('',(-1.55,1.11999829785993,1.6963946891329));
#3650=CARTESIAN_POINT('',(1.55,1.11999829785993,3.6363946891329));
#3651=CARTESIAN_POINT('',(-1.55,1.11999829785993,3.6363946891329));
#3652=CARTESIAN_POINT('',(1.55,1.11999829785993,1.6963946891329));
#3653=CARTESIAN_POINT('Origin',(-3.05,-1.27000170214007,1.5463946891329));
#3654=CARTESIAN_POINT('',(1.55,-0.970001702140072,1.5463946891329));
#3655=CARTESIAN_POINT('',(-1.55,-0.970001702140071,1.5463946891329));
#3656=CARTESIAN_POINT('',(1.55,0.96999829785993,1.5463946891329));
#3657=CARTESIAN_POINT('',(-1.55,0.969998297859929,1.5463946891329));
#3658=CARTESIAN_POINT('',(1.55,-0.970001702140072,1.5463946891329));
#3659=CARTESIAN_POINT('Origin',(-5.93,0.96999829785993,3.6363946891329));
#3660=CARTESIAN_POINT('Origin',(1.55,0.96999829785993,3.6363946891329));
#3661=CARTESIAN_POINT('Origin',(-1.55431223447522E-14,0.969998297859931,
1.6963946891329));
#3662=CARTESIAN_POINT('Origin',(1.55000000000002,0.969998297859929,1.6963946891329));
#3663=CARTESIAN_POINT('Origin',(0.0149999999999595,-0.970001702140071,1.6963946891329));
#3664=CARTESIAN_POINT('Origin',(1.54999999999999,-0.970001702140071,1.6963946891329));
#3665=CARTESIAN_POINT('Origin',(1.55,-1.27000170214007,1.3963946891329));
#3666=UNCERTAINTY_MEASURE_WITH_UNIT(LENGTH_MEASURE(0.01),#3670,
'DISTANCE_ACCURACY_VALUE',
'Maximum model space distance between geometric entities at asserted c
onnectivities');
#3667=UNCERTAINTY_MEASURE_WITH_UNIT(LENGTH_MEASURE(0.01),#3670,
'DISTANCE_ACCURACY_VALUE',
'Maximum model space distance between geometric entities at asserted c
onnectivities');
#3668=(
GEOMETRIC_REPRESENTATION_CONTEXT(3)
GLOBAL_UNCERTAINTY_ASSIGNED_CONTEXT((#3666))
GLOBAL_UNIT_ASSIGNED_CONTEXT((#3670,#3672,#3673))
REPRESENTATION_CONTEXT('','3D')
);
#3669=(
GEOMETRIC_REPRESENTATION_CONTEXT(3)
GLOBAL_UNCERTAINTY_ASSIGNED_CONTEXT((#3667))
GLOBAL_UNIT_ASSIGNED_CONTEXT((#3670,#3672,#3673))
REPRESENTATION_CONTEXT('','3D')
);
#3670=(
LENGTH_UNIT()
NAMED_UNIT(*)
SI_UNIT(.MILLI.,.METRE.)
);
#3671=(
LENGTH_UNIT()
NAMED_UNIT(*)
SI_UNIT($,.METRE.)
);
#3672=(
NAMED_UNIT(*)
PLANE_ANGLE_UNIT()
SI_UNIT($,.RADIAN.)
);
#3673=(
NAMED_UNIT(*)
SI_UNIT($,.STERADIAN.)
SOLID_ANGLE_UNIT()
);
#3674=SHAPE_DEFINITION_REPRESENTATION(#3675,#3676);
#3675=PRODUCT_DEFINITION_SHAPE('',$,#3678);
#3676=SHAPE_REPRESENTATION('',(#803),#3668);
#3677=PRODUCT_DEFINITION_CONTEXT('part definition',#3682,'design');
#3678=PRODUCT_DEFINITION('(Unsaved)','(Unsaved)',#3679,#3677);
#3679=PRODUCT_DEFINITION_FORMATION('',$,#3684);
#3680=PRODUCT_RELATED_PRODUCT_CATEGORY('(Unsaved)','(Unsaved)',(#3684));
#3681=APPLICATION_PROTOCOL_DEFINITION('international standard',
'automotive_design',2009,#3682);
#3682=APPLICATION_CONTEXT(
'Core Data for Automotive Mechanical Design Process');
#3683=PRODUCT_CONTEXT('part definition',#3682,'mechanical');
#3684=PRODUCT('(Unsaved)','(Unsaved)',$,(#3683));
#3685=PRESENTATION_STYLE_ASSIGNMENT((#3688));
#3686=PRESENTATION_STYLE_ASSIGNMENT((#3689));
#3687=PRESENTATION_STYLE_ASSIGNMENT((#3690));
#3688=SURFACE_STYLE_USAGE(.BOTH.,#3691);
#3689=SURFACE_STYLE_USAGE(.BOTH.,#3692);
#3690=SURFACE_STYLE_USAGE(.BOTH.,#3693);
#3691=SURFACE_SIDE_STYLE('',(#3694));
#3692=SURFACE_SIDE_STYLE('',(#3695));
#3693=SURFACE_SIDE_STYLE('',(#3696));
#3694=SURFACE_STYLE_FILL_AREA(#3697);
#3695=SURFACE_STYLE_FILL_AREA(#3698);
#3696=SURFACE_STYLE_FILL_AREA(#3699);
#3697=FILL_AREA_STYLE('Nylon 6-6 (White)',(#3700));
#3698=FILL_AREA_STYLE('Opaque(244,229,167)',(#3701));
#3699=FILL_AREA_STYLE('Opaque(239,239,239)',(#3702));
#3700=FILL_AREA_STYLE_COLOUR('Nylon 6-6 (White)',#3703);
#3701=FILL_AREA_STYLE_COLOUR('Opaque(244,229,167)',#3704);
#3702=FILL_AREA_STYLE_COLOUR('Opaque(239,239,239)',#3705);
#3703=COLOUR_RGB('Nylon 6-6 (White)',0.972549019607843,0.968627450980392,
0.929411764705882);
#3704=COLOUR_RGB('Opaque(244,229,167)',0.956862745098039,0.898039215686275,
0.654901960784314);
#3705=COLOUR_RGB('Opaque(239,239,239)',0.937254901960784,0.937254901960784,
0.937254901960784);
ENDSEC;
END-ISO-10303-21;
