ISO-10303-21;
HEADER;
FILE_DESCRIPTION(('STEP AP214'),'1');
FILE_NAME('21-0172_T3857-1C_ADI','2024-06-29T04:49:38',(''),(''),'','','');
FILE_SCHEMA(('AUTOMOTIVE_DESIGN'));
ENDSEC;
DATA;
#1=SHAPE_DEFINITION_REPRESENTATION(#2,#3);
#2=PRODUCT_DEFINITION_SHAPE('',$,#4);
#3=SHAPE_REPRESENTATION('',(#188,#244,#540,#836,#1132,#1428,#1724,#2020,#2316,#2612,#2908,#3204,#3500,#3796,#4092,#4388,#4684,#4980,#5276,#5572,#5868,#6164,#6460,#6756,#7052,#7348,#7644,#7940,#8236,#8532,#8828,#9124,#9420,#9716,#10012,#10308,#10604,#10900,#11196,#11492,#11788,#19),#11);
#4=PRODUCT_DEFINITION('design','example product_definition',#6,#5);
#5=PRODUCT_DEFINITION_CONTEXT('3D Mechanical Parts',#10,'design');
#6=PRODUCT_DEFINITION_FORMATION('1.0','first version',#8);
#7=APPLICATION_PROTOCOL_DEFINITION('international standard','automotive_design',2003,#10);
#8=PRODUCT('product','part','',(#9));
#9=PRODUCT_CONTEXT('3D Mechanical Parts',#10,'mechanical');
#10=APPLICATION_CONTEXT('Core Data for Automotive Mechanical Design Process');
#11=(GEOMETRIC_REPRESENTATION_CONTEXT(3) GLOBAL_UNCERTAINTY_ASSIGNED_CONTEXT((#12)) GLOBAL_UNIT_ASSIGNED_CONTEXT((#13,#14,#18)) REPRESENTATION_CONTEXT('ID1','3D'));
#12=UNCERTAINTY_MEASURE_WITH_UNIT(LENGTH_MEASURE(1.E-005),#13,'DISTANCE_ACCURACY_VALUE','Maximum model space distance between geometric entities at asserted connectivities');
#13=(LENGTH_UNIT() NAMED_UNIT(*) SI_UNIT(.MILLI.,.METRE.));
#14=(CONVERSION_BASED_UNIT('degree',#16) NAMED_UNIT(#15) PLANE_ANGLE_UNIT());
#15=DIMENSIONAL_EXPONENTS(0.,0.,0.,0.,0.,0.,0.);
#16=MEASURE_WITH_UNIT(PLANE_ANGLE_MEASURE(0.01745329252),#17);
#17=(NAMED_UNIT(*) PLANE_ANGLE_UNIT() SI_UNIT($,.RADIAN.));
#18=(NAMED_UNIT(*) SI_UNIT($,.STERADIAN.) SOLID_ANGLE_UNIT());
#19=AXIS2_PLACEMENT_3D('',#20,#21,#22);
#20=CARTESIAN_POINT('',(0.0,0.0,0.0));
#21=DIRECTION('',(0.0,0.0,1.0));
#22=DIRECTION('',(1.0,0.0,0.0));
#25=MECHANICAL_DESIGN_GEOMETRIC_PRESENTATION_REPRESENTATION($,(#240,#241,#242,#246,#295,#344,#393,#442,#491,#542,#591,#640,#689,#738,#787,#838,#887,#936,#985,#1034,#1083,#1134,#1183,#1232,#1281,#1330,#1379,#1430,#1479,#1528,#1577,#1626,#1675,#1726,#1775,#1824,#1873,#1922,#1971,#2022,#2071,#2120,#2169,#2218,#2267,#2318,#2367,#2416,#2465,#2514,#2563,#2614,#2663,#2712,#2761,#2810,#2859,#2910,#2959,#3008,#3057,#3106,#3155,#3206,#3255,#3304,#3353,#3402,#3451,#3502,#3551,#3600,#3649,#3698,#3747,#3798,#3847,#3896,#3945,#3994,#4043,#4094,#4143,#4192,#4241,#4290,#4339,#4390,#4439,#4488,#4537,#4586,#4635,#4686,#4735,#4784,#4833,#4882,#4931,#4982,#5031,#5080,#5129,#5178,#5227,#5278,#5327,#5376,#5425,#5474,#5523,#5574,#5623,#5672,#5721,#5770,#5819,#5870,#5919,#5968,#6017,#6066,#6115,#6166,#6215,#6264,#6313,#6362,#6411,#6462,#6511,#6560,#6609,#6658,#6707,#6758,#6807,#6856,#6905,#6954,#7003,#7054,#7103,#7152,#7201,#7250,#7299,#7350,#7399,#7448,#7497,#7546,#7595,#7646,#7695,#7744,#7793,#7842,#7891,#7942,#7991,#8040,#8089,#8138,#8187,#8238,#8287,#8336,#8385,#8434,#8483,#8534,#8583,#8632,#8681,#8730,#8779,#8830,#8879,#8928,#8977,#9026,#9075,#9126,#9175,#9224,#9273,#9322,#9371,#9422,#9471,#9520,#9569,#9618,#9667,#9718,#9767,#9816,#9865,#9914,#9963,#10014,#10063,#10112,#10161,#10210,#10259,#10310,#10359,#10408,#10457,#10506,#10555,#10606,#10655,#10704,#10753,#10802,#10851,#10902,#10951,#11000,#11049,#11098,#11147,#11198,#11247,#11296,#11345,#11394,#11443,#11494,#11543,#11592,#11641,#11690,#11739,#11790,#11839,#11888,#11937,#11986,#12035),#11);
#26=PRODUCT_CATEGORY_RELATIONSHIP('','',#27,#28);
#27=PRODUCT_CATEGORY('part','');
#28=PRODUCT_RELATED_PRODUCT_CATEGORY('','',(#8));
#34=PRESENTATION_STYLE_ASSIGNMENT((#35,#40));
#35=SURFACE_STYLE_USAGE(.BOTH.,#36);
#36=SURFACE_SIDE_STYLE('',(#37));
#37=SURFACE_STYLE_FILL_AREA(#38);
#38=FILL_AREA_STYLE('',(#39));
#39=FILL_AREA_STYLE_COLOUR('',#41);
#40=CURVE_STYLE('',#42,POSITIVE_LENGTH_MEASURE(0.1),#41);
#41=COLOUR_RGB('Aluminum',0.725,0.725,0.725);
#42=DRAUGHTING_PRE_DEFINED_CURVE_FONT('continuous');
#43=PRESENTATION_STYLE_ASSIGNMENT((#44,#49));
#44=SURFACE_STYLE_USAGE(.BOTH.,#45);
#45=SURFACE_SIDE_STYLE('',(#46));
#46=SURFACE_STYLE_FILL_AREA(#47);
#47=FILL_AREA_STYLE('',(#48));
#48=FILL_AREA_STYLE_COLOUR('',#50);
#49=CURVE_STYLE('',#51,POSITIVE_LENGTH_MEASURE(0.1),#50);
#50=COLOUR_RGB('Black',0.196,0.196,0.196);
#51=DRAUGHTING_PRE_DEFINED_CURVE_FONT('continuous');
#52=PRESENTATION_STYLE_ASSIGNMENT((#53,#58));
#53=SURFACE_STYLE_USAGE(.BOTH.,#54);
#54=SURFACE_SIDE_STYLE('',(#55));
#55=SURFACE_STYLE_FILL_AREA(#56);
#56=FILL_AREA_STYLE('',(#57));
#57=FILL_AREA_STYLE_COLOUR('',#59);
#58=CURVE_STYLE('',#60,POSITIVE_LENGTH_MEASURE(0.1),#59);
#59=COLOUR_RGB('Pin1',0.588,0.588,0.588);
#60=DRAUGHTING_PRE_DEFINED_CURVE_FONT('continuous');
#61=PRESENTATION_STYLE_ASSIGNMENT((#62,#67));
#62=SURFACE_STYLE_USAGE(.BOTH.,#63);
#63=SURFACE_SIDE_STYLE('',(#64));
#64=SURFACE_STYLE_FILL_AREA(#65);
#65=FILL_AREA_STYLE('',(#66));
#66=FILL_AREA_STYLE_COLOUR('',#68);
#67=CURVE_STYLE('',#69,POSITIVE_LENGTH_MEASURE(0.1),#68);
#68=COLOUR_RGB('HeatTab',0.588,0.588,0.588);
#69=DRAUGHTING_PRE_DEFINED_CURVE_FONT('continuous');
#70=PRESENTATION_STYLE_ASSIGNMENT((#71,#76));
#71=SURFACE_STYLE_USAGE(.BOTH.,#72);
#72=SURFACE_SIDE_STYLE('',(#73));
#73=SURFACE_STYLE_FILL_AREA(#74);
#74=FILL_AREA_STYLE('',(#75));
#75=FILL_AREA_STYLE_COLOUR('',#77);
#76=CURVE_STYLE('',#78,POSITIVE_LENGTH_MEASURE(0.1),#77);
#77=COLOUR_RGB('Gold',0.843,0.686,0.0);
#78=DRAUGHTING_PRE_DEFINED_CURVE_FONT('continuous');
#79=PRESENTATION_STYLE_ASSIGNMENT((#80,#85));
#80=SURFACE_STYLE_USAGE(.BOTH.,#81);
#81=SURFACE_SIDE_STYLE('',(#82));
#82=SURFACE_STYLE_FILL_AREA(#83);
#83=FILL_AREA_STYLE('',(#84));
#84=FILL_AREA_STYLE_COLOUR('',#86);
#85=CURVE_STYLE('',#87,POSITIVE_LENGTH_MEASURE(0.1),#86);
#86=COLOUR_RGB('Brown',0.459,0.345,0.176);
#87=DRAUGHTING_PRE_DEFINED_CURVE_FONT('continuous');
#88=PRESENTATION_STYLE_ASSIGNMENT((#89,#94));
#89=SURFACE_STYLE_USAGE(.BOTH.,#90);
#90=SURFACE_SIDE_STYLE('',(#91));
#91=SURFACE_STYLE_FILL_AREA(#92);
#92=FILL_AREA_STYLE('',(#93));
#93=FILL_AREA_STYLE_COLOUR('',#95);
#94=CURVE_STYLE('',#96,POSITIVE_LENGTH_MEASURE(0.1),#95);
#95=COLOUR_RGB('Tan',0.784,0.686,0.51);
#96=DRAUGHTING_PRE_DEFINED_CURVE_FONT('continuous');
#97=PRESENTATION_STYLE_ASSIGNMENT((#98,#103));
#98=SURFACE_STYLE_USAGE(.BOTH.,#99);
#99=SURFACE_SIDE_STYLE('',(#100));
#100=SURFACE_STYLE_FILL_AREA(#101);
#101=FILL_AREA_STYLE('',(#102));
#102=FILL_AREA_STYLE_COLOUR('',#104);
#103=CURVE_STYLE('',#105,POSITIVE_LENGTH_MEASURE(0.1),#104);
#104=COLOUR_RGB('Gray',0.431,0.431,0.431);
#105=DRAUGHTING_PRE_DEFINED_CURVE_FONT('continuous');
#106=PRESENTATION_STYLE_ASSIGNMENT((#107,#112));
#107=SURFACE_STYLE_USAGE(.BOTH.,#108);
#108=SURFACE_SIDE_STYLE('',(#109));
#109=SURFACE_STYLE_FILL_AREA(#110);
#110=FILL_AREA_STYLE('',(#111));
#111=FILL_AREA_STYLE_COLOUR('',#113);
#112=CURVE_STYLE('',#114,POSITIVE_LENGTH_MEASURE(0.1),#113);
#113=COLOUR_RGB('Red',0.6,0.0,0.0);
#114=DRAUGHTING_PRE_DEFINED_CURVE_FONT('continuous');
#115=PRESENTATION_STYLE_ASSIGNMENT((#116,#121));
#116=SURFACE_STYLE_USAGE(.BOTH.,#117);
#117=SURFACE_SIDE_STYLE('',(#118));
#118=SURFACE_STYLE_FILL_AREA(#119);
#119=FILL_AREA_STYLE('',(#120));
#120=FILL_AREA_STYLE_COLOUR('',#122);
#121=CURVE_STYLE('',#123,POSITIVE_LENGTH_MEASURE(0.1),#122);
#122=COLOUR_RGB('Blue',0.157,0.157,0.588);
#123=DRAUGHTING_PRE_DEFINED_CURVE_FONT('continuous');
#124=PRESENTATION_STYLE_ASSIGNMENT((#125,#130));
#125=SURFACE_STYLE_USAGE(.BOTH.,#126);
#126=SURFACE_SIDE_STYLE('',(#127));
#127=SURFACE_STYLE_FILL_AREA(#128);
#128=FILL_AREA_STYLE('',(#129));
#129=FILL_AREA_STYLE_COLOUR('',#131);
#130=CURVE_STYLE('',#132,POSITIVE_LENGTH_MEASURE(0.1),#131);
#131=COLOUR_RGB('Maroon',0.294,0.0,0.0);
#132=DRAUGHTING_PRE_DEFINED_CURVE_FONT('continuous');
#133=PRESENTATION_STYLE_ASSIGNMENT((#134,#139));
#134=SURFACE_STYLE_USAGE(.BOTH.,#135);
#135=SURFACE_SIDE_STYLE('',(#136));
#136=SURFACE_STYLE_FILL_AREA(#137);
#137=FILL_AREA_STYLE('',(#138));
#138=FILL_AREA_STYLE_COLOUR('',#140);
#139=CURVE_STYLE('',#141,POSITIVE_LENGTH_MEASURE(0.1),#140);
#140=COLOUR_RGB('Green',0.0,0.294,0.0);
#141=DRAUGHTING_PRE_DEFINED_CURVE_FONT('continuous');
#142=PRESENTATION_STYLE_ASSIGNMENT((#143,#148));
#143=SURFACE_STYLE_USAGE(.BOTH.,#144);
#144=SURFACE_SIDE_STYLE('',(#145));
#145=SURFACE_STYLE_FILL_AREA(#146);
#146=FILL_AREA_STYLE('',(#147));
#147=FILL_AREA_STYLE_COLOUR('',#149);
#148=CURVE_STYLE('',#150,POSITIVE_LENGTH_MEASURE(0.1),#149);
#149=COLOUR_RGB('Pin1Wrap',0.98,0.706,0.176);
#150=DRAUGHTING_PRE_DEFINED_CURVE_FONT('continuous');
#151=PRESENTATION_STYLE_ASSIGNMENT((#152,#157));
#152=SURFACE_STYLE_USAGE(.BOTH.,#153);
#153=SURFACE_SIDE_STYLE('',(#154));
#154=SURFACE_STYLE_FILL_AREA(#155);
#155=FILL_AREA_STYLE('',(#156));
#156=FILL_AREA_STYLE_COLOUR('',#158);
#157=CURVE_STYLE('',#159,POSITIVE_LENGTH_MEASURE(0.1),#158);
#158=COLOUR_RGB('Pin1Rad',0.588,0.588,0.588);
#159=DRAUGHTING_PRE_DEFINED_CURVE_FONT('continuous');
#160=PRESENTATION_STYLE_ASSIGNMENT((#161,#166));
#161=SURFACE_STYLE_USAGE(.BOTH.,#162);
#162=SURFACE_SIDE_STYLE('',(#163));
#163=SURFACE_STYLE_FILL_AREA(#164);
#164=FILL_AREA_STYLE('',(#165));
#165=FILL_AREA_STYLE_COLOUR('',#167);
#166=CURVE_STYLE('',#168,POSITIVE_LENGTH_MEASURE(0.1),#167);
#167=COLOUR_RGB('Pin1Axial',0.98,0.706,0.176);
#168=DRAUGHTING_PRE_DEFINED_CURVE_FONT('continuous');
#169=PRESENTATION_STYLE_ASSIGNMENT((#170,#175));
#170=SURFACE_STYLE_USAGE(.BOTH.,#171);
#171=SURFACE_SIDE_STYLE('',(#172));
#172=SURFACE_STYLE_FILL_AREA(#173);
#173=FILL_AREA_STYLE('',(#174));
#174=FILL_AREA_STYLE_COLOUR('',#176);
#175=CURVE_STYLE('',#177,POSITIVE_LENGTH_MEASURE(0.1),#176);
#176=COLOUR_RGB('Pin1Tant',0.459,0.345,0.176);
#177=DRAUGHTING_PRE_DEFINED_CURVE_FONT('continuous');
#178=PRESENTATION_STYLE_ASSIGNMENT((#179,#184));
#179=SURFACE_STYLE_USAGE(.BOTH.,#180);
#180=SURFACE_SIDE_STYLE('',(#181));
#181=SURFACE_STYLE_FILL_AREA(#182);
#182=FILL_AREA_STYLE('',(#183));
#183=FILL_AREA_STYLE_COLOUR('',#185);
#184=CURVE_STYLE('',#186,POSITIVE_LENGTH_MEASURE(0.1),#185);
#185=COLOUR_RGB('Shroud',0.235,0.235,0.235);
#186=DRAUGHTING_PRE_DEFINED_CURVE_FONT('continuous');
#188=MANIFOLD_SOLID_BREP($,#189);
#189=CLOSED_SHELL('',(#190,#191,#192));
#190=ADVANCED_FACE($,(#196,#195),#213,.T.);
#191=ADVANCED_FACE($,(#197),#193,.F.);
#192=ADVANCED_FACE($,(#198),#194,.T.);
#193=PLANE($,#218);
#194=PLANE($,#219);
#195=FACE_BOUND($,#200,.T.);
#196=FACE_OUTER_BOUND($,#199,.T.);
#197=FACE_OUTER_BOUND($,#201,.T.);
#198=FACE_OUTER_BOUND($,#202,.T.);
#199=EDGE_LOOP($,(#209));
#200=EDGE_LOOP($,(#210));
#201=EDGE_LOOP($,(#211));
#202=EDGE_LOOP($,(#212));
#203=CIRCLE($,#216,0.127635);
#204=CIRCLE($,#217,0.127635);
#205=VERTEX_POINT('',#234);
#206=VERTEX_POINT('',#236);
#207=EDGE_CURVE($,#205,#205,#203,.T.);
#208=EDGE_CURVE($,#206,#206,#204,.T.);
#209=ORIENTED_EDGE($,*,*,#207,.F.);
#210=ORIENTED_EDGE($,*,*,#208,.F.);
#211=ORIENTED_EDGE($,*,*,#208,.T.);
#212=ORIENTED_EDGE($,*,*,#207,.T.);
#213=CYLINDRICAL_SURFACE($,#215,0.127635);
#214=AXIS2_PLACEMENT_3D('placement',#232,#220,#221);
#215=AXIS2_PLACEMENT_3D($,#233,#222,#223);
#216=AXIS2_PLACEMENT_3D($,#235,#224,#225);
#217=AXIS2_PLACEMENT_3D($,#237,#226,#227);
#218=AXIS2_PLACEMENT_3D($,#238,#228,#229);
#219=AXIS2_PLACEMENT_3D($,#239,#230,#231);
#220=DIRECTION('axis',(0.,1.,0.));
#221=DIRECTION('refdir',(1.,0.,0.));
#222=DIRECTION('',(0.,0.,1.));
#223=DIRECTION('',(1.,0.,0.));
#224=DIRECTION('',(0.,0.,1.));
#225=DIRECTION('',(1.,0.,0.));
#226=DIRECTION('',(0.,0.,-1.));
#227=DIRECTION('',(1.,0.,0.));
#228=DIRECTION('',(0.,0.,1.));
#229=DIRECTION('',(0.,1.,0.));
#230=DIRECTION('',(0.,0.,1.));
#231=DIRECTION('',(0.,1.,0.));
#232=CARTESIAN_POINT('',(0.,0.,0.));
#233=CARTESIAN_POINT('',(-2.042,2.75,0.813));
#234=CARTESIAN_POINT('',(-2.17,2.75,0.815));
#235=CARTESIAN_POINT('',(-2.042,2.75,0.815));
#236=CARTESIAN_POINT('',(-2.17,2.75,0.813));
#237=CARTESIAN_POINT('',(-2.042,2.75,0.813));
#238=CARTESIAN_POINT('',(-2.042,2.75,0.813));
#239=CARTESIAN_POINT('',(-2.042,2.75,0.815));
#240=STYLED_ITEM('color',(#52),#190);
#241=STYLED_ITEM('color',(#52),#191);
#242=STYLED_ITEM('color',(#52),#192);
#244=MANIFOLD_SOLID_BREP($,#245);
#245=CLOSED_SHELL('',(#247,#296,#345,#394,#443,#492));
#246=STYLED_ITEM('',(#43),#247);
#247=ADVANCED_FACE('',(#253),#248,.T.);
#248=PLANE('',#249);
#249=AXIS2_PLACEMENT_3D('',#250,#251,#252);
#250=CARTESIAN_POINT('',(-2.553,-3.556,0.051));
#251=DIRECTION('',(0.0,-1.0,0.0));
#252=DIRECTION('',(0.,0.,1.));
#253=FACE_OUTER_BOUND('',#254,.T.);
#254=EDGE_LOOP('',(#255,#265,#275,#285));
#258=CARTESIAN_POINT('',(2.553,-3.556,0.051));
#257=VERTEX_POINT('',#258);
#260=CARTESIAN_POINT('',(-2.553,-3.556,0.051));
#259=VERTEX_POINT('',#260);
#256=EDGE_CURVE('',#257,#259,#261,.T.);
#261=LINE('',#258,#263);
#263=VECTOR('',#264,5.1054);
#264=DIRECTION('',(-1.0,0.0,0.0));
#255=ORIENTED_EDGE('',*,*,#256,.F.);
#268=CARTESIAN_POINT('',(2.553,-3.556,0.813));
#267=VERTEX_POINT('',#268);
#266=EDGE_CURVE('',#267,#257,#271,.T.);
#271=LINE('',#268,#273);
#273=VECTOR('',#274,0.762);
#274=DIRECTION('',(0.0,0.0,-1.0));
#265=ORIENTED_EDGE('',*,*,#266,.F.);
#278=CARTESIAN_POINT('',(-2.553,-3.556,0.813));
#277=VERTEX_POINT('',#278);
#276=EDGE_CURVE('',#277,#267,#281,.T.);
#281=LINE('',#278,#283);
#283=VECTOR('',#284,5.1054);
#284=DIRECTION('',(1.0,0.0,0.0));
#275=ORIENTED_EDGE('',*,*,#276,.F.);
#286=EDGE_CURVE('',#259,#277,#291,.T.);
#291=LINE('',#260,#293);
#293=VECTOR('',#294,0.762);
#294=DIRECTION('',(0.0,0.0,1.0));
#285=ORIENTED_EDGE('',*,*,#286,.F.);
#295=STYLED_ITEM('',(#43),#296);
#296=ADVANCED_FACE('',(#302),#297,.T.);
#297=PLANE('',#298);
#298=AXIS2_PLACEMENT_3D('',#299,#300,#301);
#299=CARTESIAN_POINT('',(2.553,-3.556,0.051));
#300=DIRECTION('',(1.0,0.0,0.0));
#301=DIRECTION('',(0.,0.,1.));
#302=FACE_OUTER_BOUND('',#303,.T.);
#303=EDGE_LOOP('',(#304,#314,#324,#334));
#307=CARTESIAN_POINT('',(2.553,3.556,0.051));
#306=VERTEX_POINT('',#307);
#305=EDGE_CURVE('',#306,#257,#310,.T.);
#310=LINE('',#307,#312);
#312=VECTOR('',#313,7.112);
#313=DIRECTION('',(0.0,-1.0,0.0));
#304=ORIENTED_EDGE('',*,*,#305,.F.);
#317=CARTESIAN_POINT('',(2.553,3.556,0.813));
#316=VERTEX_POINT('',#317);
#315=EDGE_CURVE('',#316,#306,#320,.T.);
#320=LINE('',#317,#322);
#322=VECTOR('',#323,0.762);
#323=DIRECTION('',(0.0,0.0,-1.0));
#314=ORIENTED_EDGE('',*,*,#315,.F.);
#325=EDGE_CURVE('',#267,#316,#330,.T.);
#330=LINE('',#268,#332);
#332=VECTOR('',#333,7.112);
#333=DIRECTION('',(0.0,1.0,0.0));
#324=ORIENTED_EDGE('',*,*,#325,.F.);
#334=ORIENTED_EDGE('',*,*,#266,.T.);
#344=STYLED_ITEM('',(#43),#345);
#345=ADVANCED_FACE('',(#351),#346,.T.);
#346=PLANE('',#347);
#347=AXIS2_PLACEMENT_3D('',#348,#349,#350);
#348=CARTESIAN_POINT('',(2.553,3.556,0.051));
#349=DIRECTION('',(0.0,1.0,0.0));
#350=DIRECTION('',(0.,0.,1.));
#351=FACE_OUTER_BOUND('',#352,.T.);
#352=EDGE_LOOP('',(#353,#363,#373,#383));
#356=CARTESIAN_POINT('',(-2.553,3.556,0.051));
#355=VERTEX_POINT('',#356);
#354=EDGE_CURVE('',#355,#306,#359,.T.);
#359=LINE('',#356,#361);
#361=VECTOR('',#362,5.1054);
#362=DIRECTION('',(1.0,0.0,0.0));
#353=ORIENTED_EDGE('',*,*,#354,.F.);
#366=CARTESIAN_POINT('',(-2.553,3.556,0.813));
#365=VERTEX_POINT('',#366);
#364=EDGE_CURVE('',#365,#355,#369,.T.);
#369=LINE('',#366,#371);
#371=VECTOR('',#372,0.762);
#372=DIRECTION('',(0.0,0.0,-1.0));
#363=ORIENTED_EDGE('',*,*,#364,.F.);
#374=EDGE_CURVE('',#316,#365,#379,.T.);
#379=LINE('',#317,#381);
#381=VECTOR('',#382,5.1054);
#382=DIRECTION('',(-1.0,0.0,0.0));
#373=ORIENTED_EDGE('',*,*,#374,.F.);
#383=ORIENTED_EDGE('',*,*,#315,.T.);
#393=STYLED_ITEM('',(#43),#394);
#394=ADVANCED_FACE('',(#400),#395,.T.);
#395=PLANE('',#396);
#396=AXIS2_PLACEMENT_3D('',#397,#398,#399);
#397=CARTESIAN_POINT('',(-2.553,3.556,0.051));
#398=DIRECTION('',(-1.0,0.0,0.0));
#399=DIRECTION('',(0.,0.,1.));
#400=FACE_OUTER_BOUND('',#401,.T.);
#401=EDGE_LOOP('',(#402,#412,#422,#432));
#403=EDGE_CURVE('',#259,#355,#408,.T.);
#408=LINE('',#260,#410);
#410=VECTOR('',#411,7.112);
#411=DIRECTION('',(0.0,1.0,0.0));
#402=ORIENTED_EDGE('',*,*,#403,.F.);
#412=ORIENTED_EDGE('',*,*,#286,.T.);
#423=EDGE_CURVE('',#365,#277,#428,.T.);
#428=LINE('',#366,#430);
#430=VECTOR('',#431,7.112);
#431=DIRECTION('',(0.0,-1.0,0.0));
#422=ORIENTED_EDGE('',*,*,#423,.F.);
#432=ORIENTED_EDGE('',*,*,#364,.T.);
#442=STYLED_ITEM('',(#43),#443);
#443=ADVANCED_FACE('',(#449),#444,.T.);
#444=PLANE('',#445);
#445=AXIS2_PLACEMENT_3D('',#446,#447,#448);
#446=CARTESIAN_POINT('',(-2.553,3.556,0.051));
#447=DIRECTION('',(0.0,0.0,-1.0));
#448=DIRECTION('',(0.,1.,0.));
#449=FACE_OUTER_BOUND('',#450,.T.);
#450=EDGE_LOOP('',(#451,#461,#471,#481));
#451=ORIENTED_EDGE('',*,*,#354,.T.);
#461=ORIENTED_EDGE('',*,*,#305,.T.);
#471=ORIENTED_EDGE('',*,*,#256,.T.);
#481=ORIENTED_EDGE('',*,*,#403,.T.);
#491=STYLED_ITEM('',(#43),#492);
#492=ADVANCED_FACE('',(#498),#493,.T.);
#493=PLANE('',#494);
#494=AXIS2_PLACEMENT_3D('',#495,#496,#497);
#495=CARTESIAN_POINT('',(-2.553,-3.556,0.813));
#496=DIRECTION('',(0.0,0.0,1.0));
#497=DIRECTION('',(0.,1.,0.));
#498=FACE_OUTER_BOUND('',#499,.T.);
#499=EDGE_LOOP('',(#500,#510,#520,#530));
#500=ORIENTED_EDGE('',*,*,#276,.T.);
#510=ORIENTED_EDGE('',*,*,#325,.T.);
#520=ORIENTED_EDGE('',*,*,#374,.T.);
#530=ORIENTED_EDGE('',*,*,#423,.T.);
#540=MANIFOLD_SOLID_BREP($,#541);
#541=CLOSED_SHELL('',(#543,#592,#641,#690,#739,#788));
#542=STYLED_ITEM('',(#34),#543);
#543=ADVANCED_FACE('',(#549),#544,.T.);
#544=PLANE('',#545);
#545=AXIS2_PLACEMENT_3D('',#546,#547,#548);
#546=CARTESIAN_POINT('',(-2.553,2.598,0.0));
#547=DIRECTION('',(0.0,-1.0,0.0));
#548=DIRECTION('',(0.,0.,1.));
#549=FACE_OUTER_BOUND('',#550,.T.);
#550=EDGE_LOOP('',(#551,#561,#571,#581));
#554=CARTESIAN_POINT('',(-2.096,2.598,0.0));
#553=VERTEX_POINT('',#554);
#556=CARTESIAN_POINT('',(-2.553,2.598,0.0));
#555=VERTEX_POINT('',#556);
#552=EDGE_CURVE('',#553,#555,#557,.T.);
#557=LINE('',#554,#559);
#559=VECTOR('',#560,0.4572);
#560=DIRECTION('',(-1.0,0.0,0.0));
#551=ORIENTED_EDGE('',*,*,#552,.F.);
#564=CARTESIAN_POINT('',(-2.096,2.598,0.051));
#563=VERTEX_POINT('',#564);
#562=EDGE_CURVE('',#563,#553,#567,.T.);
#567=LINE('',#564,#569);
#569=VECTOR('',#570,0.0508);
#570=DIRECTION('',(0.0,0.0,-1.0));
#561=ORIENTED_EDGE('',*,*,#562,.F.);
#574=CARTESIAN_POINT('',(-2.553,2.598,0.051));
#573=VERTEX_POINT('',#574);
#572=EDGE_CURVE('',#573,#563,#577,.T.);
#577=LINE('',#574,#579);
#579=VECTOR('',#580,0.4572);
#580=DIRECTION('',(1.0,0.0,0.0));
#571=ORIENTED_EDGE('',*,*,#572,.F.);
#582=EDGE_CURVE('',#555,#573,#587,.T.);
#587=LINE('',#556,#589);
#589=VECTOR('',#590,0.0508);
#590=DIRECTION('',(0.0,0.0,1.0));
#581=ORIENTED_EDGE('',*,*,#582,.F.);
#591=STYLED_ITEM('',(#34),#592);
#592=ADVANCED_FACE('',(#598),#593,.T.);
#593=PLANE('',#594);
#594=AXIS2_PLACEMENT_3D('',#595,#596,#597);
#595=CARTESIAN_POINT('',(-2.096,2.598,0.0));
#596=DIRECTION('',(1.0,0.0,0.0));
#597=DIRECTION('',(0.,0.,1.));
#598=FACE_OUTER_BOUND('',#599,.T.);
#599=EDGE_LOOP('',(#600,#610,#620,#630));
#603=CARTESIAN_POINT('',(-2.096,2.902,0.0));
#602=VERTEX_POINT('',#603);
#601=EDGE_CURVE('',#602,#553,#606,.T.);
#606=LINE('',#603,#608);
#608=VECTOR('',#609,0.3048);
#609=DIRECTION('',(0.0,-1.0,0.0));
#600=ORIENTED_EDGE('',*,*,#601,.F.);
#613=CARTESIAN_POINT('',(-2.096,2.902,0.051));
#612=VERTEX_POINT('',#613);
#611=EDGE_CURVE('',#612,#602,#616,.T.);
#616=LINE('',#613,#618);
#618=VECTOR('',#619,0.0508);
#619=DIRECTION('',(0.0,0.0,-1.0));
#610=ORIENTED_EDGE('',*,*,#611,.F.);
#621=EDGE_CURVE('',#563,#612,#626,.T.);
#626=LINE('',#564,#628);
#628=VECTOR('',#629,0.3048);
#629=DIRECTION('',(0.0,1.0,0.0));
#620=ORIENTED_EDGE('',*,*,#621,.F.);
#630=ORIENTED_EDGE('',*,*,#562,.T.);
#640=STYLED_ITEM('',(#34),#641);
#641=ADVANCED_FACE('',(#647),#642,.T.);
#642=PLANE('',#643);
#643=AXIS2_PLACEMENT_3D('',#644,#645,#646);
#644=CARTESIAN_POINT('',(-2.096,2.902,0.0));
#645=DIRECTION('',(0.0,1.0,0.0));
#646=DIRECTION('',(0.,0.,1.));
#647=FACE_OUTER_BOUND('',#648,.T.);
#648=EDGE_LOOP('',(#649,#659,#669,#679));
#652=CARTESIAN_POINT('',(-2.553,2.902,0.0));
#651=VERTEX_POINT('',#652);
#650=EDGE_CURVE('',#651,#602,#655,.T.);
#655=LINE('',#652,#657);
#657=VECTOR('',#658,0.4572);
#658=DIRECTION('',(1.0,0.0,0.0));
#649=ORIENTED_EDGE('',*,*,#650,.F.);
#662=CARTESIAN_POINT('',(-2.553,2.902,0.051));
#661=VERTEX_POINT('',#662);
#660=EDGE_CURVE('',#661,#651,#665,.T.);
#665=LINE('',#662,#667);
#667=VECTOR('',#668,0.0508);
#668=DIRECTION('',(0.0,0.0,-1.0));
#659=ORIENTED_EDGE('',*,*,#660,.F.);
#670=EDGE_CURVE('',#612,#661,#675,.T.);
#675=LINE('',#613,#677);
#677=VECTOR('',#678,0.4572);
#678=DIRECTION('',(-1.0,0.0,0.0));
#669=ORIENTED_EDGE('',*,*,#670,.F.);
#679=ORIENTED_EDGE('',*,*,#611,.T.);
#689=STYLED_ITEM('',(#34),#690);
#690=ADVANCED_FACE('',(#696),#691,.T.);
#691=PLANE('',#692);
#692=AXIS2_PLACEMENT_3D('',#693,#694,#695);
#693=CARTESIAN_POINT('',(-2.553,2.902,0.0));
#694=DIRECTION('',(-1.0,0.0,0.0));
#695=DIRECTION('',(0.,0.,1.));
#696=FACE_OUTER_BOUND('',#697,.T.);
#697=EDGE_LOOP('',(#698,#708,#718,#728));
#699=EDGE_CURVE('',#555,#651,#704,.T.);
#704=LINE('',#556,#706);
#706=VECTOR('',#707,0.3048);
#707=DIRECTION('',(0.0,1.0,0.0));
#698=ORIENTED_EDGE('',*,*,#699,.F.);
#708=ORIENTED_EDGE('',*,*,#582,.T.);
#719=EDGE_CURVE('',#661,#573,#724,.T.);
#724=LINE('',#662,#726);
#726=VECTOR('',#727,0.3048);
#727=DIRECTION('',(0.0,-1.0,0.0));
#718=ORIENTED_EDGE('',*,*,#719,.F.);
#728=ORIENTED_EDGE('',*,*,#660,.T.);
#738=STYLED_ITEM('',(#34),#739);
#739=ADVANCED_FACE('',(#745),#740,.T.);
#740=PLANE('',#741);
#741=AXIS2_PLACEMENT_3D('',#742,#743,#744);
#742=CARTESIAN_POINT('',(-2.553,2.902,0.0));
#743=DIRECTION('',(0.0,0.0,-1.0));
#744=DIRECTION('',(0.,1.,0.));
#745=FACE_OUTER_BOUND('',#746,.T.);
#746=EDGE_LOOP('',(#747,#757,#767,#777));
#747=ORIENTED_EDGE('',*,*,#650,.T.);
#757=ORIENTED_EDGE('',*,*,#601,.T.);
#767=ORIENTED_EDGE('',*,*,#552,.T.);
#777=ORIENTED_EDGE('',*,*,#699,.T.);
#787=STYLED_ITEM('',(#34),#788);
#788=ADVANCED_FACE('',(#794),#789,.T.);
#789=PLANE('',#790);
#790=AXIS2_PLACEMENT_3D('',#791,#792,#793);
#791=CARTESIAN_POINT('',(-2.553,2.598,0.051));
#792=DIRECTION('',(0.0,0.0,1.0));
#793=DIRECTION('',(0.,1.,0.));
#794=FACE_OUTER_BOUND('',#795,.T.);
#795=EDGE_LOOP('',(#796,#806,#816,#826));
#796=ORIENTED_EDGE('',*,*,#572,.T.);
#806=ORIENTED_EDGE('',*,*,#621,.T.);
#816=ORIENTED_EDGE('',*,*,#670,.T.);
#826=ORIENTED_EDGE('',*,*,#719,.T.);
#836=MANIFOLD_SOLID_BREP($,#837);
#837=CLOSED_SHELL('',(#839,#888,#937,#986,#1035,#1084));
#838=STYLED_ITEM('',(#34),#839);
#839=ADVANCED_FACE('',(#845),#840,.T.);
#840=PLANE('',#841);
#841=AXIS2_PLACEMENT_3D('',#842,#843,#844);
#842=CARTESIAN_POINT('',(-2.553,2.098,0.0));
#843=DIRECTION('',(0.0,-1.0,0.0));
#844=DIRECTION('',(0.,0.,1.));
#845=FACE_OUTER_BOUND('',#846,.T.);
#846=EDGE_LOOP('',(#847,#857,#867,#877));
#850=CARTESIAN_POINT('',(-2.096,2.098,0.0));
#849=VERTEX_POINT('',#850);
#852=CARTESIAN_POINT('',(-2.553,2.098,0.0));
#851=VERTEX_POINT('',#852);
#848=EDGE_CURVE('',#849,#851,#853,.T.);
#853=LINE('',#850,#855);
#855=VECTOR('',#856,0.4572);
#856=DIRECTION('',(-1.0,0.0,0.0));
#847=ORIENTED_EDGE('',*,*,#848,.F.);
#860=CARTESIAN_POINT('',(-2.096,2.098,0.051));
#859=VERTEX_POINT('',#860);
#858=EDGE_CURVE('',#859,#849,#863,.T.);
#863=LINE('',#860,#865);
#865=VECTOR('',#866,0.0508);
#866=DIRECTION('',(0.0,0.0,-1.0));
#857=ORIENTED_EDGE('',*,*,#858,.F.);
#870=CARTESIAN_POINT('',(-2.553,2.098,0.051));
#869=VERTEX_POINT('',#870);
#868=EDGE_CURVE('',#869,#859,#873,.T.);
#873=LINE('',#870,#875);
#875=VECTOR('',#876,0.4572);
#876=DIRECTION('',(1.0,0.0,0.0));
#867=ORIENTED_EDGE('',*,*,#868,.F.);
#878=EDGE_CURVE('',#851,#869,#883,.T.);
#883=LINE('',#852,#885);
#885=VECTOR('',#886,0.0508);
#886=DIRECTION('',(0.0,0.0,1.0));
#877=ORIENTED_EDGE('',*,*,#878,.F.);
#887=STYLED_ITEM('',(#34),#888);
#888=ADVANCED_FACE('',(#894),#889,.T.);
#889=PLANE('',#890);
#890=AXIS2_PLACEMENT_3D('',#891,#892,#893);
#891=CARTESIAN_POINT('',(-2.096,2.098,0.0));
#892=DIRECTION('',(1.0,0.0,0.0));
#893=DIRECTION('',(0.,0.,1.));
#894=FACE_OUTER_BOUND('',#895,.T.);
#895=EDGE_LOOP('',(#896,#906,#916,#926));
#899=CARTESIAN_POINT('',(-2.096,2.402,0.0));
#898=VERTEX_POINT('',#899);
#897=EDGE_CURVE('',#898,#849,#902,.T.);
#902=LINE('',#899,#904);
#904=VECTOR('',#905,0.3048);
#905=DIRECTION('',(0.0,-1.0,0.0));
#896=ORIENTED_EDGE('',*,*,#897,.F.);
#909=CARTESIAN_POINT('',(-2.096,2.402,0.051));
#908=VERTEX_POINT('',#909);
#907=EDGE_CURVE('',#908,#898,#912,.T.);
#912=LINE('',#909,#914);
#914=VECTOR('',#915,0.0508);
#915=DIRECTION('',(0.0,0.0,-1.0));
#906=ORIENTED_EDGE('',*,*,#907,.F.);
#917=EDGE_CURVE('',#859,#908,#922,.T.);
#922=LINE('',#860,#924);
#924=VECTOR('',#925,0.3048);
#925=DIRECTION('',(0.0,1.0,0.0));
#916=ORIENTED_EDGE('',*,*,#917,.F.);
#926=ORIENTED_EDGE('',*,*,#858,.T.);
#936=STYLED_ITEM('',(#34),#937);
#937=ADVANCED_FACE('',(#943),#938,.T.);
#938=PLANE('',#939);
#939=AXIS2_PLACEMENT_3D('',#940,#941,#942);
#940=CARTESIAN_POINT('',(-2.096,2.402,0.0));
#941=DIRECTION('',(0.0,1.0,0.0));
#942=DIRECTION('',(0.,0.,1.));
#943=FACE_OUTER_BOUND('',#944,.T.);
#944=EDGE_LOOP('',(#945,#955,#965,#975));
#948=CARTESIAN_POINT('',(-2.553,2.402,0.0));
#947=VERTEX_POINT('',#948);
#946=EDGE_CURVE('',#947,#898,#951,.T.);
#951=LINE('',#948,#953);
#953=VECTOR('',#954,0.4572);
#954=DIRECTION('',(1.0,0.0,0.0));
#945=ORIENTED_EDGE('',*,*,#946,.F.);
#958=CARTESIAN_POINT('',(-2.553,2.402,0.051));
#957=VERTEX_POINT('',#958);
#956=EDGE_CURVE('',#957,#947,#961,.T.);
#961=LINE('',#958,#963);
#963=VECTOR('',#964,0.0508);
#964=DIRECTION('',(0.0,0.0,-1.0));
#955=ORIENTED_EDGE('',*,*,#956,.F.);
#966=EDGE_CURVE('',#908,#957,#971,.T.);
#971=LINE('',#909,#973);
#973=VECTOR('',#974,0.4572);
#974=DIRECTION('',(-1.0,0.0,0.0));
#965=ORIENTED_EDGE('',*,*,#966,.F.);
#975=ORIENTED_EDGE('',*,*,#907,.T.);
#985=STYLED_ITEM('',(#34),#986);
#986=ADVANCED_FACE('',(#992),#987,.T.);
#987=PLANE('',#988);
#988=AXIS2_PLACEMENT_3D('',#989,#990,#991);
#989=CARTESIAN_POINT('',(-2.553,2.402,0.0));
#990=DIRECTION('',(-1.0,0.0,0.0));
#991=DIRECTION('',(0.,0.,1.));
#992=FACE_OUTER_BOUND('',#993,.T.);
#993=EDGE_LOOP('',(#994,#1004,#1014,#1024));
#995=EDGE_CURVE('',#851,#947,#1000,.T.);
#1000=LINE('',#852,#1002);
#1002=VECTOR('',#1003,0.3048);
#1003=DIRECTION('',(0.0,1.0,0.0));
#994=ORIENTED_EDGE('',*,*,#995,.F.);
#1004=ORIENTED_EDGE('',*,*,#878,.T.);
#1015=EDGE_CURVE('',#957,#869,#1020,.T.);
#1020=LINE('',#958,#1022);
#1022=VECTOR('',#1023,0.3048);
#1023=DIRECTION('',(0.0,-1.0,0.0));
#1014=ORIENTED_EDGE('',*,*,#1015,.F.);
#1024=ORIENTED_EDGE('',*,*,#956,.T.);
#1034=STYLED_ITEM('',(#34),#1035);
#1035=ADVANCED_FACE('',(#1041),#1036,.T.);
#1036=PLANE('',#1037);
#1037=AXIS2_PLACEMENT_3D('',#1038,#1039,#1040);
#1038=CARTESIAN_POINT('',(-2.553,2.402,0.0));
#1039=DIRECTION('',(0.0,0.0,-1.0));
#1040=DIRECTION('',(0.,1.,0.));
#1041=FACE_OUTER_BOUND('',#1042,.T.);
#1042=EDGE_LOOP('',(#1043,#1053,#1063,#1073));
#1043=ORIENTED_EDGE('',*,*,#946,.T.);
#1053=ORIENTED_EDGE('',*,*,#897,.T.);
#1063=ORIENTED_EDGE('',*,*,#848,.T.);
#1073=ORIENTED_EDGE('',*,*,#995,.T.);
#1083=STYLED_ITEM('',(#34),#1084);
#1084=ADVANCED_FACE('',(#1090),#1085,.T.);
#1085=PLANE('',#1086);
#1086=AXIS2_PLACEMENT_3D('',#1087,#1088,#1089);
#1087=CARTESIAN_POINT('',(-2.553,2.098,0.051));
#1088=DIRECTION('',(0.0,0.0,1.0));
#1089=DIRECTION('',(0.,1.,0.));
#1090=FACE_OUTER_BOUND('',#1091,.T.);
#1091=EDGE_LOOP('',(#1092,#1102,#1112,#1122));
#1092=ORIENTED_EDGE('',*,*,#868,.T.);
#1102=ORIENTED_EDGE('',*,*,#917,.T.);
#1112=ORIENTED_EDGE('',*,*,#966,.T.);
#1122=ORIENTED_EDGE('',*,*,#1015,.T.);
#1132=MANIFOLD_SOLID_BREP($,#1133);
#1133=CLOSED_SHELL('',(#1135,#1184,#1233,#1282,#1331,#1380));
#1134=STYLED_ITEM('',(#34),#1135);
#1135=ADVANCED_FACE('',(#1141),#1136,.T.);
#1136=PLANE('',#1137);
#1137=AXIS2_PLACEMENT_3D('',#1138,#1139,#1140);
#1138=CARTESIAN_POINT('',(-2.553,1.598,0.0));
#1139=DIRECTION('',(0.0,-1.0,0.0));
#1140=DIRECTION('',(0.,0.,1.));
#1141=FACE_OUTER_BOUND('',#1142,.T.);
#1142=EDGE_LOOP('',(#1143,#1153,#1163,#1173));
#1146=CARTESIAN_POINT('',(-2.096,1.598,0.0));
#1145=VERTEX_POINT('',#1146);
#1148=CARTESIAN_POINT('',(-2.553,1.598,0.0));
#1147=VERTEX_POINT('',#1148);
#1144=EDGE_CURVE('',#1145,#1147,#1149,.T.);
#1149=LINE('',#1146,#1151);
#1151=VECTOR('',#1152,0.4572);
#1152=DIRECTION('',(-1.0,0.0,0.0));
#1143=ORIENTED_EDGE('',*,*,#1144,.F.);
#1156=CARTESIAN_POINT('',(-2.096,1.598,0.051));
#1155=VERTEX_POINT('',#1156);
#1154=EDGE_CURVE('',#1155,#1145,#1159,.T.);
#1159=LINE('',#1156,#1161);
#1161=VECTOR('',#1162,0.0508);
#1162=DIRECTION('',(0.0,0.0,-1.0));
#1153=ORIENTED_EDGE('',*,*,#1154,.F.);
#1166=CARTESIAN_POINT('',(-2.553,1.598,0.051));
#1165=VERTEX_POINT('',#1166);
#1164=EDGE_CURVE('',#1165,#1155,#1169,.T.);
#1169=LINE('',#1166,#1171);
#1171=VECTOR('',#1172,0.4572);
#1172=DIRECTION('',(1.0,0.0,0.0));
#1163=ORIENTED_EDGE('',*,*,#1164,.F.);
#1174=EDGE_CURVE('',#1147,#1165,#1179,.T.);
#1179=LINE('',#1148,#1181);
#1181=VECTOR('',#1182,0.0508);
#1182=DIRECTION('',(0.0,0.0,1.0));
#1173=ORIENTED_EDGE('',*,*,#1174,.F.);
#1183=STYLED_ITEM('',(#34),#1184);
#1184=ADVANCED_FACE('',(#1190),#1185,.T.);
#1185=PLANE('',#1186);
#1186=AXIS2_PLACEMENT_3D('',#1187,#1188,#1189);
#1187=CARTESIAN_POINT('',(-2.096,1.598,0.0));
#1188=DIRECTION('',(1.0,0.0,0.0));
#1189=DIRECTION('',(0.,0.,1.));
#1190=FACE_OUTER_BOUND('',#1191,.T.);
#1191=EDGE_LOOP('',(#1192,#1202,#1212,#1222));
#1195=CARTESIAN_POINT('',(-2.096,1.902,0.0));
#1194=VERTEX_POINT('',#1195);
#1193=EDGE_CURVE('',#1194,#1145,#1198,.T.);
#1198=LINE('',#1195,#1200);
#1200=VECTOR('',#1201,0.3048);
#1201=DIRECTION('',(0.0,-1.0,0.0));
#1192=ORIENTED_EDGE('',*,*,#1193,.F.);
#1205=CARTESIAN_POINT('',(-2.096,1.902,0.051));
#1204=VERTEX_POINT('',#1205);
#1203=EDGE_CURVE('',#1204,#1194,#1208,.T.);
#1208=LINE('',#1205,#1210);
#1210=VECTOR('',#1211,0.0508);
#1211=DIRECTION('',(0.0,0.0,-1.0));
#1202=ORIENTED_EDGE('',*,*,#1203,.F.);
#1213=EDGE_CURVE('',#1155,#1204,#1218,.T.);
#1218=LINE('',#1156,#1220);
#1220=VECTOR('',#1221,0.3048);
#1221=DIRECTION('',(0.0,1.0,0.0));
#1212=ORIENTED_EDGE('',*,*,#1213,.F.);
#1222=ORIENTED_EDGE('',*,*,#1154,.T.);
#1232=STYLED_ITEM('',(#34),#1233);
#1233=ADVANCED_FACE('',(#1239),#1234,.T.);
#1234=PLANE('',#1235);
#1235=AXIS2_PLACEMENT_3D('',#1236,#1237,#1238);
#1236=CARTESIAN_POINT('',(-2.096,1.902,0.0));
#1237=DIRECTION('',(0.0,1.0,0.0));
#1238=DIRECTION('',(0.,0.,1.));
#1239=FACE_OUTER_BOUND('',#1240,.T.);
#1240=EDGE_LOOP('',(#1241,#1251,#1261,#1271));
#1244=CARTESIAN_POINT('',(-2.553,1.902,0.0));
#1243=VERTEX_POINT('',#1244);
#1242=EDGE_CURVE('',#1243,#1194,#1247,.T.);
#1247=LINE('',#1244,#1249);
#1249=VECTOR('',#1250,0.4572);
#1250=DIRECTION('',(1.0,0.0,0.0));
#1241=ORIENTED_EDGE('',*,*,#1242,.F.);
#1254=CARTESIAN_POINT('',(-2.553,1.902,0.051));
#1253=VERTEX_POINT('',#1254);
#1252=EDGE_CURVE('',#1253,#1243,#1257,.T.);
#1257=LINE('',#1254,#1259);
#1259=VECTOR('',#1260,0.0508);
#1260=DIRECTION('',(0.0,0.0,-1.0));
#1251=ORIENTED_EDGE('',*,*,#1252,.F.);
#1262=EDGE_CURVE('',#1204,#1253,#1267,.T.);
#1267=LINE('',#1205,#1269);
#1269=VECTOR('',#1270,0.4572);
#1270=DIRECTION('',(-1.0,0.0,0.0));
#1261=ORIENTED_EDGE('',*,*,#1262,.F.);
#1271=ORIENTED_EDGE('',*,*,#1203,.T.);
#1281=STYLED_ITEM('',(#34),#1282);
#1282=ADVANCED_FACE('',(#1288),#1283,.T.);
#1283=PLANE('',#1284);
#1284=AXIS2_PLACEMENT_3D('',#1285,#1286,#1287);
#1285=CARTESIAN_POINT('',(-2.553,1.902,0.0));
#1286=DIRECTION('',(-1.0,0.0,0.0));
#1287=DIRECTION('',(0.,0.,1.));
#1288=FACE_OUTER_BOUND('',#1289,.T.);
#1289=EDGE_LOOP('',(#1290,#1300,#1310,#1320));
#1291=EDGE_CURVE('',#1147,#1243,#1296,.T.);
#1296=LINE('',#1148,#1298);
#1298=VECTOR('',#1299,0.3048);
#1299=DIRECTION('',(0.0,1.0,0.0));
#1290=ORIENTED_EDGE('',*,*,#1291,.F.);
#1300=ORIENTED_EDGE('',*,*,#1174,.T.);
#1311=EDGE_CURVE('',#1253,#1165,#1316,.T.);
#1316=LINE('',#1254,#1318);
#1318=VECTOR('',#1319,0.3048);
#1319=DIRECTION('',(0.0,-1.0,0.0));
#1310=ORIENTED_EDGE('',*,*,#1311,.F.);
#1320=ORIENTED_EDGE('',*,*,#1252,.T.);
#1330=STYLED_ITEM('',(#34),#1331);
#1331=ADVANCED_FACE('',(#1337),#1332,.T.);
#1332=PLANE('',#1333);
#1333=AXIS2_PLACEMENT_3D('',#1334,#1335,#1336);
#1334=CARTESIAN_POINT('',(-2.553,1.902,0.0));
#1335=DIRECTION('',(0.0,0.0,-1.0));
#1336=DIRECTION('',(0.,1.,0.));
#1337=FACE_OUTER_BOUND('',#1338,.T.);
#1338=EDGE_LOOP('',(#1339,#1349,#1359,#1369));
#1339=ORIENTED_EDGE('',*,*,#1242,.T.);
#1349=ORIENTED_EDGE('',*,*,#1193,.T.);
#1359=ORIENTED_EDGE('',*,*,#1144,.T.);
#1369=ORIENTED_EDGE('',*,*,#1291,.T.);
#1379=STYLED_ITEM('',(#34),#1380);
#1380=ADVANCED_FACE('',(#1386),#1381,.T.);
#1381=PLANE('',#1382);
#1382=AXIS2_PLACEMENT_3D('',#1383,#1384,#1385);
#1383=CARTESIAN_POINT('',(-2.553,1.598,0.051));
#1384=DIRECTION('',(0.0,0.0,1.0));
#1385=DIRECTION('',(0.,1.,0.));
#1386=FACE_OUTER_BOUND('',#1387,.T.);
#1387=EDGE_LOOP('',(#1388,#1398,#1408,#1418));
#1388=ORIENTED_EDGE('',*,*,#1164,.T.);
#1398=ORIENTED_EDGE('',*,*,#1213,.T.);
#1408=ORIENTED_EDGE('',*,*,#1262,.T.);
#1418=ORIENTED_EDGE('',*,*,#1311,.T.);
#1428=MANIFOLD_SOLID_BREP($,#1429);
#1429=CLOSED_SHELL('',(#1431,#1480,#1529,#1578,#1627,#1676));
#1430=STYLED_ITEM('',(#34),#1431);
#1431=ADVANCED_FACE('',(#1437),#1432,.T.);
#1432=PLANE('',#1433);
#1433=AXIS2_PLACEMENT_3D('',#1434,#1435,#1436);
#1434=CARTESIAN_POINT('',(-2.553,1.098,0.0));
#1435=DIRECTION('',(0.0,-1.0,0.0));
#1436=DIRECTION('',(0.,0.,1.));
#1437=FACE_OUTER_BOUND('',#1438,.T.);
#1438=EDGE_LOOP('',(#1439,#1449,#1459,#1469));
#1442=CARTESIAN_POINT('',(-2.096,1.098,0.0));
#1441=VERTEX_POINT('',#1442);
#1444=CARTESIAN_POINT('',(-2.553,1.098,0.0));
#1443=VERTEX_POINT('',#1444);
#1440=EDGE_CURVE('',#1441,#1443,#1445,.T.);
#1445=LINE('',#1442,#1447);
#1447=VECTOR('',#1448,0.4572);
#1448=DIRECTION('',(-1.0,0.0,0.0));
#1439=ORIENTED_EDGE('',*,*,#1440,.F.);
#1452=CARTESIAN_POINT('',(-2.096,1.098,0.051));
#1451=VERTEX_POINT('',#1452);
#1450=EDGE_CURVE('',#1451,#1441,#1455,.T.);
#1455=LINE('',#1452,#1457);
#1457=VECTOR('',#1458,0.0508);
#1458=DIRECTION('',(0.0,0.0,-1.0));
#1449=ORIENTED_EDGE('',*,*,#1450,.F.);
#1462=CARTESIAN_POINT('',(-2.553,1.098,0.051));
#1461=VERTEX_POINT('',#1462);
#1460=EDGE_CURVE('',#1461,#1451,#1465,.T.);
#1465=LINE('',#1462,#1467);
#1467=VECTOR('',#1468,0.4572);
#1468=DIRECTION('',(1.0,0.0,0.0));
#1459=ORIENTED_EDGE('',*,*,#1460,.F.);
#1470=EDGE_CURVE('',#1443,#1461,#1475,.T.);
#1475=LINE('',#1444,#1477);
#1477=VECTOR('',#1478,0.0508);
#1478=DIRECTION('',(0.0,0.0,1.0));
#1469=ORIENTED_EDGE('',*,*,#1470,.F.);
#1479=STYLED_ITEM('',(#34),#1480);
#1480=ADVANCED_FACE('',(#1486),#1481,.T.);
#1481=PLANE('',#1482);
#1482=AXIS2_PLACEMENT_3D('',#1483,#1484,#1485);
#1483=CARTESIAN_POINT('',(-2.096,1.098,0.0));
#1484=DIRECTION('',(1.0,0.0,0.0));
#1485=DIRECTION('',(0.,0.,1.));
#1486=FACE_OUTER_BOUND('',#1487,.T.);
#1487=EDGE_LOOP('',(#1488,#1498,#1508,#1518));
#1491=CARTESIAN_POINT('',(-2.096,1.402,0.0));
#1490=VERTEX_POINT('',#1491);
#1489=EDGE_CURVE('',#1490,#1441,#1494,.T.);
#1494=LINE('',#1491,#1496);
#1496=VECTOR('',#1497,0.3048);
#1497=DIRECTION('',(0.0,-1.0,0.0));
#1488=ORIENTED_EDGE('',*,*,#1489,.F.);
#1501=CARTESIAN_POINT('',(-2.096,1.402,0.051));
#1500=VERTEX_POINT('',#1501);
#1499=EDGE_CURVE('',#1500,#1490,#1504,.T.);
#1504=LINE('',#1501,#1506);
#1506=VECTOR('',#1507,0.0508);
#1507=DIRECTION('',(0.0,0.0,-1.0));
#1498=ORIENTED_EDGE('',*,*,#1499,.F.);
#1509=EDGE_CURVE('',#1451,#1500,#1514,.T.);
#1514=LINE('',#1452,#1516);
#1516=VECTOR('',#1517,0.3048);
#1517=DIRECTION('',(0.0,1.0,0.0));
#1508=ORIENTED_EDGE('',*,*,#1509,.F.);
#1518=ORIENTED_EDGE('',*,*,#1450,.T.);
#1528=STYLED_ITEM('',(#34),#1529);
#1529=ADVANCED_FACE('',(#1535),#1530,.T.);
#1530=PLANE('',#1531);
#1531=AXIS2_PLACEMENT_3D('',#1532,#1533,#1534);
#1532=CARTESIAN_POINT('',(-2.096,1.402,0.0));
#1533=DIRECTION('',(0.0,1.0,0.0));
#1534=DIRECTION('',(0.,0.,1.));
#1535=FACE_OUTER_BOUND('',#1536,.T.);
#1536=EDGE_LOOP('',(#1537,#1547,#1557,#1567));
#1540=CARTESIAN_POINT('',(-2.553,1.402,0.0));
#1539=VERTEX_POINT('',#1540);
#1538=EDGE_CURVE('',#1539,#1490,#1543,.T.);
#1543=LINE('',#1540,#1545);
#1545=VECTOR('',#1546,0.4572);
#1546=DIRECTION('',(1.0,0.0,0.0));
#1537=ORIENTED_EDGE('',*,*,#1538,.F.);
#1550=CARTESIAN_POINT('',(-2.553,1.402,0.051));
#1549=VERTEX_POINT('',#1550);
#1548=EDGE_CURVE('',#1549,#1539,#1553,.T.);
#1553=LINE('',#1550,#1555);
#1555=VECTOR('',#1556,0.0508);
#1556=DIRECTION('',(0.0,0.0,-1.0));
#1547=ORIENTED_EDGE('',*,*,#1548,.F.);
#1558=EDGE_CURVE('',#1500,#1549,#1563,.T.);
#1563=LINE('',#1501,#1565);
#1565=VECTOR('',#1566,0.4572);
#1566=DIRECTION('',(-1.0,0.0,0.0));
#1557=ORIENTED_EDGE('',*,*,#1558,.F.);
#1567=ORIENTED_EDGE('',*,*,#1499,.T.);
#1577=STYLED_ITEM('',(#34),#1578);
#1578=ADVANCED_FACE('',(#1584),#1579,.T.);
#1579=PLANE('',#1580);
#1580=AXIS2_PLACEMENT_3D('',#1581,#1582,#1583);
#1581=CARTESIAN_POINT('',(-2.553,1.402,0.0));
#1582=DIRECTION('',(-1.0,0.0,0.0));
#1583=DIRECTION('',(0.,0.,1.));
#1584=FACE_OUTER_BOUND('',#1585,.T.);
#1585=EDGE_LOOP('',(#1586,#1596,#1606,#1616));
#1587=EDGE_CURVE('',#1443,#1539,#1592,.T.);
#1592=LINE('',#1444,#1594);
#1594=VECTOR('',#1595,0.3048);
#1595=DIRECTION('',(0.0,1.0,0.0));
#1586=ORIENTED_EDGE('',*,*,#1587,.F.);
#1596=ORIENTED_EDGE('',*,*,#1470,.T.);
#1607=EDGE_CURVE('',#1549,#1461,#1612,.T.);
#1612=LINE('',#1550,#1614);
#1614=VECTOR('',#1615,0.3048);
#1615=DIRECTION('',(0.0,-1.0,0.0));
#1606=ORIENTED_EDGE('',*,*,#1607,.F.);
#1616=ORIENTED_EDGE('',*,*,#1548,.T.);
#1626=STYLED_ITEM('',(#34),#1627);
#1627=ADVANCED_FACE('',(#1633),#1628,.T.);
#1628=PLANE('',#1629);
#1629=AXIS2_PLACEMENT_3D('',#1630,#1631,#1632);
#1630=CARTESIAN_POINT('',(-2.553,1.402,0.0));
#1631=DIRECTION('',(0.0,0.0,-1.0));
#1632=DIRECTION('',(0.,1.,0.));
#1633=FACE_OUTER_BOUND('',#1634,.T.);
#1634=EDGE_LOOP('',(#1635,#1645,#1655,#1665));
#1635=ORIENTED_EDGE('',*,*,#1538,.T.);
#1645=ORIENTED_EDGE('',*,*,#1489,.T.);
#1655=ORIENTED_EDGE('',*,*,#1440,.T.);
#1665=ORIENTED_EDGE('',*,*,#1587,.T.);
#1675=STYLED_ITEM('',(#34),#1676);
#1676=ADVANCED_FACE('',(#1682),#1677,.T.);
#1677=PLANE('',#1678);
#1678=AXIS2_PLACEMENT_3D('',#1679,#1680,#1681);
#1679=CARTESIAN_POINT('',(-2.553,1.098,0.051));
#1680=DIRECTION('',(0.0,0.0,1.0));
#1681=DIRECTION('',(0.,1.,0.));
#1682=FACE_OUTER_BOUND('',#1683,.T.);
#1683=EDGE_LOOP('',(#1684,#1694,#1704,#1714));
#1684=ORIENTED_EDGE('',*,*,#1460,.T.);
#1694=ORIENTED_EDGE('',*,*,#1509,.T.);
#1704=ORIENTED_EDGE('',*,*,#1558,.T.);
#1714=ORIENTED_EDGE('',*,*,#1607,.T.);
#1724=MANIFOLD_SOLID_BREP($,#1725);
#1725=CLOSED_SHELL('',(#1727,#1776,#1825,#1874,#1923,#1972));
#1726=STYLED_ITEM('',(#34),#1727);
#1727=ADVANCED_FACE('',(#1733),#1728,.T.);
#1728=PLANE('',#1729);
#1729=AXIS2_PLACEMENT_3D('',#1730,#1731,#1732);
#1730=CARTESIAN_POINT('',(-2.553,0.598,0.0));
#1731=DIRECTION('',(0.0,-1.0,0.0));
#1732=DIRECTION('',(0.,0.,1.));
#1733=FACE_OUTER_BOUND('',#1734,.T.);
#1734=EDGE_LOOP('',(#1735,#1745,#1755,#1765));
#1738=CARTESIAN_POINT('',(-2.096,0.598,0.0));
#1737=VERTEX_POINT('',#1738);
#1740=CARTESIAN_POINT('',(-2.553,0.598,0.0));
#1739=VERTEX_POINT('',#1740);
#1736=EDGE_CURVE('',#1737,#1739,#1741,.T.);
#1741=LINE('',#1738,#1743);
#1743=VECTOR('',#1744,0.4572);
#1744=DIRECTION('',(-1.0,0.0,0.0));
#1735=ORIENTED_EDGE('',*,*,#1736,.F.);
#1748=CARTESIAN_POINT('',(-2.096,0.598,0.051));
#1747=VERTEX_POINT('',#1748);
#1746=EDGE_CURVE('',#1747,#1737,#1751,.T.);
#1751=LINE('',#1748,#1753);
#1753=VECTOR('',#1754,0.0508);
#1754=DIRECTION('',(0.0,0.0,-1.0));
#1745=ORIENTED_EDGE('',*,*,#1746,.F.);
#1758=CARTESIAN_POINT('',(-2.553,0.598,0.051));
#1757=VERTEX_POINT('',#1758);
#1756=EDGE_CURVE('',#1757,#1747,#1761,.T.);
#1761=LINE('',#1758,#1763);
#1763=VECTOR('',#1764,0.4572);
#1764=DIRECTION('',(1.0,0.0,0.0));
#1755=ORIENTED_EDGE('',*,*,#1756,.F.);
#1766=EDGE_CURVE('',#1739,#1757,#1771,.T.);
#1771=LINE('',#1740,#1773);
#1773=VECTOR('',#1774,0.0508);
#1774=DIRECTION('',(0.0,0.0,1.0));
#1765=ORIENTED_EDGE('',*,*,#1766,.F.);
#1775=STYLED_ITEM('',(#34),#1776);
#1776=ADVANCED_FACE('',(#1782),#1777,.T.);
#1777=PLANE('',#1778);
#1778=AXIS2_PLACEMENT_3D('',#1779,#1780,#1781);
#1779=CARTESIAN_POINT('',(-2.096,0.598,0.0));
#1780=DIRECTION('',(1.0,0.0,0.0));
#1781=DIRECTION('',(0.,0.,1.));
#1782=FACE_OUTER_BOUND('',#1783,.T.);
#1783=EDGE_LOOP('',(#1784,#1794,#1804,#1814));
#1787=CARTESIAN_POINT('',(-2.096,0.902,0.0));
#1786=VERTEX_POINT('',#1787);
#1785=EDGE_CURVE('',#1786,#1737,#1790,.T.);
#1790=LINE('',#1787,#1792);
#1792=VECTOR('',#1793,0.3048);
#1793=DIRECTION('',(0.0,-1.0,0.0));
#1784=ORIENTED_EDGE('',*,*,#1785,.F.);
#1797=CARTESIAN_POINT('',(-2.096,0.902,0.051));
#1796=VERTEX_POINT('',#1797);
#1795=EDGE_CURVE('',#1796,#1786,#1800,.T.);
#1800=LINE('',#1797,#1802);
#1802=VECTOR('',#1803,0.0508);
#1803=DIRECTION('',(0.0,0.0,-1.0));
#1794=ORIENTED_EDGE('',*,*,#1795,.F.);
#1805=EDGE_CURVE('',#1747,#1796,#1810,.T.);
#1810=LINE('',#1748,#1812);
#1812=VECTOR('',#1813,0.3048);
#1813=DIRECTION('',(0.0,1.0,0.0));
#1804=ORIENTED_EDGE('',*,*,#1805,.F.);
#1814=ORIENTED_EDGE('',*,*,#1746,.T.);
#1824=STYLED_ITEM('',(#34),#1825);
#1825=ADVANCED_FACE('',(#1831),#1826,.T.);
#1826=PLANE('',#1827);
#1827=AXIS2_PLACEMENT_3D('',#1828,#1829,#1830);
#1828=CARTESIAN_POINT('',(-2.096,0.902,0.0));
#1829=DIRECTION('',(0.0,1.0,0.0));
#1830=DIRECTION('',(0.,0.,1.));
#1831=FACE_OUTER_BOUND('',#1832,.T.);
#1832=EDGE_LOOP('',(#1833,#1843,#1853,#1863));
#1836=CARTESIAN_POINT('',(-2.553,0.902,0.0));
#1835=VERTEX_POINT('',#1836);
#1834=EDGE_CURVE('',#1835,#1786,#1839,.T.);
#1839=LINE('',#1836,#1841);
#1841=VECTOR('',#1842,0.4572);
#1842=DIRECTION('',(1.0,0.0,0.0));
#1833=ORIENTED_EDGE('',*,*,#1834,.F.);
#1846=CARTESIAN_POINT('',(-2.553,0.902,0.051));
#1845=VERTEX_POINT('',#1846);
#1844=EDGE_CURVE('',#1845,#1835,#1849,.T.);
#1849=LINE('',#1846,#1851);
#1851=VECTOR('',#1852,0.0508);
#1852=DIRECTION('',(0.0,0.0,-1.0));
#1843=ORIENTED_EDGE('',*,*,#1844,.F.);
#1854=EDGE_CURVE('',#1796,#1845,#1859,.T.);
#1859=LINE('',#1797,#1861);
#1861=VECTOR('',#1862,0.4572);
#1862=DIRECTION('',(-1.0,0.0,0.0));
#1853=ORIENTED_EDGE('',*,*,#1854,.F.);
#1863=ORIENTED_EDGE('',*,*,#1795,.T.);
#1873=STYLED_ITEM('',(#34),#1874);
#1874=ADVANCED_FACE('',(#1880),#1875,.T.);
#1875=PLANE('',#1876);
#1876=AXIS2_PLACEMENT_3D('',#1877,#1878,#1879);
#1877=CARTESIAN_POINT('',(-2.553,0.902,0.0));
#1878=DIRECTION('',(-1.0,0.0,0.0));
#1879=DIRECTION('',(0.,0.,1.));
#1880=FACE_OUTER_BOUND('',#1881,.T.);
#1881=EDGE_LOOP('',(#1882,#1892,#1902,#1912));
#1883=EDGE_CURVE('',#1739,#1835,#1888,.T.);
#1888=LINE('',#1740,#1890);
#1890=VECTOR('',#1891,0.3048);
#1891=DIRECTION('',(0.0,1.0,0.0));
#1882=ORIENTED_EDGE('',*,*,#1883,.F.);
#1892=ORIENTED_EDGE('',*,*,#1766,.T.);
#1903=EDGE_CURVE('',#1845,#1757,#1908,.T.);
#1908=LINE('',#1846,#1910);
#1910=VECTOR('',#1911,0.3048);
#1911=DIRECTION('',(0.0,-1.0,0.0));
#1902=ORIENTED_EDGE('',*,*,#1903,.F.);
#1912=ORIENTED_EDGE('',*,*,#1844,.T.);
#1922=STYLED_ITEM('',(#34),#1923);
#1923=ADVANCED_FACE('',(#1929),#1924,.T.);
#1924=PLANE('',#1925);
#1925=AXIS2_PLACEMENT_3D('',#1926,#1927,#1928);
#1926=CARTESIAN_POINT('',(-2.553,0.902,0.0));
#1927=DIRECTION('',(0.0,0.0,-1.0));
#1928=DIRECTION('',(0.,1.,0.));
#1929=FACE_OUTER_BOUND('',#1930,.T.);
#1930=EDGE_LOOP('',(#1931,#1941,#1951,#1961));
#1931=ORIENTED_EDGE('',*,*,#1834,.T.);
#1941=ORIENTED_EDGE('',*,*,#1785,.T.);
#1951=ORIENTED_EDGE('',*,*,#1736,.T.);
#1961=ORIENTED_EDGE('',*,*,#1883,.T.);
#1971=STYLED_ITEM('',(#34),#1972);
#1972=ADVANCED_FACE('',(#1978),#1973,.T.);
#1973=PLANE('',#1974);
#1974=AXIS2_PLACEMENT_3D('',#1975,#1976,#1977);
#1975=CARTESIAN_POINT('',(-2.553,0.598,0.051));
#1976=DIRECTION('',(0.0,0.0,1.0));
#1977=DIRECTION('',(0.,1.,0.));
#1978=FACE_OUTER_BOUND('',#1979,.T.);
#1979=EDGE_LOOP('',(#1980,#1990,#2000,#2010));
#1980=ORIENTED_EDGE('',*,*,#1756,.T.);
#1990=ORIENTED_EDGE('',*,*,#1805,.T.);
#2000=ORIENTED_EDGE('',*,*,#1854,.T.);
#2010=ORIENTED_EDGE('',*,*,#1903,.T.);
#2020=MANIFOLD_SOLID_BREP($,#2021);
#2021=CLOSED_SHELL('',(#2023,#2072,#2121,#2170,#2219,#2268));
#2022=STYLED_ITEM('',(#34),#2023);
#2023=ADVANCED_FACE('',(#2029),#2024,.T.);
#2024=PLANE('',#2025);
#2025=AXIS2_PLACEMENT_3D('',#2026,#2027,#2028);
#2026=CARTESIAN_POINT('',(-2.553,0.098,0.0));
#2027=DIRECTION('',(0.0,-1.0,0.0));
#2028=DIRECTION('',(0.,0.,1.));
#2029=FACE_OUTER_BOUND('',#2030,.T.);
#2030=EDGE_LOOP('',(#2031,#2041,#2051,#2061));
#2034=CARTESIAN_POINT('',(-2.096,0.098,0.0));
#2033=VERTEX_POINT('',#2034);
#2036=CARTESIAN_POINT('',(-2.553,0.098,0.0));
#2035=VERTEX_POINT('',#2036);
#2032=EDGE_CURVE('',#2033,#2035,#2037,.T.);
#2037=LINE('',#2034,#2039);
#2039=VECTOR('',#2040,0.4572);
#2040=DIRECTION('',(-1.0,0.0,0.0));
#2031=ORIENTED_EDGE('',*,*,#2032,.F.);
#2044=CARTESIAN_POINT('',(-2.096,0.098,0.051));
#2043=VERTEX_POINT('',#2044);
#2042=EDGE_CURVE('',#2043,#2033,#2047,.T.);
#2047=LINE('',#2044,#2049);
#2049=VECTOR('',#2050,0.0508);
#2050=DIRECTION('',(0.0,0.0,-1.0));
#2041=ORIENTED_EDGE('',*,*,#2042,.F.);
#2054=CARTESIAN_POINT('',(-2.553,0.098,0.051));
#2053=VERTEX_POINT('',#2054);
#2052=EDGE_CURVE('',#2053,#2043,#2057,.T.);
#2057=LINE('',#2054,#2059);
#2059=VECTOR('',#2060,0.4572);
#2060=DIRECTION('',(1.0,0.0,0.0));
#2051=ORIENTED_EDGE('',*,*,#2052,.F.);
#2062=EDGE_CURVE('',#2035,#2053,#2067,.T.);
#2067=LINE('',#2036,#2069);
#2069=VECTOR('',#2070,0.0508);
#2070=DIRECTION('',(0.0,0.0,1.0));
#2061=ORIENTED_EDGE('',*,*,#2062,.F.);
#2071=STYLED_ITEM('',(#34),#2072);
#2072=ADVANCED_FACE('',(#2078),#2073,.T.);
#2073=PLANE('',#2074);
#2074=AXIS2_PLACEMENT_3D('',#2075,#2076,#2077);
#2075=CARTESIAN_POINT('',(-2.096,0.098,0.0));
#2076=DIRECTION('',(1.0,0.0,0.0));
#2077=DIRECTION('',(0.,0.,1.));
#2078=FACE_OUTER_BOUND('',#2079,.T.);
#2079=EDGE_LOOP('',(#2080,#2090,#2100,#2110));
#2083=CARTESIAN_POINT('',(-2.096,0.402,0.0));
#2082=VERTEX_POINT('',#2083);
#2081=EDGE_CURVE('',#2082,#2033,#2086,.T.);
#2086=LINE('',#2083,#2088);
#2088=VECTOR('',#2089,0.3048);
#2089=DIRECTION('',(0.0,-1.0,0.0));
#2080=ORIENTED_EDGE('',*,*,#2081,.F.);
#2093=CARTESIAN_POINT('',(-2.096,0.402,0.051));
#2092=VERTEX_POINT('',#2093);
#2091=EDGE_CURVE('',#2092,#2082,#2096,.T.);
#2096=LINE('',#2093,#2098);
#2098=VECTOR('',#2099,0.0508);
#2099=DIRECTION('',(0.0,0.0,-1.0));
#2090=ORIENTED_EDGE('',*,*,#2091,.F.);
#2101=EDGE_CURVE('',#2043,#2092,#2106,.T.);
#2106=LINE('',#2044,#2108);
#2108=VECTOR('',#2109,0.3048);
#2109=DIRECTION('',(0.0,1.0,0.0));
#2100=ORIENTED_EDGE('',*,*,#2101,.F.);
#2110=ORIENTED_EDGE('',*,*,#2042,.T.);
#2120=STYLED_ITEM('',(#34),#2121);
#2121=ADVANCED_FACE('',(#2127),#2122,.T.);
#2122=PLANE('',#2123);
#2123=AXIS2_PLACEMENT_3D('',#2124,#2125,#2126);
#2124=CARTESIAN_POINT('',(-2.096,0.402,0.0));
#2125=DIRECTION('',(0.0,1.0,0.0));
#2126=DIRECTION('',(0.,0.,1.));
#2127=FACE_OUTER_BOUND('',#2128,.T.);
#2128=EDGE_LOOP('',(#2129,#2139,#2149,#2159));
#2132=CARTESIAN_POINT('',(-2.553,0.402,0.0));
#2131=VERTEX_POINT('',#2132);
#2130=EDGE_CURVE('',#2131,#2082,#2135,.T.);
#2135=LINE('',#2132,#2137);
#2137=VECTOR('',#2138,0.4572);
#2138=DIRECTION('',(1.0,0.0,0.0));
#2129=ORIENTED_EDGE('',*,*,#2130,.F.);
#2142=CARTESIAN_POINT('',(-2.553,0.402,0.051));
#2141=VERTEX_POINT('',#2142);
#2140=EDGE_CURVE('',#2141,#2131,#2145,.T.);
#2145=LINE('',#2142,#2147);
#2147=VECTOR('',#2148,0.0508);
#2148=DIRECTION('',(0.0,0.0,-1.0));
#2139=ORIENTED_EDGE('',*,*,#2140,.F.);
#2150=EDGE_CURVE('',#2092,#2141,#2155,.T.);
#2155=LINE('',#2093,#2157);
#2157=VECTOR('',#2158,0.4572);
#2158=DIRECTION('',(-1.0,0.0,0.0));
#2149=ORIENTED_EDGE('',*,*,#2150,.F.);
#2159=ORIENTED_EDGE('',*,*,#2091,.T.);
#2169=STYLED_ITEM('',(#34),#2170);
#2170=ADVANCED_FACE('',(#2176),#2171,.T.);
#2171=PLANE('',#2172);
#2172=AXIS2_PLACEMENT_3D('',#2173,#2174,#2175);
#2173=CARTESIAN_POINT('',(-2.553,0.402,0.0));
#2174=DIRECTION('',(-1.0,0.0,0.0));
#2175=DIRECTION('',(0.,0.,1.));
#2176=FACE_OUTER_BOUND('',#2177,.T.);
#2177=EDGE_LOOP('',(#2178,#2188,#2198,#2208));
#2179=EDGE_CURVE('',#2035,#2131,#2184,.T.);
#2184=LINE('',#2036,#2186);
#2186=VECTOR('',#2187,0.3048);
#2187=DIRECTION('',(0.0,1.0,0.0));
#2178=ORIENTED_EDGE('',*,*,#2179,.F.);
#2188=ORIENTED_EDGE('',*,*,#2062,.T.);
#2199=EDGE_CURVE('',#2141,#2053,#2204,.T.);
#2204=LINE('',#2142,#2206);
#2206=VECTOR('',#2207,0.3048);
#2207=DIRECTION('',(0.0,-1.0,0.0));
#2198=ORIENTED_EDGE('',*,*,#2199,.F.);
#2208=ORIENTED_EDGE('',*,*,#2140,.T.);
#2218=STYLED_ITEM('',(#34),#2219);
#2219=ADVANCED_FACE('',(#2225),#2220,.T.);
#2220=PLANE('',#2221);
#2221=AXIS2_PLACEMENT_3D('',#2222,#2223,#2224);
#2222=CARTESIAN_POINT('',(-2.553,0.402,0.0));
#2223=DIRECTION('',(0.0,0.0,-1.0));
#2224=DIRECTION('',(0.,1.,0.));
#2225=FACE_OUTER_BOUND('',#2226,.T.);
#2226=EDGE_LOOP('',(#2227,#2237,#2247,#2257));
#2227=ORIENTED_EDGE('',*,*,#2130,.T.);
#2237=ORIENTED_EDGE('',*,*,#2081,.T.);
#2247=ORIENTED_EDGE('',*,*,#2032,.T.);
#2257=ORIENTED_EDGE('',*,*,#2179,.T.);
#2267=STYLED_ITEM('',(#34),#2268);
#2268=ADVANCED_FACE('',(#2274),#2269,.T.);
#2269=PLANE('',#2270);
#2270=AXIS2_PLACEMENT_3D('',#2271,#2272,#2273);
#2271=CARTESIAN_POINT('',(-2.553,0.098,0.051));
#2272=DIRECTION('',(0.0,0.0,1.0));
#2273=DIRECTION('',(0.,1.,0.));
#2274=FACE_OUTER_BOUND('',#2275,.T.);
#2275=EDGE_LOOP('',(#2276,#2286,#2296,#2306));
#2276=ORIENTED_EDGE('',*,*,#2052,.T.);
#2286=ORIENTED_EDGE('',*,*,#2101,.T.);
#2296=ORIENTED_EDGE('',*,*,#2150,.T.);
#2306=ORIENTED_EDGE('',*,*,#2199,.T.);
#2316=MANIFOLD_SOLID_BREP($,#2317);
#2317=CLOSED_SHELL('',(#2319,#2368,#2417,#2466,#2515,#2564));
#2318=STYLED_ITEM('',(#34),#2319);
#2319=ADVANCED_FACE('',(#2325),#2320,.T.);
#2320=PLANE('',#2321);
#2321=AXIS2_PLACEMENT_3D('',#2322,#2323,#2324);
#2322=CARTESIAN_POINT('',(-2.553,-0.402,0.0));
#2323=DIRECTION('',(0.0,-1.0,0.0));
#2324=DIRECTION('',(0.,0.,1.));
#2325=FACE_OUTER_BOUND('',#2326,.T.);
#2326=EDGE_LOOP('',(#2327,#2337,#2347,#2357));
#2330=CARTESIAN_POINT('',(-2.096,-0.402,0.0));
#2329=VERTEX_POINT('',#2330);
#2332=CARTESIAN_POINT('',(-2.553,-0.402,0.0));
#2331=VERTEX_POINT('',#2332);
#2328=EDGE_CURVE('',#2329,#2331,#2333,.T.);
#2333=LINE('',#2330,#2335);
#2335=VECTOR('',#2336,0.4572);
#2336=DIRECTION('',(-1.0,0.0,0.0));
#2327=ORIENTED_EDGE('',*,*,#2328,.F.);
#2340=CARTESIAN_POINT('',(-2.096,-0.402,0.051));
#2339=VERTEX_POINT('',#2340);
#2338=EDGE_CURVE('',#2339,#2329,#2343,.T.);
#2343=LINE('',#2340,#2345);
#2345=VECTOR('',#2346,0.0508);
#2346=DIRECTION('',(0.0,0.0,-1.0));
#2337=ORIENTED_EDGE('',*,*,#2338,.F.);
#2350=CARTESIAN_POINT('',(-2.553,-0.402,0.051));
#2349=VERTEX_POINT('',#2350);
#2348=EDGE_CURVE('',#2349,#2339,#2353,.T.);
#2353=LINE('',#2350,#2355);
#2355=VECTOR('',#2356,0.4572);
#2356=DIRECTION('',(1.0,0.0,0.0));
#2347=ORIENTED_EDGE('',*,*,#2348,.F.);
#2358=EDGE_CURVE('',#2331,#2349,#2363,.T.);
#2363=LINE('',#2332,#2365);
#2365=VECTOR('',#2366,0.0508);
#2366=DIRECTION('',(0.0,0.0,1.0));
#2357=ORIENTED_EDGE('',*,*,#2358,.F.);
#2367=STYLED_ITEM('',(#34),#2368);
#2368=ADVANCED_FACE('',(#2374),#2369,.T.);
#2369=PLANE('',#2370);
#2370=AXIS2_PLACEMENT_3D('',#2371,#2372,#2373);
#2371=CARTESIAN_POINT('',(-2.096,-0.402,0.0));
#2372=DIRECTION('',(1.0,0.0,0.0));
#2373=DIRECTION('',(0.,0.,1.));
#2374=FACE_OUTER_BOUND('',#2375,.T.);
#2375=EDGE_LOOP('',(#2376,#2386,#2396,#2406));
#2379=CARTESIAN_POINT('',(-2.096,-0.098,0.0));
#2378=VERTEX_POINT('',#2379);
#2377=EDGE_CURVE('',#2378,#2329,#2382,.T.);
#2382=LINE('',#2379,#2384);
#2384=VECTOR('',#2385,0.3048);
#2385=DIRECTION('',(0.0,-1.0,0.0));
#2376=ORIENTED_EDGE('',*,*,#2377,.F.);
#2389=CARTESIAN_POINT('',(-2.096,-0.098,0.051));
#2388=VERTEX_POINT('',#2389);
#2387=EDGE_CURVE('',#2388,#2378,#2392,.T.);
#2392=LINE('',#2389,#2394);
#2394=VECTOR('',#2395,0.0508);
#2395=DIRECTION('',(0.0,0.0,-1.0));
#2386=ORIENTED_EDGE('',*,*,#2387,.F.);
#2397=EDGE_CURVE('',#2339,#2388,#2402,.T.);
#2402=LINE('',#2340,#2404);
#2404=VECTOR('',#2405,0.3048);
#2405=DIRECTION('',(0.0,1.0,0.0));
#2396=ORIENTED_EDGE('',*,*,#2397,.F.);
#2406=ORIENTED_EDGE('',*,*,#2338,.T.);
#2416=STYLED_ITEM('',(#34),#2417);
#2417=ADVANCED_FACE('',(#2423),#2418,.T.);
#2418=PLANE('',#2419);
#2419=AXIS2_PLACEMENT_3D('',#2420,#2421,#2422);
#2420=CARTESIAN_POINT('',(-2.096,-0.098,0.0));
#2421=DIRECTION('',(0.0,1.0,0.0));
#2422=DIRECTION('',(0.,0.,1.));
#2423=FACE_OUTER_BOUND('',#2424,.T.);
#2424=EDGE_LOOP('',(#2425,#2435,#2445,#2455));
#2428=CARTESIAN_POINT('',(-2.553,-0.098,0.0));
#2427=VERTEX_POINT('',#2428);
#2426=EDGE_CURVE('',#2427,#2378,#2431,.T.);
#2431=LINE('',#2428,#2433);
#2433=VECTOR('',#2434,0.4572);
#2434=DIRECTION('',(1.0,0.0,0.0));
#2425=ORIENTED_EDGE('',*,*,#2426,.F.);
#2438=CARTESIAN_POINT('',(-2.553,-0.098,0.051));
#2437=VERTEX_POINT('',#2438);
#2436=EDGE_CURVE('',#2437,#2427,#2441,.T.);
#2441=LINE('',#2438,#2443);
#2443=VECTOR('',#2444,0.0508);
#2444=DIRECTION('',(0.0,0.0,-1.0));
#2435=ORIENTED_EDGE('',*,*,#2436,.F.);
#2446=EDGE_CURVE('',#2388,#2437,#2451,.T.);
#2451=LINE('',#2389,#2453);
#2453=VECTOR('',#2454,0.4572);
#2454=DIRECTION('',(-1.0,0.0,0.0));
#2445=ORIENTED_EDGE('',*,*,#2446,.F.);
#2455=ORIENTED_EDGE('',*,*,#2387,.T.);
#2465=STYLED_ITEM('',(#34),#2466);
#2466=ADVANCED_FACE('',(#2472),#2467,.T.);
#2467=PLANE('',#2468);
#2468=AXIS2_PLACEMENT_3D('',#2469,#2470,#2471);
#2469=CARTESIAN_POINT('',(-2.553,-0.098,0.0));
#2470=DIRECTION('',(-1.0,0.0,0.0));
#2471=DIRECTION('',(0.,0.,1.));
#2472=FACE_OUTER_BOUND('',#2473,.T.);
#2473=EDGE_LOOP('',(#2474,#2484,#2494,#2504));
#2475=EDGE_CURVE('',#2331,#2427,#2480,.T.);
#2480=LINE('',#2332,#2482);
#2482=VECTOR('',#2483,0.3048);
#2483=DIRECTION('',(0.0,1.0,0.0));
#2474=ORIENTED_EDGE('',*,*,#2475,.F.);
#2484=ORIENTED_EDGE('',*,*,#2358,.T.);
#2495=EDGE_CURVE('',#2437,#2349,#2500,.T.);
#2500=LINE('',#2438,#2502);
#2502=VECTOR('',#2503,0.3048);
#2503=DIRECTION('',(0.0,-1.0,0.0));
#2494=ORIENTED_EDGE('',*,*,#2495,.F.);
#2504=ORIENTED_EDGE('',*,*,#2436,.T.);
#2514=STYLED_ITEM('',(#34),#2515);
#2515=ADVANCED_FACE('',(#2521),#2516,.T.);
#2516=PLANE('',#2517);
#2517=AXIS2_PLACEMENT_3D('',#2518,#2519,#2520);
#2518=CARTESIAN_POINT('',(-2.553,-0.098,0.0));
#2519=DIRECTION('',(0.0,0.0,-1.0));
#2520=DIRECTION('',(0.,1.,0.));
#2521=FACE_OUTER_BOUND('',#2522,.T.);
#2522=EDGE_LOOP('',(#2523,#2533,#2543,#2553));
#2523=ORIENTED_EDGE('',*,*,#2426,.T.);
#2533=ORIENTED_EDGE('',*,*,#2377,.T.);
#2543=ORIENTED_EDGE('',*,*,#2328,.T.);
#2553=ORIENTED_EDGE('',*,*,#2475,.T.);
#2563=STYLED_ITEM('',(#34),#2564);
#2564=ADVANCED_FACE('',(#2570),#2565,.T.);
#2565=PLANE('',#2566);
#2566=AXIS2_PLACEMENT_3D('',#2567,#2568,#2569);
#2567=CARTESIAN_POINT('',(-2.553,-0.402,0.051));
#2568=DIRECTION('',(0.0,0.0,1.0));
#2569=DIRECTION('',(0.,1.,0.));
#2570=FACE_OUTER_BOUND('',#2571,.T.);
#2571=EDGE_LOOP('',(#2572,#2582,#2592,#2602));
#2572=ORIENTED_EDGE('',*,*,#2348,.T.);
#2582=ORIENTED_EDGE('',*,*,#2397,.T.);
#2592=ORIENTED_EDGE('',*,*,#2446,.T.);
#2602=ORIENTED_EDGE('',*,*,#2495,.T.);
#2612=MANIFOLD_SOLID_BREP($,#2613);
#2613=CLOSED_SHELL('',(#2615,#2664,#2713,#2762,#2811,#2860));
#2614=STYLED_ITEM('',(#34),#2615);
#2615=ADVANCED_FACE('',(#2621),#2616,.T.);
#2616=PLANE('',#2617);
#2617=AXIS2_PLACEMENT_3D('',#2618,#2619,#2620);
#2618=CARTESIAN_POINT('',(-2.553,-0.902,0.0));
#2619=DIRECTION('',(0.0,-1.0,0.0));
#2620=DIRECTION('',(0.,0.,1.));
#2621=FACE_OUTER_BOUND('',#2622,.T.);
#2622=EDGE_LOOP('',(#2623,#2633,#2643,#2653));
#2626=CARTESIAN_POINT('',(-2.096,-0.902,0.0));
#2625=VERTEX_POINT('',#2626);
#2628=CARTESIAN_POINT('',(-2.553,-0.902,0.0));
#2627=VERTEX_POINT('',#2628);
#2624=EDGE_CURVE('',#2625,#2627,#2629,.T.);
#2629=LINE('',#2626,#2631);
#2631=VECTOR('',#2632,0.4572);
#2632=DIRECTION('',(-1.0,0.0,0.0));
#2623=ORIENTED_EDGE('',*,*,#2624,.F.);
#2636=CARTESIAN_POINT('',(-2.096,-0.902,0.051));
#2635=VERTEX_POINT('',#2636);
#2634=EDGE_CURVE('',#2635,#2625,#2639,.T.);
#2639=LINE('',#2636,#2641);
#2641=VECTOR('',#2642,0.0508);
#2642=DIRECTION('',(0.0,0.0,-1.0));
#2633=ORIENTED_EDGE('',*,*,#2634,.F.);
#2646=CARTESIAN_POINT('',(-2.553,-0.902,0.051));
#2645=VERTEX_POINT('',#2646);
#2644=EDGE_CURVE('',#2645,#2635,#2649,.T.);
#2649=LINE('',#2646,#2651);
#2651=VECTOR('',#2652,0.4572);
#2652=DIRECTION('',(1.0,0.0,0.0));
#2643=ORIENTED_EDGE('',*,*,#2644,.F.);
#2654=EDGE_CURVE('',#2627,#2645,#2659,.T.);
#2659=LINE('',#2628,#2661);
#2661=VECTOR('',#2662,0.0508);
#2662=DIRECTION('',(0.0,0.0,1.0));
#2653=ORIENTED_EDGE('',*,*,#2654,.F.);
#2663=STYLED_ITEM('',(#34),#2664);
#2664=ADVANCED_FACE('',(#2670),#2665,.T.);
#2665=PLANE('',#2666);
#2666=AXIS2_PLACEMENT_3D('',#2667,#2668,#2669);
#2667=CARTESIAN_POINT('',(-2.096,-0.902,0.0));
#2668=DIRECTION('',(1.0,0.0,0.0));
#2669=DIRECTION('',(0.,0.,1.));
#2670=FACE_OUTER_BOUND('',#2671,.T.);
#2671=EDGE_LOOP('',(#2672,#2682,#2692,#2702));
#2675=CARTESIAN_POINT('',(-2.096,-0.598,0.0));
#2674=VERTEX_POINT('',#2675);
#2673=EDGE_CURVE('',#2674,#2625,#2678,.T.);
#2678=LINE('',#2675,#2680);
#2680=VECTOR('',#2681,0.3048);
#2681=DIRECTION('',(0.0,-1.0,0.0));
#2672=ORIENTED_EDGE('',*,*,#2673,.F.);
#2685=CARTESIAN_POINT('',(-2.096,-0.598,0.051));
#2684=VERTEX_POINT('',#2685);
#2683=EDGE_CURVE('',#2684,#2674,#2688,.T.);
#2688=LINE('',#2685,#2690);
#2690=VECTOR('',#2691,0.0508);
#2691=DIRECTION('',(0.0,0.0,-1.0));
#2682=ORIENTED_EDGE('',*,*,#2683,.F.);
#2693=EDGE_CURVE('',#2635,#2684,#2698,.T.);
#2698=LINE('',#2636,#2700);
#2700=VECTOR('',#2701,0.3048);
#2701=DIRECTION('',(0.0,1.0,0.0));
#2692=ORIENTED_EDGE('',*,*,#2693,.F.);
#2702=ORIENTED_EDGE('',*,*,#2634,.T.);
#2712=STYLED_ITEM('',(#34),#2713);
#2713=ADVANCED_FACE('',(#2719),#2714,.T.);
#2714=PLANE('',#2715);
#2715=AXIS2_PLACEMENT_3D('',#2716,#2717,#2718);
#2716=CARTESIAN_POINT('',(-2.096,-0.598,0.0));
#2717=DIRECTION('',(0.0,1.0,0.0));
#2718=DIRECTION('',(0.,0.,1.));
#2719=FACE_OUTER_BOUND('',#2720,.T.);
#2720=EDGE_LOOP('',(#2721,#2731,#2741,#2751));
#2724=CARTESIAN_POINT('',(-2.553,-0.598,0.0));
#2723=VERTEX_POINT('',#2724);
#2722=EDGE_CURVE('',#2723,#2674,#2727,.T.);
#2727=LINE('',#2724,#2729);
#2729=VECTOR('',#2730,0.4572);
#2730=DIRECTION('',(1.0,0.0,0.0));
#2721=ORIENTED_EDGE('',*,*,#2722,.F.);
#2734=CARTESIAN_POINT('',(-2.553,-0.598,0.051));
#2733=VERTEX_POINT('',#2734);
#2732=EDGE_CURVE('',#2733,#2723,#2737,.T.);
#2737=LINE('',#2734,#2739);
#2739=VECTOR('',#2740,0.0508);
#2740=DIRECTION('',(0.0,0.0,-1.0));
#2731=ORIENTED_EDGE('',*,*,#2732,.F.);
#2742=EDGE_CURVE('',#2684,#2733,#2747,.T.);
#2747=LINE('',#2685,#2749);
#2749=VECTOR('',#2750,0.4572);
#2750=DIRECTION('',(-1.0,0.0,0.0));
#2741=ORIENTED_EDGE('',*,*,#2742,.F.);
#2751=ORIENTED_EDGE('',*,*,#2683,.T.);
#2761=STYLED_ITEM('',(#34),#2762);
#2762=ADVANCED_FACE('',(#2768),#2763,.T.);
#2763=PLANE('',#2764);
#2764=AXIS2_PLACEMENT_3D('',#2765,#2766,#2767);
#2765=CARTESIAN_POINT('',(-2.553,-0.598,0.0));
#2766=DIRECTION('',(-1.0,0.0,0.0));
#2767=DIRECTION('',(0.,0.,1.));
#2768=FACE_OUTER_BOUND('',#2769,.T.);
#2769=EDGE_LOOP('',(#2770,#2780,#2790,#2800));
#2771=EDGE_CURVE('',#2627,#2723,#2776,.T.);
#2776=LINE('',#2628,#2778);
#2778=VECTOR('',#2779,0.3048);
#2779=DIRECTION('',(0.0,1.0,0.0));
#2770=ORIENTED_EDGE('',*,*,#2771,.F.);
#2780=ORIENTED_EDGE('',*,*,#2654,.T.);
#2791=EDGE_CURVE('',#2733,#2645,#2796,.T.);
#2796=LINE('',#2734,#2798);
#2798=VECTOR('',#2799,0.3048);
#2799=DIRECTION('',(0.0,-1.0,0.0));
#2790=ORIENTED_EDGE('',*,*,#2791,.F.);
#2800=ORIENTED_EDGE('',*,*,#2732,.T.);
#2810=STYLED_ITEM('',(#34),#2811);
#2811=ADVANCED_FACE('',(#2817),#2812,.T.);
#2812=PLANE('',#2813);
#2813=AXIS2_PLACEMENT_3D('',#2814,#2815,#2816);
#2814=CARTESIAN_POINT('',(-2.553,-0.598,0.0));
#2815=DIRECTION('',(0.0,0.0,-1.0));
#2816=DIRECTION('',(0.,1.,0.));
#2817=FACE_OUTER_BOUND('',#2818,.T.);
#2818=EDGE_LOOP('',(#2819,#2829,#2839,#2849));
#2819=ORIENTED_EDGE('',*,*,#2722,.T.);
#2829=ORIENTED_EDGE('',*,*,#2673,.T.);
#2839=ORIENTED_EDGE('',*,*,#2624,.T.);
#2849=ORIENTED_EDGE('',*,*,#2771,.T.);
#2859=STYLED_ITEM('',(#34),#2860);
#2860=ADVANCED_FACE('',(#2866),#2861,.T.);
#2861=PLANE('',#2862);
#2862=AXIS2_PLACEMENT_3D('',#2863,#2864,#2865);
#2863=CARTESIAN_POINT('',(-2.553,-0.902,0.051));
#2864=DIRECTION('',(0.0,0.0,1.0));
#2865=DIRECTION('',(0.,1.,0.));
#2866=FACE_OUTER_BOUND('',#2867,.T.);
#2867=EDGE_LOOP('',(#2868,#2878,#2888,#2898));
#2868=ORIENTED_EDGE('',*,*,#2644,.T.);
#2878=ORIENTED_EDGE('',*,*,#2693,.T.);
#2888=ORIENTED_EDGE('',*,*,#2742,.T.);
#2898=ORIENTED_EDGE('',*,*,#2791,.T.);
#2908=MANIFOLD_SOLID_BREP($,#2909);
#2909=CLOSED_SHELL('',(#2911,#2960,#3009,#3058,#3107,#3156));
#2910=STYLED_ITEM('',(#34),#2911);
#2911=ADVANCED_FACE('',(#2917),#2912,.T.);
#2912=PLANE('',#2913);
#2913=AXIS2_PLACEMENT_3D('',#2914,#2915,#2916);
#2914=CARTESIAN_POINT('',(-2.553,-1.402,0.0));
#2915=DIRECTION('',(0.0,-1.0,0.0));
#2916=DIRECTION('',(0.,0.,1.));
#2917=FACE_OUTER_BOUND('',#2918,.T.);
#2918=EDGE_LOOP('',(#2919,#2929,#2939,#2949));
#2922=CARTESIAN_POINT('',(-2.096,-1.402,0.0));
#2921=VERTEX_POINT('',#2922);
#2924=CARTESIAN_POINT('',(-2.553,-1.402,0.0));
#2923=VERTEX_POINT('',#2924);
#2920=EDGE_CURVE('',#2921,#2923,#2925,.T.);
#2925=LINE('',#2922,#2927);
#2927=VECTOR('',#2928,0.4572);
#2928=DIRECTION('',(-1.0,0.0,0.0));
#2919=ORIENTED_EDGE('',*,*,#2920,.F.);
#2932=CARTESIAN_POINT('',(-2.096,-1.402,0.051));
#2931=VERTEX_POINT('',#2932);
#2930=EDGE_CURVE('',#2931,#2921,#2935,.T.);
#2935=LINE('',#2932,#2937);
#2937=VECTOR('',#2938,0.0508);
#2938=DIRECTION('',(0.0,0.0,-1.0));
#2929=ORIENTED_EDGE('',*,*,#2930,.F.);
#2942=CARTESIAN_POINT('',(-2.553,-1.402,0.051));
#2941=VERTEX_POINT('',#2942);
#2940=EDGE_CURVE('',#2941,#2931,#2945,.T.);
#2945=LINE('',#2942,#2947);
#2947=VECTOR('',#2948,0.4572);
#2948=DIRECTION('',(1.0,0.0,0.0));
#2939=ORIENTED_EDGE('',*,*,#2940,.F.);
#2950=EDGE_CURVE('',#2923,#2941,#2955,.T.);
#2955=LINE('',#2924,#2957);
#2957=VECTOR('',#2958,0.0508);
#2958=DIRECTION('',(0.0,0.0,1.0));
#2949=ORIENTED_EDGE('',*,*,#2950,.F.);
#2959=STYLED_ITEM('',(#34),#2960);
#2960=ADVANCED_FACE('',(#2966),#2961,.T.);
#2961=PLANE('',#2962);
#2962=AXIS2_PLACEMENT_3D('',#2963,#2964,#2965);
#2963=CARTESIAN_POINT('',(-2.096,-1.402,0.0));
#2964=DIRECTION('',(1.0,0.0,0.0));
#2965=DIRECTION('',(0.,0.,1.));
#2966=FACE_OUTER_BOUND('',#2967,.T.);
#2967=EDGE_LOOP('',(#2968,#2978,#2988,#2998));
#2971=CARTESIAN_POINT('',(-2.096,-1.098,0.0));
#2970=VERTEX_POINT('',#2971);
#2969=EDGE_CURVE('',#2970,#2921,#2974,.T.);
#2974=LINE('',#2971,#2976);
#2976=VECTOR('',#2977,0.3048);
#2977=DIRECTION('',(0.0,-1.0,0.0));
#2968=ORIENTED_EDGE('',*,*,#2969,.F.);
#2981=CARTESIAN_POINT('',(-2.096,-1.098,0.051));
#2980=VERTEX_POINT('',#2981);
#2979=EDGE_CURVE('',#2980,#2970,#2984,.T.);
#2984=LINE('',#2981,#2986);
#2986=VECTOR('',#2987,0.0508);
#2987=DIRECTION('',(0.0,0.0,-1.0));
#2978=ORIENTED_EDGE('',*,*,#2979,.F.);
#2989=EDGE_CURVE('',#2931,#2980,#2994,.T.);
#2994=LINE('',#2932,#2996);
#2996=VECTOR('',#2997,0.3048);
#2997=DIRECTION('',(0.0,1.0,0.0));
#2988=ORIENTED_EDGE('',*,*,#2989,.F.);
#2998=ORIENTED_EDGE('',*,*,#2930,.T.);
#3008=STYLED_ITEM('',(#34),#3009);
#3009=ADVANCED_FACE('',(#3015),#3010,.T.);
#3010=PLANE('',#3011);
#3011=AXIS2_PLACEMENT_3D('',#3012,#3013,#3014);
#3012=CARTESIAN_POINT('',(-2.096,-1.098,0.0));
#3013=DIRECTION('',(0.0,1.0,0.0));
#3014=DIRECTION('',(0.,0.,1.));
#3015=FACE_OUTER_BOUND('',#3016,.T.);
#3016=EDGE_LOOP('',(#3017,#3027,#3037,#3047));
#3020=CARTESIAN_POINT('',(-2.553,-1.098,0.0));
#3019=VERTEX_POINT('',#3020);
#3018=EDGE_CURVE('',#3019,#2970,#3023,.T.);
#3023=LINE('',#3020,#3025);
#3025=VECTOR('',#3026,0.4572);
#3026=DIRECTION('',(1.0,0.0,0.0));
#3017=ORIENTED_EDGE('',*,*,#3018,.F.);
#3030=CARTESIAN_POINT('',(-2.553,-1.098,0.051));
#3029=VERTEX_POINT('',#3030);
#3028=EDGE_CURVE('',#3029,#3019,#3033,.T.);
#3033=LINE('',#3030,#3035);
#3035=VECTOR('',#3036,0.0508);
#3036=DIRECTION('',(0.0,0.0,-1.0));
#3027=ORIENTED_EDGE('',*,*,#3028,.F.);
#3038=EDGE_CURVE('',#2980,#3029,#3043,.T.);
#3043=LINE('',#2981,#3045);
#3045=VECTOR('',#3046,0.4572);
#3046=DIRECTION('',(-1.0,0.0,0.0));
#3037=ORIENTED_EDGE('',*,*,#3038,.F.);
#3047=ORIENTED_EDGE('',*,*,#2979,.T.);
#3057=STYLED_ITEM('',(#34),#3058);
#3058=ADVANCED_FACE('',(#3064),#3059,.T.);
#3059=PLANE('',#3060);
#3060=AXIS2_PLACEMENT_3D('',#3061,#3062,#3063);
#3061=CARTESIAN_POINT('',(-2.553,-1.098,0.0));
#3062=DIRECTION('',(-1.0,0.0,0.0));
#3063=DIRECTION('',(0.,0.,1.));
#3064=FACE_OUTER_BOUND('',#3065,.T.);
#3065=EDGE_LOOP('',(#3066,#3076,#3086,#3096));
#3067=EDGE_CURVE('',#2923,#3019,#3072,.T.);
#3072=LINE('',#2924,#3074);
#3074=VECTOR('',#3075,0.3048);
#3075=DIRECTION('',(0.0,1.0,0.0));
#3066=ORIENTED_EDGE('',*,*,#3067,.F.);
#3076=ORIENTED_EDGE('',*,*,#2950,.T.);
#3087=EDGE_CURVE('',#3029,#2941,#3092,.T.);
#3092=LINE('',#3030,#3094);
#3094=VECTOR('',#3095,0.3048);
#3095=DIRECTION('',(0.0,-1.0,0.0));
#3086=ORIENTED_EDGE('',*,*,#3087,.F.);
#3096=ORIENTED_EDGE('',*,*,#3028,.T.);
#3106=STYLED_ITEM('',(#34),#3107);
#3107=ADVANCED_FACE('',(#3113),#3108,.T.);
#3108=PLANE('',#3109);
#3109=AXIS2_PLACEMENT_3D('',#3110,#3111,#3112);
#3110=CARTESIAN_POINT('',(-2.553,-1.098,0.0));
#3111=DIRECTION('',(0.0,0.0,-1.0));
#3112=DIRECTION('',(0.,1.,0.));
#3113=FACE_OUTER_BOUND('',#3114,.T.);
#3114=EDGE_LOOP('',(#3115,#3125,#3135,#3145));
#3115=ORIENTED_EDGE('',*,*,#3018,.T.);
#3125=ORIENTED_EDGE('',*,*,#2969,.T.);
#3135=ORIENTED_EDGE('',*,*,#2920,.T.);
#3145=ORIENTED_EDGE('',*,*,#3067,.T.);
#3155=STYLED_ITEM('',(#34),#3156);
#3156=ADVANCED_FACE('',(#3162),#3157,.T.);
#3157=PLANE('',#3158);
#3158=AXIS2_PLACEMENT_3D('',#3159,#3160,#3161);
#3159=CARTESIAN_POINT('',(-2.553,-1.402,0.051));
#3160=DIRECTION('',(0.0,0.0,1.0));
#3161=DIRECTION('',(0.,1.,0.));
#3162=FACE_OUTER_BOUND('',#3163,.T.);
#3163=EDGE_LOOP('',(#3164,#3174,#3184,#3194));
#3164=ORIENTED_EDGE('',*,*,#2940,.T.);
#3174=ORIENTED_EDGE('',*,*,#2989,.T.);
#3184=ORIENTED_EDGE('',*,*,#3038,.T.);
#3194=ORIENTED_EDGE('',*,*,#3087,.T.);
#3204=MANIFOLD_SOLID_BREP($,#3205);
#3205=CLOSED_SHELL('',(#3207,#3256,#3305,#3354,#3403,#3452));
#3206=STYLED_ITEM('',(#34),#3207);
#3207=ADVANCED_FACE('',(#3213),#3208,.T.);
#3208=PLANE('',#3209);
#3209=AXIS2_PLACEMENT_3D('',#3210,#3211,#3212);
#3210=CARTESIAN_POINT('',(-2.553,-1.902,0.0));
#3211=DIRECTION('',(0.0,-1.0,0.0));
#3212=DIRECTION('',(0.,0.,1.));
#3213=FACE_OUTER_BOUND('',#3214,.T.);
#3214=EDGE_LOOP('',(#3215,#3225,#3235,#3245));
#3218=CARTESIAN_POINT('',(-2.096,-1.902,0.0));
#3217=VERTEX_POINT('',#3218);
#3220=CARTESIAN_POINT('',(-2.553,-1.902,0.0));
#3219=VERTEX_POINT('',#3220);
#3216=EDGE_CURVE('',#3217,#3219,#3221,.T.);
#3221=LINE('',#3218,#3223);
#3223=VECTOR('',#3224,0.4572);
#3224=DIRECTION('',(-1.0,0.0,0.0));
#3215=ORIENTED_EDGE('',*,*,#3216,.F.);
#3228=CARTESIAN_POINT('',(-2.096,-1.902,0.051));
#3227=VERTEX_POINT('',#3228);
#3226=EDGE_CURVE('',#3227,#3217,#3231,.T.);
#3231=LINE('',#3228,#3233);
#3233=VECTOR('',#3234,0.0508);
#3234=DIRECTION('',(0.0,0.0,-1.0));
#3225=ORIENTED_EDGE('',*,*,#3226,.F.);
#3238=CARTESIAN_POINT('',(-2.553,-1.902,0.051));
#3237=VERTEX_POINT('',#3238);
#3236=EDGE_CURVE('',#3237,#3227,#3241,.T.);
#3241=LINE('',#3238,#3243);
#3243=VECTOR('',#3244,0.4572);
#3244=DIRECTION('',(1.0,0.0,0.0));
#3235=ORIENTED_EDGE('',*,*,#3236,.F.);
#3246=EDGE_CURVE('',#3219,#3237,#3251,.T.);
#3251=LINE('',#3220,#3253);
#3253=VECTOR('',#3254,0.0508);
#3254=DIRECTION('',(0.0,0.0,1.0));
#3245=ORIENTED_EDGE('',*,*,#3246,.F.);
#3255=STYLED_ITEM('',(#34),#3256);
#3256=ADVANCED_FACE('',(#3262),#3257,.T.);
#3257=PLANE('',#3258);
#3258=AXIS2_PLACEMENT_3D('',#3259,#3260,#3261);
#3259=CARTESIAN_POINT('',(-2.096,-1.902,0.0));
#3260=DIRECTION('',(1.0,0.0,0.0));
#3261=DIRECTION('',(0.,0.,1.));
#3262=FACE_OUTER_BOUND('',#3263,.T.);
#3263=EDGE_LOOP('',(#3264,#3274,#3284,#3294));
#3267=CARTESIAN_POINT('',(-2.096,-1.598,0.0));
#3266=VERTEX_POINT('',#3267);
#3265=EDGE_CURVE('',#3266,#3217,#3270,.T.);
#3270=LINE('',#3267,#3272);
#3272=VECTOR('',#3273,0.3048);
#3273=DIRECTION('',(0.0,-1.0,0.0));
#3264=ORIENTED_EDGE('',*,*,#3265,.F.);
#3277=CARTESIAN_POINT('',(-2.096,-1.598,0.051));
#3276=VERTEX_POINT('',#3277);
#3275=EDGE_CURVE('',#3276,#3266,#3280,.T.);
#3280=LINE('',#3277,#3282);
#3282=VECTOR('',#3283,0.0508);
#3283=DIRECTION('',(0.0,0.0,-1.0));
#3274=ORIENTED_EDGE('',*,*,#3275,.F.);
#3285=EDGE_CURVE('',#3227,#3276,#3290,.T.);
#3290=LINE('',#3228,#3292);
#3292=VECTOR('',#3293,0.3048);
#3293=DIRECTION('',(0.0,1.0,0.0));
#3284=ORIENTED_EDGE('',*,*,#3285,.F.);
#3294=ORIENTED_EDGE('',*,*,#3226,.T.);
#3304=STYLED_ITEM('',(#34),#3305);
#3305=ADVANCED_FACE('',(#3311),#3306,.T.);
#3306=PLANE('',#3307);
#3307=AXIS2_PLACEMENT_3D('',#3308,#3309,#3310);
#3308=CARTESIAN_POINT('',(-2.096,-1.598,0.0));
#3309=DIRECTION('',(0.0,1.0,0.0));
#3310=DIRECTION('',(0.,0.,1.));
#3311=FACE_OUTER_BOUND('',#3312,.T.);
#3312=EDGE_LOOP('',(#3313,#3323,#3333,#3343));
#3316=CARTESIAN_POINT('',(-2.553,-1.598,0.0));
#3315=VERTEX_POINT('',#3316);
#3314=EDGE_CURVE('',#3315,#3266,#3319,.T.);
#3319=LINE('',#3316,#3321);
#3321=VECTOR('',#3322,0.4572);
#3322=DIRECTION('',(1.0,0.0,0.0));
#3313=ORIENTED_EDGE('',*,*,#3314,.F.);
#3326=CARTESIAN_POINT('',(-2.553,-1.598,0.051));
#3325=VERTEX_POINT('',#3326);
#3324=EDGE_CURVE('',#3325,#3315,#3329,.T.);
#3329=LINE('',#3326,#3331);
#3331=VECTOR('',#3332,0.0508);
#3332=DIRECTION('',(0.0,0.0,-1.0));
#3323=ORIENTED_EDGE('',*,*,#3324,.F.);
#3334=EDGE_CURVE('',#3276,#3325,#3339,.T.);
#3339=LINE('',#3277,#3341);
#3341=VECTOR('',#3342,0.4572);
#3342=DIRECTION('',(-1.0,0.0,0.0));
#3333=ORIENTED_EDGE('',*,*,#3334,.F.);
#3343=ORIENTED_EDGE('',*,*,#3275,.T.);
#3353=STYLED_ITEM('',(#34),#3354);
#3354=ADVANCED_FACE('',(#3360),#3355,.T.);
#3355=PLANE('',#3356);
#3356=AXIS2_PLACEMENT_3D('',#3357,#3358,#3359);
#3357=CARTESIAN_POINT('',(-2.553,-1.598,0.0));
#3358=DIRECTION('',(-1.0,0.0,0.0));
#3359=DIRECTION('',(0.,0.,1.));
#3360=FACE_OUTER_BOUND('',#3361,.T.);
#3361=EDGE_LOOP('',(#3362,#3372,#3382,#3392));
#3363=EDGE_CURVE('',#3219,#3315,#3368,.T.);
#3368=LINE('',#3220,#3370);
#3370=VECTOR('',#3371,0.3048);
#3371=DIRECTION('',(0.0,1.0,0.0));
#3362=ORIENTED_EDGE('',*,*,#3363,.F.);
#3372=ORIENTED_EDGE('',*,*,#3246,.T.);
#3383=EDGE_CURVE('',#3325,#3237,#3388,.T.);
#3388=LINE('',#3326,#3390);
#3390=VECTOR('',#3391,0.3048);
#3391=DIRECTION('',(0.0,-1.0,0.0));
#3382=ORIENTED_EDGE('',*,*,#3383,.F.);
#3392=ORIENTED_EDGE('',*,*,#3324,.T.);
#3402=STYLED_ITEM('',(#34),#3403);
#3403=ADVANCED_FACE('',(#3409),#3404,.T.);
#3404=PLANE('',#3405);
#3405=AXIS2_PLACEMENT_3D('',#3406,#3407,#3408);
#3406=CARTESIAN_POINT('',(-2.553,-1.598,0.0));
#3407=DIRECTION('',(0.0,0.0,-1.0));
#3408=DIRECTION('',(0.,1.,0.));
#3409=FACE_OUTER_BOUND('',#3410,.T.);
#3410=EDGE_LOOP('',(#3411,#3421,#3431,#3441));
#3411=ORIENTED_EDGE('',*,*,#3314,.T.);
#3421=ORIENTED_EDGE('',*,*,#3265,.T.);
#3431=ORIENTED_EDGE('',*,*,#3216,.T.);
#3441=ORIENTED_EDGE('',*,*,#3363,.T.);
#3451=STYLED_ITEM('',(#34),#3452);
#3452=ADVANCED_FACE('',(#3458),#3453,.T.);
#3453=PLANE('',#3454);
#3454=AXIS2_PLACEMENT_3D('',#3455,#3456,#3457);
#3455=CARTESIAN_POINT('',(-2.553,-1.902,0.051));
#3456=DIRECTION('',(0.0,0.0,1.0));
#3457=DIRECTION('',(0.,1.,0.));
#3458=FACE_OUTER_BOUND('',#3459,.T.);
#3459=EDGE_LOOP('',(#3460,#3470,#3480,#3490));
#3460=ORIENTED_EDGE('',*,*,#3236,.T.);
#3470=ORIENTED_EDGE('',*,*,#3285,.T.);
#3480=ORIENTED_EDGE('',*,*,#3334,.T.);
#3490=ORIENTED_EDGE('',*,*,#3383,.T.);
#3500=MANIFOLD_SOLID_BREP($,#3501);
#3501=CLOSED_SHELL('',(#3503,#3552,#3601,#3650,#3699,#3748));
#3502=STYLED_ITEM('',(#34),#3503);
#3503=ADVANCED_FACE('',(#3509),#3504,.T.);
#3504=PLANE('',#3505);
#3505=AXIS2_PLACEMENT_3D('',#3506,#3507,#3508);
#3506=CARTESIAN_POINT('',(-2.553,-2.402,0.0));
#3507=DIRECTION('',(0.0,-1.0,0.0));
#3508=DIRECTION('',(0.,0.,1.));
#3509=FACE_OUTER_BOUND('',#3510,.T.);
#3510=EDGE_LOOP('',(#3511,#3521,#3531,#3541));
#3514=CARTESIAN_POINT('',(-2.096,-2.402,0.0));
#3513=VERTEX_POINT('',#3514);
#3516=CARTESIAN_POINT('',(-2.553,-2.402,0.0));
#3515=VERTEX_POINT('',#3516);
#3512=EDGE_CURVE('',#3513,#3515,#3517,.T.);
#3517=LINE('',#3514,#3519);
#3519=VECTOR('',#3520,0.4572);
#3520=DIRECTION('',(-1.0,0.0,0.0));
#3511=ORIENTED_EDGE('',*,*,#3512,.F.);
#3524=CARTESIAN_POINT('',(-2.096,-2.402,0.051));
#3523=VERTEX_POINT('',#3524);
#3522=EDGE_CURVE('',#3523,#3513,#3527,.T.);
#3527=LINE('',#3524,#3529);
#3529=VECTOR('',#3530,0.0508);
#3530=DIRECTION('',(0.0,0.0,-1.0));
#3521=ORIENTED_EDGE('',*,*,#3522,.F.);
#3534=CARTESIAN_POINT('',(-2.553,-2.402,0.051));
#3533=VERTEX_POINT('',#3534);
#3532=EDGE_CURVE('',#3533,#3523,#3537,.T.);
#3537=LINE('',#3534,#3539);
#3539=VECTOR('',#3540,0.4572);
#3540=DIRECTION('',(1.0,0.0,0.0));
#3531=ORIENTED_EDGE('',*,*,#3532,.F.);
#3542=EDGE_CURVE('',#3515,#3533,#3547,.T.);
#3547=LINE('',#3516,#3549);
#3549=VECTOR('',#3550,0.0508);
#3550=DIRECTION('',(0.0,0.0,1.0));
#3541=ORIENTED_EDGE('',*,*,#3542,.F.);
#3551=STYLED_ITEM('',(#34),#3552);
#3552=ADVANCED_FACE('',(#3558),#3553,.T.);
#3553=PLANE('',#3554);
#3554=AXIS2_PLACEMENT_3D('',#3555,#3556,#3557);
#3555=CARTESIAN_POINT('',(-2.096,-2.402,0.0));
#3556=DIRECTION('',(1.0,0.0,0.0));
#3557=DIRECTION('',(0.,0.,1.));
#3558=FACE_OUTER_BOUND('',#3559,.T.);
#3559=EDGE_LOOP('',(#3560,#3570,#3580,#3590));
#3563=CARTESIAN_POINT('',(-2.096,-2.098,0.0));
#3562=VERTEX_POINT('',#3563);
#3561=EDGE_CURVE('',#3562,#3513,#3566,.T.);
#3566=LINE('',#3563,#3568);
#3568=VECTOR('',#3569,0.3048);
#3569=DIRECTION('',(0.0,-1.0,0.0));
#3560=ORIENTED_EDGE('',*,*,#3561,.F.);
#3573=CARTESIAN_POINT('',(-2.096,-2.098,0.051));
#3572=VERTEX_POINT('',#3573);
#3571=EDGE_CURVE('',#3572,#3562,#3576,.T.);
#3576=LINE('',#3573,#3578);
#3578=VECTOR('',#3579,0.0508);
#3579=DIRECTION('',(0.0,0.0,-1.0));
#3570=ORIENTED_EDGE('',*,*,#3571,.F.);
#3581=EDGE_CURVE('',#3523,#3572,#3586,.T.);
#3586=LINE('',#3524,#3588);
#3588=VECTOR('',#3589,0.3048);
#3589=DIRECTION('',(0.0,1.0,0.0));
#3580=ORIENTED_EDGE('',*,*,#3581,.F.);
#3590=ORIENTED_EDGE('',*,*,#3522,.T.);
#3600=STYLED_ITEM('',(#34),#3601);
#3601=ADVANCED_FACE('',(#3607),#3602,.T.);
#3602=PLANE('',#3603);
#3603=AXIS2_PLACEMENT_3D('',#3604,#3605,#3606);
#3604=CARTESIAN_POINT('',(-2.096,-2.098,0.0));
#3605=DIRECTION('',(0.0,1.0,0.0));
#3606=DIRECTION('',(0.,0.,1.));
#3607=FACE_OUTER_BOUND('',#3608,.T.);
#3608=EDGE_LOOP('',(#3609,#3619,#3629,#3639));
#3612=CARTESIAN_POINT('',(-2.553,-2.098,0.0));
#3611=VERTEX_POINT('',#3612);
#3610=EDGE_CURVE('',#3611,#3562,#3615,.T.);
#3615=LINE('',#3612,#3617);
#3617=VECTOR('',#3618,0.4572);
#3618=DIRECTION('',(1.0,0.0,0.0));
#3609=ORIENTED_EDGE('',*,*,#3610,.F.);
#3622=CARTESIAN_POINT('',(-2.553,-2.098,0.051));
#3621=VERTEX_POINT('',#3622);
#3620=EDGE_CURVE('',#3621,#3611,#3625,.T.);
#3625=LINE('',#3622,#3627);
#3627=VECTOR('',#3628,0.0508);
#3628=DIRECTION('',(0.0,0.0,-1.0));
#3619=ORIENTED_EDGE('',*,*,#3620,.F.);
#3630=EDGE_CURVE('',#3572,#3621,#3635,.T.);
#3635=LINE('',#3573,#3637);
#3637=VECTOR('',#3638,0.4572);
#3638=DIRECTION('',(-1.0,0.0,0.0));
#3629=ORIENTED_EDGE('',*,*,#3630,.F.);
#3639=ORIENTED_EDGE('',*,*,#3571,.T.);
#3649=STYLED_ITEM('',(#34),#3650);
#3650=ADVANCED_FACE('',(#3656),#3651,.T.);
#3651=PLANE('',#3652);
#3652=AXIS2_PLACEMENT_3D('',#3653,#3654,#3655);
#3653=CARTESIAN_POINT('',(-2.553,-2.098,0.0));
#3654=DIRECTION('',(-1.0,0.0,0.0));
#3655=DIRECTION('',(0.,0.,1.));
#3656=FACE_OUTER_BOUND('',#3657,.T.);
#3657=EDGE_LOOP('',(#3658,#3668,#3678,#3688));
#3659=EDGE_CURVE('',#3515,#3611,#3664,.T.);
#3664=LINE('',#3516,#3666);
#3666=VECTOR('',#3667,0.3048);
#3667=DIRECTION('',(0.0,1.0,0.0));
#3658=ORIENTED_EDGE('',*,*,#3659,.F.);
#3668=ORIENTED_EDGE('',*,*,#3542,.T.);
#3679=EDGE_CURVE('',#3621,#3533,#3684,.T.);
#3684=LINE('',#3622,#3686);
#3686=VECTOR('',#3687,0.3048);
#3687=DIRECTION('',(0.0,-1.0,0.0));
#3678=ORIENTED_EDGE('',*,*,#3679,.F.);
#3688=ORIENTED_EDGE('',*,*,#3620,.T.);
#3698=STYLED_ITEM('',(#34),#3699);
#3699=ADVANCED_FACE('',(#3705),#3700,.T.);
#3700=PLANE('',#3701);
#3701=AXIS2_PLACEMENT_3D('',#3702,#3703,#3704);
#3702=CARTESIAN_POINT('',(-2.553,-2.098,0.0));
#3703=DIRECTION('',(0.0,0.0,-1.0));
#3704=DIRECTION('',(0.,1.,0.));
#3705=FACE_OUTER_BOUND('',#3706,.T.);
#3706=EDGE_LOOP('',(#3707,#3717,#3727,#3737));
#3707=ORIENTED_EDGE('',*,*,#3610,.T.);
#3717=ORIENTED_EDGE('',*,*,#3561,.T.);
#3727=ORIENTED_EDGE('',*,*,#3512,.T.);
#3737=ORIENTED_EDGE('',*,*,#3659,.T.);
#3747=STYLED_ITEM('',(#34),#3748);
#3748=ADVANCED_FACE('',(#3754),#3749,.T.);
#3749=PLANE('',#3750);
#3750=AXIS2_PLACEMENT_3D('',#3751,#3752,#3753);
#3751=CARTESIAN_POINT('',(-2.553,-2.402,0.051));
#3752=DIRECTION('',(0.0,0.0,1.0));
#3753=DIRECTION('',(0.,1.,0.));
#3754=FACE_OUTER_BOUND('',#3755,.T.);
#3755=EDGE_LOOP('',(#3756,#3766,#3776,#3786));
#3756=ORIENTED_EDGE('',*,*,#3532,.T.);
#3766=ORIENTED_EDGE('',*,*,#3581,.T.);
#3776=ORIENTED_EDGE('',*,*,#3630,.T.);
#3786=ORIENTED_EDGE('',*,*,#3679,.T.);
#3796=MANIFOLD_SOLID_BREP($,#3797);
#3797=CLOSED_SHELL('',(#3799,#3848,#3897,#3946,#3995,#4044));
#3798=STYLED_ITEM('',(#34),#3799);
#3799=ADVANCED_FACE('',(#3805),#3800,.T.);
#3800=PLANE('',#3801);
#3801=AXIS2_PLACEMENT_3D('',#3802,#3803,#3804);
#3802=CARTESIAN_POINT('',(-2.553,-2.902,0.0));
#3803=DIRECTION('',(0.0,-1.0,0.0));
#3804=DIRECTION('',(0.,0.,1.));
#3805=FACE_OUTER_BOUND('',#3806,.T.);
#3806=EDGE_LOOP('',(#3807,#3817,#3827,#3837));
#3810=CARTESIAN_POINT('',(-2.096,-2.902,0.0));
#3809=VERTEX_POINT('',#3810);
#3812=CARTESIAN_POINT('',(-2.553,-2.902,0.0));
#3811=VERTEX_POINT('',#3812);
#3808=EDGE_CURVE('',#3809,#3811,#3813,.T.);
#3813=LINE('',#3810,#3815);
#3815=VECTOR('',#3816,0.4572);
#3816=DIRECTION('',(-1.0,0.0,0.0));
#3807=ORIENTED_EDGE('',*,*,#3808,.F.);
#3820=CARTESIAN_POINT('',(-2.096,-2.902,0.051));
#3819=VERTEX_POINT('',#3820);
#3818=EDGE_CURVE('',#3819,#3809,#3823,.T.);
#3823=LINE('',#3820,#3825);
#3825=VECTOR('',#3826,0.0508);
#3826=DIRECTION('',(0.0,0.0,-1.0));
#3817=ORIENTED_EDGE('',*,*,#3818,.F.);
#3830=CARTESIAN_POINT('',(-2.553,-2.902,0.051));
#3829=VERTEX_POINT('',#3830);
#3828=EDGE_CURVE('',#3829,#3819,#3833,.T.);
#3833=LINE('',#3830,#3835);
#3835=VECTOR('',#3836,0.4572);
#3836=DIRECTION('',(1.0,0.0,0.0));
#3827=ORIENTED_EDGE('',*,*,#3828,.F.);
#3838=EDGE_CURVE('',#3811,#3829,#3843,.T.);
#3843=LINE('',#3812,#3845);
#3845=VECTOR('',#3846,0.0508);
#3846=DIRECTION('',(0.0,0.0,1.0));
#3837=ORIENTED_EDGE('',*,*,#3838,.F.);
#3847=STYLED_ITEM('',(#34),#3848);
#3848=ADVANCED_FACE('',(#3854),#3849,.T.);
#3849=PLANE('',#3850);
#3850=AXIS2_PLACEMENT_3D('',#3851,#3852,#3853);
#3851=CARTESIAN_POINT('',(-2.096,-2.902,0.0));
#3852=DIRECTION('',(1.0,0.0,0.0));
#3853=DIRECTION('',(0.,0.,1.));
#3854=FACE_OUTER_BOUND('',#3855,.T.);
#3855=EDGE_LOOP('',(#3856,#3866,#3876,#3886));
#3859=CARTESIAN_POINT('',(-2.096,-2.598,0.0));
#3858=VERTEX_POINT('',#3859);
#3857=EDGE_CURVE('',#3858,#3809,#3862,.T.);
#3862=LINE('',#3859,#3864);
#3864=VECTOR('',#3865,0.3048);
#3865=DIRECTION('',(0.0,-1.0,0.0));
#3856=ORIENTED_EDGE('',*,*,#3857,.F.);
#3869=CARTESIAN_POINT('',(-2.096,-2.598,0.051));
#3868=VERTEX_POINT('',#3869);
#3867=EDGE_CURVE('',#3868,#3858,#3872,.T.);
#3872=LINE('',#3869,#3874);
#3874=VECTOR('',#3875,0.0508);
#3875=DIRECTION('',(0.0,0.0,-1.0));
#3866=ORIENTED_EDGE('',*,*,#3867,.F.);
#3877=EDGE_CURVE('',#3819,#3868,#3882,.T.);
#3882=LINE('',#3820,#3884);
#3884=VECTOR('',#3885,0.3048);
#3885=DIRECTION('',(0.0,1.0,0.0));
#3876=ORIENTED_EDGE('',*,*,#3877,.F.);
#3886=ORIENTED_EDGE('',*,*,#3818,.T.);
#3896=STYLED_ITEM('',(#34),#3897);
#3897=ADVANCED_FACE('',(#3903),#3898,.T.);
#3898=PLANE('',#3899);
#3899=AXIS2_PLACEMENT_3D('',#3900,#3901,#3902);
#3900=CARTESIAN_POINT('',(-2.096,-2.598,0.0));
#3901=DIRECTION('',(0.0,1.0,0.0));
#3902=DIRECTION('',(0.,0.,1.));
#3903=FACE_OUTER_BOUND('',#3904,.T.);
#3904=EDGE_LOOP('',(#3905,#3915,#3925,#3935));
#3908=CARTESIAN_POINT('',(-2.553,-2.598,0.0));
#3907=VERTEX_POINT('',#3908);
#3906=EDGE_CURVE('',#3907,#3858,#3911,.T.);
#3911=LINE('',#3908,#3913);
#3913=VECTOR('',#3914,0.4572);
#3914=DIRECTION('',(1.0,0.0,0.0));
#3905=ORIENTED_EDGE('',*,*,#3906,.F.);
#3918=CARTESIAN_POINT('',(-2.553,-2.598,0.051));
#3917=VERTEX_POINT('',#3918);
#3916=EDGE_CURVE('',#3917,#3907,#3921,.T.);
#3921=LINE('',#3918,#3923);
#3923=VECTOR('',#3924,0.0508);
#3924=DIRECTION('',(0.0,0.0,-1.0));
#3915=ORIENTED_EDGE('',*,*,#3916,.F.);
#3926=EDGE_CURVE('',#3868,#3917,#3931,.T.);
#3931=LINE('',#3869,#3933);
#3933=VECTOR('',#3934,0.4572);
#3934=DIRECTION('',(-1.0,0.0,0.0));
#3925=ORIENTED_EDGE('',*,*,#3926,.F.);
#3935=ORIENTED_EDGE('',*,*,#3867,.T.);
#3945=STYLED_ITEM('',(#34),#3946);
#3946=ADVANCED_FACE('',(#3952),#3947,.T.);
#3947=PLANE('',#3948);
#3948=AXIS2_PLACEMENT_3D('',#3949,#3950,#3951);
#3949=CARTESIAN_POINT('',(-2.553,-2.598,0.0));
#3950=DIRECTION('',(-1.0,0.0,0.0));
#3951=DIRECTION('',(0.,0.,1.));
#3952=FACE_OUTER_BOUND('',#3953,.T.);
#3953=EDGE_LOOP('',(#3954,#3964,#3974,#3984));
#3955=EDGE_CURVE('',#3811,#3907,#3960,.T.);
#3960=LINE('',#3812,#3962);
#3962=VECTOR('',#3963,0.3048);
#3963=DIRECTION('',(0.0,1.0,0.0));
#3954=ORIENTED_EDGE('',*,*,#3955,.F.);
#3964=ORIENTED_EDGE('',*,*,#3838,.T.);
#3975=EDGE_CURVE('',#3917,#3829,#3980,.T.);
#3980=LINE('',#3918,#3982);
#3982=VECTOR('',#3983,0.3048);
#3983=DIRECTION('',(0.0,-1.0,0.0));
#3974=ORIENTED_EDGE('',*,*,#3975,.F.);
#3984=ORIENTED_EDGE('',*,*,#3916,.T.);
#3994=STYLED_ITEM('',(#34),#3995);
#3995=ADVANCED_FACE('',(#4001),#3996,.T.);
#3996=PLANE('',#3997);
#3997=AXIS2_PLACEMENT_3D('',#3998,#3999,#4000);
#3998=CARTESIAN_POINT('',(-2.553,-2.598,0.0));
#3999=DIRECTION('',(0.0,0.0,-1.0));
#4000=DIRECTION('',(0.,1.,0.));
#4001=FACE_OUTER_BOUND('',#4002,.T.);
#4002=EDGE_LOOP('',(#4003,#4013,#4023,#4033));
#4003=ORIENTED_EDGE('',*,*,#3906,.T.);
#4013=ORIENTED_EDGE('',*,*,#3857,.T.);
#4023=ORIENTED_EDGE('',*,*,#3808,.T.);
#4033=ORIENTED_EDGE('',*,*,#3955,.T.);
#4043=STYLED_ITEM('',(#34),#4044);
#4044=ADVANCED_FACE('',(#4050),#4045,.T.);
#4045=PLANE('',#4046);
#4046=AXIS2_PLACEMENT_3D('',#4047,#4048,#4049);
#4047=CARTESIAN_POINT('',(-2.553,-2.902,0.051));
#4048=DIRECTION('',(0.0,0.0,1.0));
#4049=DIRECTION('',(0.,1.,0.));
#4050=FACE_OUTER_BOUND('',#4051,.T.);
#4051=EDGE_LOOP('',(#4052,#4062,#4072,#4082));
#4052=ORIENTED_EDGE('',*,*,#3828,.T.);
#4062=ORIENTED_EDGE('',*,*,#3877,.T.);
#4072=ORIENTED_EDGE('',*,*,#3926,.T.);
#4082=ORIENTED_EDGE('',*,*,#3975,.T.);
#4092=MANIFOLD_SOLID_BREP($,#4093);
#4093=CLOSED_SHELL('',(#4095,#4144,#4193,#4242,#4291,#4340));
#4094=STYLED_ITEM('',(#34),#4095);
#4095=ADVANCED_FACE('',(#4101),#4096,.T.);
#4096=PLANE('',#4097);
#4097=AXIS2_PLACEMENT_3D('',#4098,#4099,#4100);
#4098=CARTESIAN_POINT('',(-1.652,-3.556,0.0));
#4099=DIRECTION('',(0.0,-1.0,0.0));
#4100=DIRECTION('',(0.,0.,1.));
#4101=FACE_OUTER_BOUND('',#4102,.T.);
#4102=EDGE_LOOP('',(#4103,#4113,#4123,#4133));
#4106=CARTESIAN_POINT('',(-1.348,-3.556,0.0));
#4105=VERTEX_POINT('',#4106);
#4108=CARTESIAN_POINT('',(-1.652,-3.556,0.0));
#4107=VERTEX_POINT('',#4108);
#4104=EDGE_CURVE('',#4105,#4107,#4109,.T.);
#4109=LINE('',#4106,#4111);
#4111=VECTOR('',#4112,0.3048);
#4112=DIRECTION('',(-1.0,0.0,0.0));
#4103=ORIENTED_EDGE('',*,*,#4104,.F.);
#4116=CARTESIAN_POINT('',(-1.348,-3.556,0.051));
#4115=VERTEX_POINT('',#4116);
#4114=EDGE_CURVE('',#4115,#4105,#4119,.T.);
#4119=LINE('',#4116,#4121);
#4121=VECTOR('',#4122,0.0508);
#4122=DIRECTION('',(0.0,0.0,-1.0));
#4113=ORIENTED_EDGE('',*,*,#4114,.F.);
#4126=CARTESIAN_POINT('',(-1.652,-3.556,0.051));
#4125=VERTEX_POINT('',#4126);
#4124=EDGE_CURVE('',#4125,#4115,#4129,.T.);
#4129=LINE('',#4126,#4131);
#4131=VECTOR('',#4132,0.3048);
#4132=DIRECTION('',(1.0,0.0,0.0));
#4123=ORIENTED_EDGE('',*,*,#4124,.F.);
#4134=EDGE_CURVE('',#4107,#4125,#4139,.T.);
#4139=LINE('',#4108,#4141);
#4141=VECTOR('',#4142,0.0508);
#4142=DIRECTION('',(0.0,0.0,1.0));
#4133=ORIENTED_EDGE('',*,*,#4134,.F.);
#4143=STYLED_ITEM('',(#34),#4144);
#4144=ADVANCED_FACE('',(#4150),#4145,.T.);
#4145=PLANE('',#4146);
#4146=AXIS2_PLACEMENT_3D('',#4147,#4148,#4149);
#4147=CARTESIAN_POINT('',(-1.348,-3.556,0.0));
#4148=DIRECTION('',(1.0,0.0,0.0));
#4149=DIRECTION('',(0.,0.,1.));
#4150=FACE_OUTER_BOUND('',#4151,.T.);
#4151=EDGE_LOOP('',(#4152,#4162,#4172,#4182));
#4155=CARTESIAN_POINT('',(-1.348,-3.099,0.0));
#4154=VERTEX_POINT('',#4155);
#4153=EDGE_CURVE('',#4154,#4105,#4158,.T.);
#4158=LINE('',#4155,#4160);
#4160=VECTOR('',#4161,0.4572);
#4161=DIRECTION('',(0.0,-1.0,0.0));
#4152=ORIENTED_EDGE('',*,*,#4153,.F.);
#4165=CARTESIAN_POINT('',(-1.348,-3.099,0.051));
#4164=VERTEX_POINT('',#4165);
#4163=EDGE_CURVE('',#4164,#4154,#4168,.T.);
#4168=LINE('',#4165,#4170);
#4170=VECTOR('',#4171,0.0508);
#4171=DIRECTION('',(0.0,0.0,-1.0));
#4162=ORIENTED_EDGE('',*,*,#4163,.F.);
#4173=EDGE_CURVE('',#4115,#4164,#4178,.T.);
#4178=LINE('',#4116,#4180);
#4180=VECTOR('',#4181,0.4572);
#4181=DIRECTION('',(0.0,1.0,0.0));
#4172=ORIENTED_EDGE('',*,*,#4173,.F.);
#4182=ORIENTED_EDGE('',*,*,#4114,.T.);
#4192=STYLED_ITEM('',(#34),#4193);
#4193=ADVANCED_FACE('',(#4199),#4194,.T.);
#4194=PLANE('',#4195);
#4195=AXIS2_PLACEMENT_3D('',#4196,#4197,#4198);
#4196=CARTESIAN_POINT('',(-1.348,-3.099,0.0));
#4197=DIRECTION('',(0.0,1.0,0.0));
#4198=DIRECTION('',(0.,0.,1.));
#4199=FACE_OUTER_BOUND('',#4200,.T.);
#4200=EDGE_LOOP('',(#4201,#4211,#4221,#4231));
#4204=CARTESIAN_POINT('',(-1.652,-3.099,0.0));
#4203=VERTEX_POINT('',#4204);
#4202=EDGE_CURVE('',#4203,#4154,#4207,.T.);
#4207=LINE('',#4204,#4209);
#4209=VECTOR('',#4210,0.3048);
#4210=DIRECTION('',(1.0,0.0,0.0));
#4201=ORIENTED_EDGE('',*,*,#4202,.F.);
#4214=CARTESIAN_POINT('',(-1.652,-3.099,0.051));
#4213=VERTEX_POINT('',#4214);
#4212=EDGE_CURVE('',#4213,#4203,#4217,.T.);
#4217=LINE('',#4214,#4219);
#4219=VECTOR('',#4220,0.0508);
#4220=DIRECTION('',(0.0,0.0,-1.0));
#4211=ORIENTED_EDGE('',*,*,#4212,.F.);
#4222=EDGE_CURVE('',#4164,#4213,#4227,.T.);
#4227=LINE('',#4165,#4229);
#4229=VECTOR('',#4230,0.3048);
#4230=DIRECTION('',(-1.0,0.0,0.0));
#4221=ORIENTED_EDGE('',*,*,#4222,.F.);
#4231=ORIENTED_EDGE('',*,*,#4163,.T.);
#4241=STYLED_ITEM('',(#34),#4242);
#4242=ADVANCED_FACE('',(#4248),#4243,.T.);
#4243=PLANE('',#4244);
#4244=AXIS2_PLACEMENT_3D('',#4245,#4246,#4247);
#4245=CARTESIAN_POINT('',(-1.652,-3.099,0.0));
#4246=DIRECTION('',(-1.0,0.0,0.0));
#4247=DIRECTION('',(0.,0.,1.));
#4248=FACE_OUTER_BOUND('',#4249,.T.);
#4249=EDGE_LOOP('',(#4250,#4260,#4270,#4280));
#4251=EDGE_CURVE('',#4107,#4203,#4256,.T.);
#4256=LINE('',#4108,#4258);
#4258=VECTOR('',#4259,0.4572);
#4259=DIRECTION('',(0.0,1.0,0.0));
#4250=ORIENTED_EDGE('',*,*,#4251,.F.);
#4260=ORIENTED_EDGE('',*,*,#4134,.T.);
#4271=EDGE_CURVE('',#4213,#4125,#4276,.T.);
#4276=LINE('',#4214,#4278);
#4278=VECTOR('',#4279,0.4572);
#4279=DIRECTION('',(0.0,-1.0,0.0));
#4270=ORIENTED_EDGE('',*,*,#4271,.F.);
#4280=ORIENTED_EDGE('',*,*,#4212,.T.);
#4290=STYLED_ITEM('',(#34),#4291);
#4291=ADVANCED_FACE('',(#4297),#4292,.T.);
#4292=PLANE('',#4293);
#4293=AXIS2_PLACEMENT_3D('',#4294,#4295,#4296);
#4294=CARTESIAN_POINT('',(-1.652,-3.099,0.0));
#4295=DIRECTION('',(0.0,0.0,-1.0));
#4296=DIRECTION('',(0.,1.,0.));
#4297=FACE_OUTER_BOUND('',#4298,.T.);
#4298=EDGE_LOOP('',(#4299,#4309,#4319,#4329));
#4299=ORIENTED_EDGE('',*,*,#4202,.T.);
#4309=ORIENTED_EDGE('',*,*,#4153,.T.);
#4319=ORIENTED_EDGE('',*,*,#4104,.T.);
#4329=ORIENTED_EDGE('',*,*,#4251,.T.);
#4339=STYLED_ITEM('',(#34),#4340);
#4340=ADVANCED_FACE('',(#4346),#4341,.T.);
#4341=PLANE('',#4342);
#4342=AXIS2_PLACEMENT_3D('',#4343,#4344,#4345);
#4343=CARTESIAN_POINT('',(-1.652,-3.556,0.051));
#4344=DIRECTION('',(0.0,0.0,1.0));
#4345=DIRECTION('',(0.,1.,0.));
#4346=FACE_OUTER_BOUND('',#4347,.T.);
#4347=EDGE_LOOP('',(#4348,#4358,#4368,#4378));
#4348=ORIENTED_EDGE('',*,*,#4124,.T.);
#4358=ORIENTED_EDGE('',*,*,#4173,.T.);
#4368=ORIENTED_EDGE('',*,*,#4222,.T.);
#4378=ORIENTED_EDGE('',*,*,#4271,.T.);
#4388=MANIFOLD_SOLID_BREP($,#4389);
#4389=CLOSED_SHELL('',(#4391,#4440,#4489,#4538,#4587,#4636));
#4390=STYLED_ITEM('',(#34),#4391);
#4391=ADVANCED_FACE('',(#4397),#4392,.T.);
#4392=PLANE('',#4393);
#4393=AXIS2_PLACEMENT_3D('',#4394,#4395,#4396);
#4394=CARTESIAN_POINT('',(-1.152,-3.556,0.0));
#4395=DIRECTION('',(0.0,-1.0,0.0));
#4396=DIRECTION('',(0.,0.,1.));
#4397=FACE_OUTER_BOUND('',#4398,.T.);
#4398=EDGE_LOOP('',(#4399,#4409,#4419,#4429));
#4402=CARTESIAN_POINT('',(-0.848,-3.556,0.0));
#4401=VERTEX_POINT('',#4402);
#4404=CARTESIAN_POINT('',(-1.152,-3.556,0.0));
#4403=VERTEX_POINT('',#4404);
#4400=EDGE_CURVE('',#4401,#4403,#4405,.T.);
#4405=LINE('',#4402,#4407);
#4407=VECTOR('',#4408,0.3048);
#4408=DIRECTION('',(-1.0,0.0,0.0));
#4399=ORIENTED_EDGE('',*,*,#4400,.F.);
#4412=CARTESIAN_POINT('',(-0.848,-3.556,0.051));
#4411=VERTEX_POINT('',#4412);
#4410=EDGE_CURVE('',#4411,#4401,#4415,.T.);
#4415=LINE('',#4412,#4417);
#4417=VECTOR('',#4418,0.0508);
#4418=DIRECTION('',(0.0,0.0,-1.0));
#4409=ORIENTED_EDGE('',*,*,#4410,.F.);
#4422=CARTESIAN_POINT('',(-1.152,-3.556,0.051));
#4421=VERTEX_POINT('',#4422);
#4420=EDGE_CURVE('',#4421,#4411,#4425,.T.);
#4425=LINE('',#4422,#4427);
#4427=VECTOR('',#4428,0.3048);
#4428=DIRECTION('',(1.0,0.0,0.0));
#4419=ORIENTED_EDGE('',*,*,#4420,.F.);
#4430=EDGE_CURVE('',#4403,#4421,#4435,.T.);
#4435=LINE('',#4404,#4437);
#4437=VECTOR('',#4438,0.0508);
#4438=DIRECTION('',(0.0,0.0,1.0));
#4429=ORIENTED_EDGE('',*,*,#4430,.F.);
#4439=STYLED_ITEM('',(#34),#4440);
#4440=ADVANCED_FACE('',(#4446),#4441,.T.);
#4441=PLANE('',#4442);
#4442=AXIS2_PLACEMENT_3D('',#4443,#4444,#4445);
#4443=CARTESIAN_POINT('',(-0.848,-3.556,0.0));
#4444=DIRECTION('',(1.0,0.0,0.0));
#4445=DIRECTION('',(0.,0.,1.));
#4446=FACE_OUTER_BOUND('',#4447,.T.);
#4447=EDGE_LOOP('',(#4448,#4458,#4468,#4478));
#4451=CARTESIAN_POINT('',(-0.848,-3.099,0.0));
#4450=VERTEX_POINT('',#4451);
#4449=EDGE_CURVE('',#4450,#4401,#4454,.T.);
#4454=LINE('',#4451,#4456);
#4456=VECTOR('',#4457,0.4572);
#4457=DIRECTION('',(0.0,-1.0,0.0));
#4448=ORIENTED_EDGE('',*,*,#4449,.F.);
#4461=CARTESIAN_POINT('',(-0.848,-3.099,0.051));
#4460=VERTEX_POINT('',#4461);
#4459=EDGE_CURVE('',#4460,#4450,#4464,.T.);
#4464=LINE('',#4461,#4466);
#4466=VECTOR('',#4467,0.0508);
#4467=DIRECTION('',(0.0,0.0,-1.0));
#4458=ORIENTED_EDGE('',*,*,#4459,.F.);
#4469=EDGE_CURVE('',#4411,#4460,#4474,.T.);
#4474=LINE('',#4412,#4476);
#4476=VECTOR('',#4477,0.4572);
#4477=DIRECTION('',(0.0,1.0,0.0));
#4468=ORIENTED_EDGE('',*,*,#4469,.F.);
#4478=ORIENTED_EDGE('',*,*,#4410,.T.);
#4488=STYLED_ITEM('',(#34),#4489);
#4489=ADVANCED_FACE('',(#4495),#4490,.T.);
#4490=PLANE('',#4491);
#4491=AXIS2_PLACEMENT_3D('',#4492,#4493,#4494);
#4492=CARTESIAN_POINT('',(-0.848,-3.099,0.0));
#4493=DIRECTION('',(0.0,1.0,0.0));
#4494=DIRECTION('',(0.,0.,1.));
#4495=FACE_OUTER_BOUND('',#4496,.T.);
#4496=EDGE_LOOP('',(#4497,#4507,#4517,#4527));
#4500=CARTESIAN_POINT('',(-1.152,-3.099,0.0));
#4499=VERTEX_POINT('',#4500);
#4498=EDGE_CURVE('',#4499,#4450,#4503,.T.);
#4503=LINE('',#4500,#4505);
#4505=VECTOR('',#4506,0.3048);
#4506=DIRECTION('',(1.0,0.0,0.0));
#4497=ORIENTED_EDGE('',*,*,#4498,.F.);
#4510=CARTESIAN_POINT('',(-1.152,-3.099,0.051));
#4509=VERTEX_POINT('',#4510);
#4508=EDGE_CURVE('',#4509,#4499,#4513,.T.);
#4513=LINE('',#4510,#4515);
#4515=VECTOR('',#4516,0.0508);
#4516=DIRECTION('',(0.0,0.0,-1.0));
#4507=ORIENTED_EDGE('',*,*,#4508,.F.);
#4518=EDGE_CURVE('',#4460,#4509,#4523,.T.);
#4523=LINE('',#4461,#4525);
#4525=VECTOR('',#4526,0.3048);
#4526=DIRECTION('',(-1.0,0.0,0.0));
#4517=ORIENTED_EDGE('',*,*,#4518,.F.);
#4527=ORIENTED_EDGE('',*,*,#4459,.T.);
#4537=STYLED_ITEM('',(#34),#4538);
#4538=ADVANCED_FACE('',(#4544),#4539,.T.);
#4539=PLANE('',#4540);
#4540=AXIS2_PLACEMENT_3D('',#4541,#4542,#4543);
#4541=CARTESIAN_POINT('',(-1.152,-3.099,0.0));
#4542=DIRECTION('',(-1.0,0.0,0.0));
#4543=DIRECTION('',(0.,0.,1.));
#4544=FACE_OUTER_BOUND('',#4545,.T.);
#4545=EDGE_LOOP('',(#4546,#4556,#4566,#4576));
#4547=EDGE_CURVE('',#4403,#4499,#4552,.T.);
#4552=LINE('',#4404,#4554);
#4554=VECTOR('',#4555,0.4572);
#4555=DIRECTION('',(0.0,1.0,0.0));
#4546=ORIENTED_EDGE('',*,*,#4547,.F.);
#4556=ORIENTED_EDGE('',*,*,#4430,.T.);
#4567=EDGE_CURVE('',#4509,#4421,#4572,.T.);
#4572=LINE('',#4510,#4574);
#4574=VECTOR('',#4575,0.4572);
#4575=DIRECTION('',(0.0,-1.0,0.0));
#4566=ORIENTED_EDGE('',*,*,#4567,.F.);
#4576=ORIENTED_EDGE('',*,*,#4508,.T.);
#4586=STYLED_ITEM('',(#34),#4587);
#4587=ADVANCED_FACE('',(#4593),#4588,.T.);
#4588=PLANE('',#4589);
#4589=AXIS2_PLACEMENT_3D('',#4590,#4591,#4592);
#4590=CARTESIAN_POINT('',(-1.152,-3.099,0.0));
#4591=DIRECTION('',(0.0,0.0,-1.0));
#4592=DIRECTION('',(0.,1.,0.));
#4593=FACE_OUTER_BOUND('',#4594,.T.);
#4594=EDGE_LOOP('',(#4595,#4605,#4615,#4625));
#4595=ORIENTED_EDGE('',*,*,#4498,.T.);
#4605=ORIENTED_EDGE('',*,*,#4449,.T.);
#4615=ORIENTED_EDGE('',*,*,#4400,.T.);
#4625=ORIENTED_EDGE('',*,*,#4547,.T.);
#4635=STYLED_ITEM('',(#34),#4636);
#4636=ADVANCED_FACE('',(#4642),#4637,.T.);
#4637=PLANE('',#4638);
#4638=AXIS2_PLACEMENT_3D('',#4639,#4640,#4641);
#4639=CARTESIAN_POINT('',(-1.152,-3.556,0.051));
#4640=DIRECTION('',(0.0,0.0,1.0));
#4641=DIRECTION('',(0.,1.,0.));
#4642=FACE_OUTER_BOUND('',#4643,.T.);
#4643=EDGE_LOOP('',(#4644,#4654,#4664,#4674));
#4644=ORIENTED_EDGE('',*,*,#4420,.T.);
#4654=ORIENTED_EDGE('',*,*,#4469,.T.);
#4664=ORIENTED_EDGE('',*,*,#4518,.T.);
#4674=ORIENTED_EDGE('',*,*,#4567,.T.);
#4684=MANIFOLD_SOLID_BREP($,#4685);
#4685=CLOSED_SHELL('',(#4687,#4736,#4785,#4834,#4883,#4932));
#4686=STYLED_ITEM('',(#34),#4687);
#4687=ADVANCED_FACE('',(#4693),#4688,.T.);
#4688=PLANE('',#4689);
#4689=AXIS2_PLACEMENT_3D('',#4690,#4691,#4692);
#4690=CARTESIAN_POINT('',(-0.652,-3.556,0.0));
#4691=DIRECTION('',(0.0,-1.0,0.0));
#4692=DIRECTION('',(0.,0.,1.));
#4693=FACE_OUTER_BOUND('',#4694,.T.);
#4694=EDGE_LOOP('',(#4695,#4705,#4715,#4725));
#4698=CARTESIAN_POINT('',(-0.348,-3.556,0.0));
#4697=VERTEX_POINT('',#4698);
#4700=CARTESIAN_POINT('',(-0.652,-3.556,0.0));
#4699=VERTEX_POINT('',#4700);
#4696=EDGE_CURVE('',#4697,#4699,#4701,.T.);
#4701=LINE('',#4698,#4703);
#4703=VECTOR('',#4704,0.3048);
#4704=DIRECTION('',(-1.0,0.0,0.0));
#4695=ORIENTED_EDGE('',*,*,#4696,.F.);
#4708=CARTESIAN_POINT('',(-0.348,-3.556,0.051));
#4707=VERTEX_POINT('',#4708);
#4706=EDGE_CURVE('',#4707,#4697,#4711,.T.);
#4711=LINE('',#4708,#4713);
#4713=VECTOR('',#4714,0.0508);
#4714=DIRECTION('',(0.0,0.0,-1.0));
#4705=ORIENTED_EDGE('',*,*,#4706,.F.);
#4718=CARTESIAN_POINT('',(-0.652,-3.556,0.051));
#4717=VERTEX_POINT('',#4718);
#4716=EDGE_CURVE('',#4717,#4707,#4721,.T.);
#4721=LINE('',#4718,#4723);
#4723=VECTOR('',#4724,0.3048);
#4724=DIRECTION('',(1.0,0.0,0.0));
#4715=ORIENTED_EDGE('',*,*,#4716,.F.);
#4726=EDGE_CURVE('',#4699,#4717,#4731,.T.);
#4731=LINE('',#4700,#4733);
#4733=VECTOR('',#4734,0.0508);
#4734=DIRECTION('',(0.0,0.0,1.0));
#4725=ORIENTED_EDGE('',*,*,#4726,.F.);
#4735=STYLED_ITEM('',(#34),#4736);
#4736=ADVANCED_FACE('',(#4742),#4737,.T.);
#4737=PLANE('',#4738);
#4738=AXIS2_PLACEMENT_3D('',#4739,#4740,#4741);
#4739=CARTESIAN_POINT('',(-0.348,-3.556,0.0));
#4740=DIRECTION('',(1.0,0.0,0.0));
#4741=DIRECTION('',(0.,0.,1.));
#4742=FACE_OUTER_BOUND('',#4743,.T.);
#4743=EDGE_LOOP('',(#4744,#4754,#4764,#4774));
#4747=CARTESIAN_POINT('',(-0.348,-3.099,0.0));
#4746=VERTEX_POINT('',#4747);
#4745=EDGE_CURVE('',#4746,#4697,#4750,.T.);
#4750=LINE('',#4747,#4752);
#4752=VECTOR('',#4753,0.4572);
#4753=DIRECTION('',(0.0,-1.0,0.0));
#4744=ORIENTED_EDGE('',*,*,#4745,.F.);
#4757=CARTESIAN_POINT('',(-0.348,-3.099,0.051));
#4756=VERTEX_POINT('',#4757);
#4755=EDGE_CURVE('',#4756,#4746,#4760,.T.);
#4760=LINE('',#4757,#4762);
#4762=VECTOR('',#4763,0.0508);
#4763=DIRECTION('',(0.0,0.0,-1.0));
#4754=ORIENTED_EDGE('',*,*,#4755,.F.);
#4765=EDGE_CURVE('',#4707,#4756,#4770,.T.);
#4770=LINE('',#4708,#4772);
#4772=VECTOR('',#4773,0.4572);
#4773=DIRECTION('',(0.0,1.0,0.0));
#4764=ORIENTED_EDGE('',*,*,#4765,.F.);
#4774=ORIENTED_EDGE('',*,*,#4706,.T.);
#4784=STYLED_ITEM('',(#34),#4785);
#4785=ADVANCED_FACE('',(#4791),#4786,.T.);
#4786=PLANE('',#4787);
#4787=AXIS2_PLACEMENT_3D('',#4788,#4789,#4790);
#4788=CARTESIAN_POINT('',(-0.348,-3.099,0.0));
#4789=DIRECTION('',(0.0,1.0,0.0));
#4790=DIRECTION('',(0.,0.,1.));
#4791=FACE_OUTER_BOUND('',#4792,.T.);
#4792=EDGE_LOOP('',(#4793,#4803,#4813,#4823));
#4796=CARTESIAN_POINT('',(-0.652,-3.099,0.0));
#4795=VERTEX_POINT('',#4796);
#4794=EDGE_CURVE('',#4795,#4746,#4799,.T.);
#4799=LINE('',#4796,#4801);
#4801=VECTOR('',#4802,0.3048);
#4802=DIRECTION('',(1.0,0.0,0.0));
#4793=ORIENTED_EDGE('',*,*,#4794,.F.);
#4806=CARTESIAN_POINT('',(-0.652,-3.099,0.051));
#4805=VERTEX_POINT('',#4806);
#4804=EDGE_CURVE('',#4805,#4795,#4809,.T.);
#4809=LINE('',#4806,#4811);
#4811=VECTOR('',#4812,0.0508);
#4812=DIRECTION('',(0.0,0.0,-1.0));
#4803=ORIENTED_EDGE('',*,*,#4804,.F.);
#4814=EDGE_CURVE('',#4756,#4805,#4819,.T.);
#4819=LINE('',#4757,#4821);
#4821=VECTOR('',#4822,0.3048);
#4822=DIRECTION('',(-1.0,0.0,0.0));
#4813=ORIENTED_EDGE('',*,*,#4814,.F.);
#4823=ORIENTED_EDGE('',*,*,#4755,.T.);
#4833=STYLED_ITEM('',(#34),#4834);
#4834=ADVANCED_FACE('',(#4840),#4835,.T.);
#4835=PLANE('',#4836);
#4836=AXIS2_PLACEMENT_3D('',#4837,#4838,#4839);
#4837=CARTESIAN_POINT('',(-0.652,-3.099,0.0));
#4838=DIRECTION('',(-1.0,0.0,0.0));
#4839=DIRECTION('',(0.,0.,1.));
#4840=FACE_OUTER_BOUND('',#4841,.T.);
#4841=EDGE_LOOP('',(#4842,#4852,#4862,#4872));
#4843=EDGE_CURVE('',#4699,#4795,#4848,.T.);
#4848=LINE('',#4700,#4850);
#4850=VECTOR('',#4851,0.4572);
#4851=DIRECTION('',(0.0,1.0,0.0));
#4842=ORIENTED_EDGE('',*,*,#4843,.F.);
#4852=ORIENTED_EDGE('',*,*,#4726,.T.);
#4863=EDGE_CURVE('',#4805,#4717,#4868,.T.);
#4868=LINE('',#4806,#4870);
#4870=VECTOR('',#4871,0.4572);
#4871=DIRECTION('',(0.0,-1.0,0.0));
#4862=ORIENTED_EDGE('',*,*,#4863,.F.);
#4872=ORIENTED_EDGE('',*,*,#4804,.T.);
#4882=STYLED_ITEM('',(#34),#4883);
#4883=ADVANCED_FACE('',(#4889),#4884,.T.);
#4884=PLANE('',#4885);
#4885=AXIS2_PLACEMENT_3D('',#4886,#4887,#4888);
#4886=CARTESIAN_POINT('',(-0.652,-3.099,0.0));
#4887=DIRECTION('',(0.0,0.0,-1.0));
#4888=DIRECTION('',(0.,1.,0.));
#4889=FACE_OUTER_BOUND('',#4890,.T.);
#4890=EDGE_LOOP('',(#4891,#4901,#4911,#4921));
#4891=ORIENTED_EDGE('',*,*,#4794,.T.);
#4901=ORIENTED_EDGE('',*,*,#4745,.T.);
#4911=ORIENTED_EDGE('',*,*,#4696,.T.);
#4921=ORIENTED_EDGE('',*,*,#4843,.T.);
#4931=STYLED_ITEM('',(#34),#4932);
#4932=ADVANCED_FACE('',(#4938),#4933,.T.);
#4933=PLANE('',#4934);
#4934=AXIS2_PLACEMENT_3D('',#4935,#4936,#4937);
#4935=CARTESIAN_POINT('',(-0.652,-3.556,0.051));
#4936=DIRECTION('',(0.0,0.0,1.0));
#4937=DIRECTION('',(0.,1.,0.));
#4938=FACE_OUTER_BOUND('',#4939,.T.);
#4939=EDGE_LOOP('',(#4940,#4950,#4960,#4970));
#4940=ORIENTED_EDGE('',*,*,#4716,.T.);
#4950=ORIENTED_EDGE('',*,*,#4765,.T.);
#4960=ORIENTED_EDGE('',*,*,#4814,.T.);
#4970=ORIENTED_EDGE('',*,*,#4863,.T.);
#4980=MANIFOLD_SOLID_BREP($,#4981);
#4981=CLOSED_SHELL('',(#4983,#5032,#5081,#5130,#5179,#5228));
#4982=STYLED_ITEM('',(#34),#4983);
#4983=ADVANCED_FACE('',(#4989),#4984,.T.);
#4984=PLANE('',#4985);
#4985=AXIS2_PLACEMENT_3D('',#4986,#4987,#4988);
#4986=CARTESIAN_POINT('',(-0.152,-3.556,0.0));
#4987=DIRECTION('',(0.0,-1.0,0.0));
#4988=DIRECTION('',(0.,0.,1.));
#4989=FACE_OUTER_BOUND('',#4990,.T.);
#4990=EDGE_LOOP('',(#4991,#5001,#5011,#5021));
#4994=CARTESIAN_POINT('',(0.152,-3.556,0.0));
#4993=VERTEX_POINT('',#4994);
#4996=CARTESIAN_POINT('',(-0.152,-3.556,0.0));
#4995=VERTEX_POINT('',#4996);
#4992=EDGE_CURVE('',#4993,#4995,#4997,.T.);
#4997=LINE('',#4994,#4999);
#4999=VECTOR('',#5000,0.3048);
#5000=DIRECTION('',(-1.0,0.0,0.0));
#4991=ORIENTED_EDGE('',*,*,#4992,.F.);
#5004=CARTESIAN_POINT('',(0.152,-3.556,0.051));
#5003=VERTEX_POINT('',#5004);
#5002=EDGE_CURVE('',#5003,#4993,#5007,.T.);
#5007=LINE('',#5004,#5009);
#5009=VECTOR('',#5010,0.0508);
#5010=DIRECTION('',(0.0,0.0,-1.0));
#5001=ORIENTED_EDGE('',*,*,#5002,.F.);
#5014=CARTESIAN_POINT('',(-0.152,-3.556,0.051));
#5013=VERTEX_POINT('',#5014);
#5012=EDGE_CURVE('',#5013,#5003,#5017,.T.);
#5017=LINE('',#5014,#5019);
#5019=VECTOR('',#5020,0.3048);
#5020=DIRECTION('',(1.0,0.0,0.0));
#5011=ORIENTED_EDGE('',*,*,#5012,.F.);
#5022=EDGE_CURVE('',#4995,#5013,#5027,.T.);
#5027=LINE('',#4996,#5029);
#5029=VECTOR('',#5030,0.0508);
#5030=DIRECTION('',(0.0,0.0,1.0));
#5021=ORIENTED_EDGE('',*,*,#5022,.F.);
#5031=STYLED_ITEM('',(#34),#5032);
#5032=ADVANCED_FACE('',(#5038),#5033,.T.);
#5033=PLANE('',#5034);
#5034=AXIS2_PLACEMENT_3D('',#5035,#5036,#5037);
#5035=CARTESIAN_POINT('',(0.152,-3.556,0.0));
#5036=DIRECTION('',(1.0,0.0,0.0));
#5037=DIRECTION('',(0.,0.,1.));
#5038=FACE_OUTER_BOUND('',#5039,.T.);
#5039=EDGE_LOOP('',(#5040,#5050,#5060,#5070));
#5043=CARTESIAN_POINT('',(0.152,-3.099,0.0));
#5042=VERTEX_POINT('',#5043);
#5041=EDGE_CURVE('',#5042,#4993,#5046,.T.);
#5046=LINE('',#5043,#5048);
#5048=VECTOR('',#5049,0.4572);
#5049=DIRECTION('',(0.0,-1.0,0.0));
#5040=ORIENTED_EDGE('',*,*,#5041,.F.);
#5053=CARTESIAN_POINT('',(0.152,-3.099,0.051));
#5052=VERTEX_POINT('',#5053);
#5051=EDGE_CURVE('',#5052,#5042,#5056,.T.);
#5056=LINE('',#5053,#5058);
#5058=VECTOR('',#5059,0.0508);
#5059=DIRECTION('',(0.0,0.0,-1.0));
#5050=ORIENTED_EDGE('',*,*,#5051,.F.);
#5061=EDGE_CURVE('',#5003,#5052,#5066,.T.);
#5066=LINE('',#5004,#5068);
#5068=VECTOR('',#5069,0.4572);
#5069=DIRECTION('',(0.0,1.0,0.0));
#5060=ORIENTED_EDGE('',*,*,#5061,.F.);
#5070=ORIENTED_EDGE('',*,*,#5002,.T.);
#5080=STYLED_ITEM('',(#34),#5081);
#5081=ADVANCED_FACE('',(#5087),#5082,.T.);
#5082=PLANE('',#5083);
#5083=AXIS2_PLACEMENT_3D('',#5084,#5085,#5086);
#5084=CARTESIAN_POINT('',(0.152,-3.099,0.0));
#5085=DIRECTION('',(0.0,1.0,0.0));
#5086=DIRECTION('',(0.,0.,1.));
#5087=FACE_OUTER_BOUND('',#5088,.T.);
#5088=EDGE_LOOP('',(#5089,#5099,#5109,#5119));
#5092=CARTESIAN_POINT('',(-0.152,-3.099,0.0));
#5091=VERTEX_POINT('',#5092);
#5090=EDGE_CURVE('',#5091,#5042,#5095,.T.);
#5095=LINE('',#5092,#5097);
#5097=VECTOR('',#5098,0.3048);
#5098=DIRECTION('',(1.0,0.0,0.0));
#5089=ORIENTED_EDGE('',*,*,#5090,.F.);
#5102=CARTESIAN_POINT('',(-0.152,-3.099,0.051));
#5101=VERTEX_POINT('',#5102);
#5100=EDGE_CURVE('',#5101,#5091,#5105,.T.);
#5105=LINE('',#5102,#5107);
#5107=VECTOR('',#5108,0.0508);
#5108=DIRECTION('',(0.0,0.0,-1.0));
#5099=ORIENTED_EDGE('',*,*,#5100,.F.);
#5110=EDGE_CURVE('',#5052,#5101,#5115,.T.);
#5115=LINE('',#5053,#5117);
#5117=VECTOR('',#5118,0.3048);
#5118=DIRECTION('',(-1.0,0.0,0.0));
#5109=ORIENTED_EDGE('',*,*,#5110,.F.);
#5119=ORIENTED_EDGE('',*,*,#5051,.T.);
#5129=STYLED_ITEM('',(#34),#5130);
#5130=ADVANCED_FACE('',(#5136),#5131,.T.);
#5131=PLANE('',#5132);
#5132=AXIS2_PLACEMENT_3D('',#5133,#5134,#5135);
#5133=CARTESIAN_POINT('',(-0.152,-3.099,0.0));
#5134=DIRECTION('',(-1.0,0.0,0.0));
#5135=DIRECTION('',(0.,0.,1.));
#5136=FACE_OUTER_BOUND('',#5137,.T.);
#5137=EDGE_LOOP('',(#5138,#5148,#5158,#5168));
#5139=EDGE_CURVE('',#4995,#5091,#5144,.T.);
#5144=LINE('',#4996,#5146);
#5146=VECTOR('',#5147,0.4572);
#5147=DIRECTION('',(0.0,1.0,0.0));
#5138=ORIENTED_EDGE('',*,*,#5139,.F.);
#5148=ORIENTED_EDGE('',*,*,#5022,.T.);
#5159=EDGE_CURVE('',#5101,#5013,#5164,.T.);
#5164=LINE('',#5102,#5166);
#5166=VECTOR('',#5167,0.4572);
#5167=DIRECTION('',(0.0,-1.0,0.0));
#5158=ORIENTED_EDGE('',*,*,#5159,.F.);
#5168=ORIENTED_EDGE('',*,*,#5100,.T.);
#5178=STYLED_ITEM('',(#34),#5179);
#5179=ADVANCED_FACE('',(#5185),#5180,.T.);
#5180=PLANE('',#5181);
#5181=AXIS2_PLACEMENT_3D('',#5182,#5183,#5184);
#5182=CARTESIAN_POINT('',(-0.152,-3.099,0.0));
#5183=DIRECTION('',(0.0,0.0,-1.0));
#5184=DIRECTION('',(0.,1.,0.));
#5185=FACE_OUTER_BOUND('',#5186,.T.);
#5186=EDGE_LOOP('',(#5187,#5197,#5207,#5217));
#5187=ORIENTED_EDGE('',*,*,#5090,.T.);
#5197=ORIENTED_EDGE('',*,*,#5041,.T.);
#5207=ORIENTED_EDGE('',*,*,#4992,.T.);
#5217=ORIENTED_EDGE('',*,*,#5139,.T.);
#5227=STYLED_ITEM('',(#34),#5228);
#5228=ADVANCED_FACE('',(#5234),#5229,.T.);
#5229=PLANE('',#5230);
#5230=AXIS2_PLACEMENT_3D('',#5231,#5232,#5233);
#5231=CARTESIAN_POINT('',(-0.152,-3.556,0.051));
#5232=DIRECTION('',(0.0,0.0,1.0));
#5233=DIRECTION('',(0.,1.,0.));
#5234=FACE_OUTER_BOUND('',#5235,.T.);
#5235=EDGE_LOOP('',(#5236,#5246,#5256,#5266));
#5236=ORIENTED_EDGE('',*,*,#5012,.T.);
#5246=ORIENTED_EDGE('',*,*,#5061,.T.);
#5256=ORIENTED_EDGE('',*,*,#5110,.T.);
#5266=ORIENTED_EDGE('',*,*,#5159,.T.);
#5276=MANIFOLD_SOLID_BREP($,#5277);
#5277=CLOSED_SHELL('',(#5279,#5328,#5377,#5426,#5475,#5524));
#5278=STYLED_ITEM('',(#34),#5279);
#5279=ADVANCED_FACE('',(#5285),#5280,.T.);
#5280=PLANE('',#5281);
#5281=AXIS2_PLACEMENT_3D('',#5282,#5283,#5284);
#5282=CARTESIAN_POINT('',(0.348,-3.556,0.0));
#5283=DIRECTION('',(0.0,-1.0,0.0));
#5284=DIRECTION('',(0.,0.,1.));
#5285=FACE_OUTER_BOUND('',#5286,.T.);
#5286=EDGE_LOOP('',(#5287,#5297,#5307,#5317));
#5290=CARTESIAN_POINT('',(0.652,-3.556,0.0));
#5289=VERTEX_POINT('',#5290);
#5292=CARTESIAN_POINT('',(0.348,-3.556,0.0));
#5291=VERTEX_POINT('',#5292);
#5288=EDGE_CURVE('',#5289,#5291,#5293,.T.);
#5293=LINE('',#5290,#5295);
#5295=VECTOR('',#5296,0.3048);
#5296=DIRECTION('',(-1.0,0.0,0.0));
#5287=ORIENTED_EDGE('',*,*,#5288,.F.);
#5300=CARTESIAN_POINT('',(0.652,-3.556,0.051));
#5299=VERTEX_POINT('',#5300);
#5298=EDGE_CURVE('',#5299,#5289,#5303,.T.);
#5303=LINE('',#5300,#5305);
#5305=VECTOR('',#5306,0.0508);
#5306=DIRECTION('',(0.0,0.0,-1.0));
#5297=ORIENTED_EDGE('',*,*,#5298,.F.);
#5310=CARTESIAN_POINT('',(0.348,-3.556,0.051));
#5309=VERTEX_POINT('',#5310);
#5308=EDGE_CURVE('',#5309,#5299,#5313,.T.);
#5313=LINE('',#5310,#5315);
#5315=VECTOR('',#5316,0.3048);
#5316=DIRECTION('',(1.0,0.0,0.0));
#5307=ORIENTED_EDGE('',*,*,#5308,.F.);
#5318=EDGE_CURVE('',#5291,#5309,#5323,.T.);
#5323=LINE('',#5292,#5325);
#5325=VECTOR('',#5326,0.0508);
#5326=DIRECTION('',(0.0,0.0,1.0));
#5317=ORIENTED_EDGE('',*,*,#5318,.F.);
#5327=STYLED_ITEM('',(#34),#5328);
#5328=ADVANCED_FACE('',(#5334),#5329,.T.);
#5329=PLANE('',#5330);
#5330=AXIS2_PLACEMENT_3D('',#5331,#5332,#5333);
#5331=CARTESIAN_POINT('',(0.652,-3.556,0.0));
#5332=DIRECTION('',(1.0,0.0,0.0));
#5333=DIRECTION('',(0.,0.,1.));
#5334=FACE_OUTER_BOUND('',#5335,.T.);
#5335=EDGE_LOOP('',(#5336,#5346,#5356,#5366));
#5339=CARTESIAN_POINT('',(0.652,-3.099,0.0));
#5338=VERTEX_POINT('',#5339);
#5337=EDGE_CURVE('',#5338,#5289,#5342,.T.);
#5342=LINE('',#5339,#5344);
#5344=VECTOR('',#5345,0.4572);
#5345=DIRECTION('',(0.0,-1.0,0.0));
#5336=ORIENTED_EDGE('',*,*,#5337,.F.);
#5349=CARTESIAN_POINT('',(0.652,-3.099,0.051));
#5348=VERTEX_POINT('',#5349);
#5347=EDGE_CURVE('',#5348,#5338,#5352,.T.);
#5352=LINE('',#5349,#5354);
#5354=VECTOR('',#5355,0.0508);
#5355=DIRECTION('',(0.0,0.0,-1.0));
#5346=ORIENTED_EDGE('',*,*,#5347,.F.);
#5357=EDGE_CURVE('',#5299,#5348,#5362,.T.);
#5362=LINE('',#5300,#5364);
#5364=VECTOR('',#5365,0.4572);
#5365=DIRECTION('',(0.0,1.0,0.0));
#5356=ORIENTED_EDGE('',*,*,#5357,.F.);
#5366=ORIENTED_EDGE('',*,*,#5298,.T.);
#5376=STYLED_ITEM('',(#34),#5377);
#5377=ADVANCED_FACE('',(#5383),#5378,.T.);
#5378=PLANE('',#5379);
#5379=AXIS2_PLACEMENT_3D('',#5380,#5381,#5382);
#5380=CARTESIAN_POINT('',(0.652,-3.099,0.0));
#5381=DIRECTION('',(0.0,1.0,0.0));
#5382=DIRECTION('',(0.,0.,1.));
#5383=FACE_OUTER_BOUND('',#5384,.T.);
#5384=EDGE_LOOP('',(#5385,#5395,#5405,#5415));
#5388=CARTESIAN_POINT('',(0.348,-3.099,0.0));
#5387=VERTEX_POINT('',#5388);
#5386=EDGE_CURVE('',#5387,#5338,#5391,.T.);
#5391=LINE('',#5388,#5393);
#5393=VECTOR('',#5394,0.3048);
#5394=DIRECTION('',(1.0,0.0,0.0));
#5385=ORIENTED_EDGE('',*,*,#5386,.F.);
#5398=CARTESIAN_POINT('',(0.348,-3.099,0.051));
#5397=VERTEX_POINT('',#5398);
#5396=EDGE_CURVE('',#5397,#5387,#5401,.T.);
#5401=LINE('',#5398,#5403);
#5403=VECTOR('',#5404,0.0508);
#5404=DIRECTION('',(0.0,0.0,-1.0));
#5395=ORIENTED_EDGE('',*,*,#5396,.F.);
#5406=EDGE_CURVE('',#5348,#5397,#5411,.T.);
#5411=LINE('',#5349,#5413);
#5413=VECTOR('',#5414,0.3048);
#5414=DIRECTION('',(-1.0,0.0,0.0));
#5405=ORIENTED_EDGE('',*,*,#5406,.F.);
#5415=ORIENTED_EDGE('',*,*,#5347,.T.);
#5425=STYLED_ITEM('',(#34),#5426);
#5426=ADVANCED_FACE('',(#5432),#5427,.T.);
#5427=PLANE('',#5428);
#5428=AXIS2_PLACEMENT_3D('',#5429,#5430,#5431);
#5429=CARTESIAN_POINT('',(0.348,-3.099,0.0));
#5430=DIRECTION('',(-1.0,0.0,0.0));
#5431=DIRECTION('',(0.,0.,1.));
#5432=FACE_OUTER_BOUND('',#5433,.T.);
#5433=EDGE_LOOP('',(#5434,#5444,#5454,#5464));
#5435=EDGE_CURVE('',#5291,#5387,#5440,.T.);
#5440=LINE('',#5292,#5442);
#5442=VECTOR('',#5443,0.4572);
#5443=DIRECTION('',(0.0,1.0,0.0));
#5434=ORIENTED_EDGE('',*,*,#5435,.F.);
#5444=ORIENTED_EDGE('',*,*,#5318,.T.);
#5455=EDGE_CURVE('',#5397,#5309,#5460,.T.);
#5460=LINE('',#5398,#5462);
#5462=VECTOR('',#5463,0.4572);
#5463=DIRECTION('',(0.0,-1.0,0.0));
#5454=ORIENTED_EDGE('',*,*,#5455,.F.);
#5464=ORIENTED_EDGE('',*,*,#5396,.T.);
#5474=STYLED_ITEM('',(#34),#5475);
#5475=ADVANCED_FACE('',(#5481),#5476,.T.);
#5476=PLANE('',#5477);
#5477=AXIS2_PLACEMENT_3D('',#5478,#5479,#5480);
#5478=CARTESIAN_POINT('',(0.348,-3.099,0.0));
#5479=DIRECTION('',(0.0,0.0,-1.0));
#5480=DIRECTION('',(0.,1.,0.));
#5481=FACE_OUTER_BOUND('',#5482,.T.);
#5482=EDGE_LOOP('',(#5483,#5493,#5503,#5513));
#5483=ORIENTED_EDGE('',*,*,#5386,.T.);
#5493=ORIENTED_EDGE('',*,*,#5337,.T.);
#5503=ORIENTED_EDGE('',*,*,#5288,.T.);
#5513=ORIENTED_EDGE('',*,*,#5435,.T.);
#5523=STYLED_ITEM('',(#34),#5524);
#5524=ADVANCED_FACE('',(#5530),#5525,.T.);
#5525=PLANE('',#5526);
#5526=AXIS2_PLACEMENT_3D('',#5527,#5528,#5529);
#5527=CARTESIAN_POINT('',(0.348,-3.556,0.051));
#5528=DIRECTION('',(0.0,0.0,1.0));
#5529=DIRECTION('',(0.,1.,0.));
#5530=FACE_OUTER_BOUND('',#5531,.T.);
#5531=EDGE_LOOP('',(#5532,#5542,#5552,#5562));
#5532=ORIENTED_EDGE('',*,*,#5308,.T.);
#5542=ORIENTED_EDGE('',*,*,#5357,.T.);
#5552=ORIENTED_EDGE('',*,*,#5406,.T.);
#5562=ORIENTED_EDGE('',*,*,#5455,.T.);
#5572=MANIFOLD_SOLID_BREP($,#5573);
#5573=CLOSED_SHELL('',(#5575,#5624,#5673,#5722,#5771,#5820));
#5574=STYLED_ITEM('',(#34),#5575);
#5575=ADVANCED_FACE('',(#5581),#5576,.T.);
#5576=PLANE('',#5577);
#5577=AXIS2_PLACEMENT_3D('',#5578,#5579,#5580);
#5578=CARTESIAN_POINT('',(0.848,-3.556,0.0));
#5579=DIRECTION('',(0.0,-1.0,0.0));
#5580=DIRECTION('',(0.,0.,1.));
#5581=FACE_OUTER_BOUND('',#5582,.T.);
#5582=EDGE_LOOP('',(#5583,#5593,#5603,#5613));
#5586=CARTESIAN_POINT('',(1.152,-3.556,0.0));
#5585=VERTEX_POINT('',#5586);
#5588=CARTESIAN_POINT('',(0.848,-3.556,0.0));
#5587=VERTEX_POINT('',#5588);
#5584=EDGE_CURVE('',#5585,#5587,#5589,.T.);
#5589=LINE('',#5586,#5591);
#5591=VECTOR('',#5592,0.3048);
#5592=DIRECTION('',(-1.0,0.0,0.0));
#5583=ORIENTED_EDGE('',*,*,#5584,.F.);
#5596=CARTESIAN_POINT('',(1.152,-3.556,0.051));
#5595=VERTEX_POINT('',#5596);
#5594=EDGE_CURVE('',#5595,#5585,#5599,.T.);
#5599=LINE('',#5596,#5601);
#5601=VECTOR('',#5602,0.0508);
#5602=DIRECTION('',(0.0,0.0,-1.0));
#5593=ORIENTED_EDGE('',*,*,#5594,.F.);
#5606=CARTESIAN_POINT('',(0.848,-3.556,0.051));
#5605=VERTEX_POINT('',#5606);
#5604=EDGE_CURVE('',#5605,#5595,#5609,.T.);
#5609=LINE('',#5606,#5611);
#5611=VECTOR('',#5612,0.3048);
#5612=DIRECTION('',(1.0,0.0,0.0));
#5603=ORIENTED_EDGE('',*,*,#5604,.F.);
#5614=EDGE_CURVE('',#5587,#5605,#5619,.T.);
#5619=LINE('',#5588,#5621);
#5621=VECTOR('',#5622,0.0508);
#5622=DIRECTION('',(0.0,0.0,1.0));
#5613=ORIENTED_EDGE('',*,*,#5614,.F.);
#5623=STYLED_ITEM('',(#34),#5624);
#5624=ADVANCED_FACE('',(#5630),#5625,.T.);
#5625=PLANE('',#5626);
#5626=AXIS2_PLACEMENT_3D('',#5627,#5628,#5629);
#5627=CARTESIAN_POINT('',(1.152,-3.556,0.0));
#5628=DIRECTION('',(1.0,0.0,0.0));
#5629=DIRECTION('',(0.,0.,1.));
#5630=FACE_OUTER_BOUND('',#5631,.T.);
#5631=EDGE_LOOP('',(#5632,#5642,#5652,#5662));
#5635=CARTESIAN_POINT('',(1.152,-3.099,0.0));
#5634=VERTEX_POINT('',#5635);
#5633=EDGE_CURVE('',#5634,#5585,#5638,.T.);
#5638=LINE('',#5635,#5640);
#5640=VECTOR('',#5641,0.4572);
#5641=DIRECTION('',(0.0,-1.0,0.0));
#5632=ORIENTED_EDGE('',*,*,#5633,.F.);
#5645=CARTESIAN_POINT('',(1.152,-3.099,0.051));
#5644=VERTEX_POINT('',#5645);
#5643=EDGE_CURVE('',#5644,#5634,#5648,.T.);
#5648=LINE('',#5645,#5650);
#5650=VECTOR('',#5651,0.0508);
#5651=DIRECTION('',(0.0,0.0,-1.0));
#5642=ORIENTED_EDGE('',*,*,#5643,.F.);
#5653=EDGE_CURVE('',#5595,#5644,#5658,.T.);
#5658=LINE('',#5596,#5660);
#5660=VECTOR('',#5661,0.4572);
#5661=DIRECTION('',(0.0,1.0,0.0));
#5652=ORIENTED_EDGE('',*,*,#5653,.F.);
#5662=ORIENTED_EDGE('',*,*,#5594,.T.);
#5672=STYLED_ITEM('',(#34),#5673);
#5673=ADVANCED_FACE('',(#5679),#5674,.T.);
#5674=PLANE('',#5675);
#5675=AXIS2_PLACEMENT_3D('',#5676,#5677,#5678);
#5676=CARTESIAN_POINT('',(1.152,-3.099,0.0));
#5677=DIRECTION('',(0.0,1.0,0.0));
#5678=DIRECTION('',(0.,0.,1.));
#5679=FACE_OUTER_BOUND('',#5680,.T.);
#5680=EDGE_LOOP('',(#5681,#5691,#5701,#5711));
#5684=CARTESIAN_POINT('',(0.848,-3.099,0.0));
#5683=VERTEX_POINT('',#5684);
#5682=EDGE_CURVE('',#5683,#5634,#5687,.T.);
#5687=LINE('',#5684,#5689);
#5689=VECTOR('',#5690,0.3048);
#5690=DIRECTION('',(1.0,0.0,0.0));
#5681=ORIENTED_EDGE('',*,*,#5682,.F.);
#5694=CARTESIAN_POINT('',(0.848,-3.099,0.051));
#5693=VERTEX_POINT('',#5694);
#5692=EDGE_CURVE('',#5693,#5683,#5697,.T.);
#5697=LINE('',#5694,#5699);
#5699=VECTOR('',#5700,0.0508);
#5700=DIRECTION('',(0.0,0.0,-1.0));
#5691=ORIENTED_EDGE('',*,*,#5692,.F.);
#5702=EDGE_CURVE('',#5644,#5693,#5707,.T.);
#5707=LINE('',#5645,#5709);
#5709=VECTOR('',#5710,0.3048);
#5710=DIRECTION('',(-1.0,0.0,0.0));
#5701=ORIENTED_EDGE('',*,*,#5702,.F.);
#5711=ORIENTED_EDGE('',*,*,#5643,.T.);
#5721=STYLED_ITEM('',(#34),#5722);
#5722=ADVANCED_FACE('',(#5728),#5723,.T.);
#5723=PLANE('',#5724);
#5724=AXIS2_PLACEMENT_3D('',#5725,#5726,#5727);
#5725=CARTESIAN_POINT('',(0.848,-3.099,0.0));
#5726=DIRECTION('',(-1.0,0.0,0.0));
#5727=DIRECTION('',(0.,0.,1.));
#5728=FACE_OUTER_BOUND('',#5729,.T.);
#5729=EDGE_LOOP('',(#5730,#5740,#5750,#5760));
#5731=EDGE_CURVE('',#5587,#5683,#5736,.T.);
#5736=LINE('',#5588,#5738);
#5738=VECTOR('',#5739,0.4572);
#5739=DIRECTION('',(0.0,1.0,0.0));
#5730=ORIENTED_EDGE('',*,*,#5731,.F.);
#5740=ORIENTED_EDGE('',*,*,#5614,.T.);
#5751=EDGE_CURVE('',#5693,#5605,#5756,.T.);
#5756=LINE('',#5694,#5758);
#5758=VECTOR('',#5759,0.4572);
#5759=DIRECTION('',(0.0,-1.0,0.0));
#5750=ORIENTED_EDGE('',*,*,#5751,.F.);
#5760=ORIENTED_EDGE('',*,*,#5692,.T.);
#5770=STYLED_ITEM('',(#34),#5771);
#5771=ADVANCED_FACE('',(#5777),#5772,.T.);
#5772=PLANE('',#5773);
#5773=AXIS2_PLACEMENT_3D('',#5774,#5775,#5776);
#5774=CARTESIAN_POINT('',(0.848,-3.099,0.0));
#5775=DIRECTION('',(0.0,0.0,-1.0));
#5776=DIRECTION('',(0.,1.,0.));
#5777=FACE_OUTER_BOUND('',#5778,.T.);
#5778=EDGE_LOOP('',(#5779,#5789,#5799,#5809));
#5779=ORIENTED_EDGE('',*,*,#5682,.T.);
#5789=ORIENTED_EDGE('',*,*,#5633,.T.);
#5799=ORIENTED_EDGE('',*,*,#5584,.T.);
#5809=ORIENTED_EDGE('',*,*,#5731,.T.);
#5819=STYLED_ITEM('',(#34),#5820);
#5820=ADVANCED_FACE('',(#5826),#5821,.T.);
#5821=PLANE('',#5822);
#5822=AXIS2_PLACEMENT_3D('',#5823,#5824,#5825);
#5823=CARTESIAN_POINT('',(0.848,-3.556,0.051));
#5824=DIRECTION('',(0.0,0.0,1.0));
#5825=DIRECTION('',(0.,1.,0.));
#5826=FACE_OUTER_BOUND('',#5827,.T.);
#5827=EDGE_LOOP('',(#5828,#5838,#5848,#5858));
#5828=ORIENTED_EDGE('',*,*,#5604,.T.);
#5838=ORIENTED_EDGE('',*,*,#5653,.T.);
#5848=ORIENTED_EDGE('',*,*,#5702,.T.);
#5858=ORIENTED_EDGE('',*,*,#5751,.T.);
#5868=MANIFOLD_SOLID_BREP($,#5869);
#5869=CLOSED_SHELL('',(#5871,#5920,#5969,#6018,#6067,#6116));
#5870=STYLED_ITEM('',(#34),#5871);
#5871=ADVANCED_FACE('',(#5877),#5872,.T.);
#5872=PLANE('',#5873);
#5873=AXIS2_PLACEMENT_3D('',#5874,#5875,#5876);
#5874=CARTESIAN_POINT('',(1.348,-3.556,0.0));
#5875=DIRECTION('',(0.0,-1.0,0.0));
#5876=DIRECTION('',(0.,0.,1.));
#5877=FACE_OUTER_BOUND('',#5878,.T.);
#5878=EDGE_LOOP('',(#5879,#5889,#5899,#5909));
#5882=CARTESIAN_POINT('',(1.652,-3.556,0.0));
#5881=VERTEX_POINT('',#5882);
#5884=CARTESIAN_POINT('',(1.348,-3.556,0.0));
#5883=VERTEX_POINT('',#5884);
#5880=EDGE_CURVE('',#5881,#5883,#5885,.T.);
#5885=LINE('',#5882,#5887);
#5887=VECTOR('',#5888,0.3048);
#5888=DIRECTION('',(-1.0,0.0,0.0));
#5879=ORIENTED_EDGE('',*,*,#5880,.F.);
#5892=CARTESIAN_POINT('',(1.652,-3.556,0.051));
#5891=VERTEX_POINT('',#5892);
#5890=EDGE_CURVE('',#5891,#5881,#5895,.T.);
#5895=LINE('',#5892,#5897);
#5897=VECTOR('',#5898,0.0508);
#5898=DIRECTION('',(0.0,0.0,-1.0));
#5889=ORIENTED_EDGE('',*,*,#5890,.F.);
#5902=CARTESIAN_POINT('',(1.348,-3.556,0.051));
#5901=VERTEX_POINT('',#5902);
#5900=EDGE_CURVE('',#5901,#5891,#5905,.T.);
#5905=LINE('',#5902,#5907);
#5907=VECTOR('',#5908,0.3048);
#5908=DIRECTION('',(1.0,0.0,0.0));
#5899=ORIENTED_EDGE('',*,*,#5900,.F.);
#5910=EDGE_CURVE('',#5883,#5901,#5915,.T.);
#5915=LINE('',#5884,#5917);
#5917=VECTOR('',#5918,0.0508);
#5918=DIRECTION('',(0.0,0.0,1.0));
#5909=ORIENTED_EDGE('',*,*,#5910,.F.);
#5919=STYLED_ITEM('',(#34),#5920);
#5920=ADVANCED_FACE('',(#5926),#5921,.T.);
#5921=PLANE('',#5922);
#5922=AXIS2_PLACEMENT_3D('',#5923,#5924,#5925);
#5923=CARTESIAN_POINT('',(1.652,-3.556,0.0));
#5924=DIRECTION('',(1.0,0.0,0.0));
#5925=DIRECTION('',(0.,0.,1.));
#5926=FACE_OUTER_BOUND('',#5927,.T.);
#5927=EDGE_LOOP('',(#5928,#5938,#5948,#5958));
#5931=CARTESIAN_POINT('',(1.652,-3.099,0.0));
#5930=VERTEX_POINT('',#5931);
#5929=EDGE_CURVE('',#5930,#5881,#5934,.T.);
#5934=LINE('',#5931,#5936);
#5936=VECTOR('',#5937,0.4572);
#5937=DIRECTION('',(0.0,-1.0,0.0));
#5928=ORIENTED_EDGE('',*,*,#5929,.F.);
#5941=CARTESIAN_POINT('',(1.652,-3.099,0.051));
#5940=VERTEX_POINT('',#5941);
#5939=EDGE_CURVE('',#5940,#5930,#5944,.T.);
#5944=LINE('',#5941,#5946);
#5946=VECTOR('',#5947,0.0508);
#5947=DIRECTION('',(0.0,0.0,-1.0));
#5938=ORIENTED_EDGE('',*,*,#5939,.F.);
#5949=EDGE_CURVE('',#5891,#5940,#5954,.T.);
#5954=LINE('',#5892,#5956);
#5956=VECTOR('',#5957,0.4572);
#5957=DIRECTION('',(0.0,1.0,0.0));
#5948=ORIENTED_EDGE('',*,*,#5949,.F.);
#5958=ORIENTED_EDGE('',*,*,#5890,.T.);
#5968=STYLED_ITEM('',(#34),#5969);
#5969=ADVANCED_FACE('',(#5975),#5970,.T.);
#5970=PLANE('',#5971);
#5971=AXIS2_PLACEMENT_3D('',#5972,#5973,#5974);
#5972=CARTESIAN_POINT('',(1.652,-3.099,0.0));
#5973=DIRECTION('',(0.0,1.0,0.0));
#5974=DIRECTION('',(0.,0.,1.));
#5975=FACE_OUTER_BOUND('',#5976,.T.);
#5976=EDGE_LOOP('',(#5977,#5987,#5997,#6007));
#5980=CARTESIAN_POINT('',(1.348,-3.099,0.0));
#5979=VERTEX_POINT('',#5980);
#5978=EDGE_CURVE('',#5979,#5930,#5983,.T.);
#5983=LINE('',#5980,#5985);
#5985=VECTOR('',#5986,0.3048);
#5986=DIRECTION('',(1.0,0.0,0.0));
#5977=ORIENTED_EDGE('',*,*,#5978,.F.);
#5990=CARTESIAN_POINT('',(1.348,-3.099,0.051));
#5989=VERTEX_POINT('',#5990);
#5988=EDGE_CURVE('',#5989,#5979,#5993,.T.);
#5993=LINE('',#5990,#5995);
#5995=VECTOR('',#5996,0.0508);
#5996=DIRECTION('',(0.0,0.0,-1.0));
#5987=ORIENTED_EDGE('',*,*,#5988,.F.);
#5998=EDGE_CURVE('',#5940,#5989,#6003,.T.);
#6003=LINE('',#5941,#6005);
#6005=VECTOR('',#6006,0.3048);
#6006=DIRECTION('',(-1.0,0.0,0.0));
#5997=ORIENTED_EDGE('',*,*,#5998,.F.);
#6007=ORIENTED_EDGE('',*,*,#5939,.T.);
#6017=STYLED_ITEM('',(#34),#6018);
#6018=ADVANCED_FACE('',(#6024),#6019,.T.);
#6019=PLANE('',#6020);
#6020=AXIS2_PLACEMENT_3D('',#6021,#6022,#6023);
#6021=CARTESIAN_POINT('',(1.348,-3.099,0.0));
#6022=DIRECTION('',(-1.0,0.0,0.0));
#6023=DIRECTION('',(0.,0.,1.));
#6024=FACE_OUTER_BOUND('',#6025,.T.);
#6025=EDGE_LOOP('',(#6026,#6036,#6046,#6056));
#6027=EDGE_CURVE('',#5883,#5979,#6032,.T.);
#6032=LINE('',#5884,#6034);
#6034=VECTOR('',#6035,0.4572);
#6035=DIRECTION('',(0.0,1.0,0.0));
#6026=ORIENTED_EDGE('',*,*,#6027,.F.);
#6036=ORIENTED_EDGE('',*,*,#5910,.T.);
#6047=EDGE_CURVE('',#5989,#5901,#6052,.T.);
#6052=LINE('',#5990,#6054);
#6054=VECTOR('',#6055,0.4572);
#6055=DIRECTION('',(0.0,-1.0,0.0));
#6046=ORIENTED_EDGE('',*,*,#6047,.F.);
#6056=ORIENTED_EDGE('',*,*,#5988,.T.);
#6066=STYLED_ITEM('',(#34),#6067);
#6067=ADVANCED_FACE('',(#6073),#6068,.T.);
#6068=PLANE('',#6069);
#6069=AXIS2_PLACEMENT_3D('',#6070,#6071,#6072);
#6070=CARTESIAN_POINT('',(1.348,-3.099,0.0));
#6071=DIRECTION('',(0.0,0.0,-1.0));
#6072=DIRECTION('',(0.,1.,0.));
#6073=FACE_OUTER_BOUND('',#6074,.T.);
#6074=EDGE_LOOP('',(#6075,#6085,#6095,#6105));
#6075=ORIENTED_EDGE('',*,*,#5978,.T.);
#6085=ORIENTED_EDGE('',*,*,#5929,.T.);
#6095=ORIENTED_EDGE('',*,*,#5880,.T.);
#6105=ORIENTED_EDGE('',*,*,#6027,.T.);
#6115=STYLED_ITEM('',(#34),#6116);
#6116=ADVANCED_FACE('',(#6122),#6117,.T.);
#6117=PLANE('',#6118);
#6118=AXIS2_PLACEMENT_3D('',#6119,#6120,#6121);
#6119=CARTESIAN_POINT('',(1.348,-3.556,0.051));
#6120=DIRECTION('',(0.0,0.0,1.0));
#6121=DIRECTION('',(0.,1.,0.));
#6122=FACE_OUTER_BOUND('',#6123,.T.);
#6123=EDGE_LOOP('',(#6124,#6134,#6144,#6154));
#6124=ORIENTED_EDGE('',*,*,#5900,.T.);
#6134=ORIENTED_EDGE('',*,*,#5949,.T.);
#6144=ORIENTED_EDGE('',*,*,#5998,.T.);
#6154=ORIENTED_EDGE('',*,*,#6047,.T.);
#6164=MANIFOLD_SOLID_BREP($,#6165);
#6165=CLOSED_SHELL('',(#6167,#6216,#6265,#6314,#6363,#6412));
#6166=STYLED_ITEM('',(#34),#6167);
#6167=ADVANCED_FACE('',(#6173),#6168,.T.);
#6168=PLANE('',#6169);
#6169=AXIS2_PLACEMENT_3D('',#6170,#6171,#6172);
#6170=CARTESIAN_POINT('',(2.096,-2.902,0.0));
#6171=DIRECTION('',(0.0,-1.0,0.0));
#6172=DIRECTION('',(0.,0.,1.));
#6173=FACE_OUTER_BOUND('',#6174,.T.);
#6174=EDGE_LOOP('',(#6175,#6185,#6195,#6205));
#6178=CARTESIAN_POINT('',(2.553,-2.902,0.0));
#6177=VERTEX_POINT('',#6178);
#6180=CARTESIAN_POINT('',(2.096,-2.902,0.0));
#6179=VERTEX_POINT('',#6180);
#6176=EDGE_CURVE('',#6177,#6179,#6181,.T.);
#6181=LINE('',#6178,#6183);
#6183=VECTOR('',#6184,0.4572);
#6184=DIRECTION('',(-1.0,0.0,0.0));
#6175=ORIENTED_EDGE('',*,*,#6176,.F.);
#6188=CARTESIAN_POINT('',(2.553,-2.902,0.051));
#6187=VERTEX_POINT('',#6188);
#6186=EDGE_CURVE('',#6187,#6177,#6191,.T.);
#6191=LINE('',#6188,#6193);
#6193=VECTOR('',#6194,0.0508);
#6194=DIRECTION('',(0.0,0.0,-1.0));
#6185=ORIENTED_EDGE('',*,*,#6186,.F.);
#6198=CARTESIAN_POINT('',(2.096,-2.902,0.051));
#6197=VERTEX_POINT('',#6198);
#6196=EDGE_CURVE('',#6197,#6187,#6201,.T.);
#6201=LINE('',#6198,#6203);
#6203=VECTOR('',#6204,0.4572);
#6204=DIRECTION('',(1.0,0.0,0.0));
#6195=ORIENTED_EDGE('',*,*,#6196,.F.);
#6206=EDGE_CURVE('',#6179,#6197,#6211,.T.);
#6211=LINE('',#6180,#6213);
#6213=VECTOR('',#6214,0.0508);
#6214=DIRECTION('',(0.0,0.0,1.0));
#6205=ORIENTED_EDGE('',*,*,#6206,.F.);
#6215=STYLED_ITEM('',(#34),#6216);
#6216=ADVANCED_FACE('',(#6222),#6217,.T.);
#6217=PLANE('',#6218);
#6218=AXIS2_PLACEMENT_3D('',#6219,#6220,#6221);
#6219=CARTESIAN_POINT('',(2.553,-2.902,0.0));
#6220=DIRECTION('',(1.0,0.0,0.0));
#6221=DIRECTION('',(0.,0.,1.));
#6222=FACE_OUTER_BOUND('',#6223,.T.);
#6223=EDGE_LOOP('',(#6224,#6234,#6244,#6254));
#6227=CARTESIAN_POINT('',(2.553,-2.598,0.0));
#6226=VERTEX_POINT('',#6227);
#6225=EDGE_CURVE('',#6226,#6177,#6230,.T.);
#6230=LINE('',#6227,#6232);
#6232=VECTOR('',#6233,0.3048);
#6233=DIRECTION('',(0.0,-1.0,0.0));
#6224=ORIENTED_EDGE('',*,*,#6225,.F.);
#6237=CARTESIAN_POINT('',(2.553,-2.598,0.051));
#6236=VERTEX_POINT('',#6237);
#6235=EDGE_CURVE('',#6236,#6226,#6240,.T.);
#6240=LINE('',#6237,#6242);
#6242=VECTOR('',#6243,0.0508);
#6243=DIRECTION('',(0.0,0.0,-1.0));
#6234=ORIENTED_EDGE('',*,*,#6235,.F.);
#6245=EDGE_CURVE('',#6187,#6236,#6250,.T.);
#6250=LINE('',#6188,#6252);
#6252=VECTOR('',#6253,0.3048);
#6253=DIRECTION('',(0.0,1.0,0.0));
#6244=ORIENTED_EDGE('',*,*,#6245,.F.);
#6254=ORIENTED_EDGE('',*,*,#6186,.T.);
#6264=STYLED_ITEM('',(#34),#6265);
#6265=ADVANCED_FACE('',(#6271),#6266,.T.);
#6266=PLANE('',#6267);
#6267=AXIS2_PLACEMENT_3D('',#6268,#6269,#6270);
#6268=CARTESIAN_POINT('',(2.553,-2.598,0.0));
#6269=DIRECTION('',(0.0,1.0,0.0));
#6270=DIRECTION('',(0.,0.,1.));
#6271=FACE_OUTER_BOUND('',#6272,.T.);
#6272=EDGE_LOOP('',(#6273,#6283,#6293,#6303));
#6276=CARTESIAN_POINT('',(2.096,-2.598,0.0));
#6275=VERTEX_POINT('',#6276);
#6274=EDGE_CURVE('',#6275,#6226,#6279,.T.);
#6279=LINE('',#6276,#6281);
#6281=VECTOR('',#6282,0.4572);
#6282=DIRECTION('',(1.0,0.0,0.0));
#6273=ORIENTED_EDGE('',*,*,#6274,.F.);
#6286=CARTESIAN_POINT('',(2.096,-2.598,0.051));
#6285=VERTEX_POINT('',#6286);
#6284=EDGE_CURVE('',#6285,#6275,#6289,.T.);
#6289=LINE('',#6286,#6291);
#6291=VECTOR('',#6292,0.0508);
#6292=DIRECTION('',(0.0,0.0,-1.0));
#6283=ORIENTED_EDGE('',*,*,#6284,.F.);
#6294=EDGE_CURVE('',#6236,#6285,#6299,.T.);
#6299=LINE('',#6237,#6301);
#6301=VECTOR('',#6302,0.4572);
#6302=DIRECTION('',(-1.0,0.0,0.0));
#6293=ORIENTED_EDGE('',*,*,#6294,.F.);
#6303=ORIENTED_EDGE('',*,*,#6235,.T.);
#6313=STYLED_ITEM('',(#34),#6314);
#6314=ADVANCED_FACE('',(#6320),#6315,.T.);
#6315=PLANE('',#6316);
#6316=AXIS2_PLACEMENT_3D('',#6317,#6318,#6319);
#6317=CARTESIAN_POINT('',(2.096,-2.598,0.0));
#6318=DIRECTION('',(-1.0,0.0,0.0));
#6319=DIRECTION('',(0.,0.,1.));
#6320=FACE_OUTER_BOUND('',#6321,.T.);
#6321=EDGE_LOOP('',(#6322,#6332,#6342,#6352));
#6323=EDGE_CURVE('',#6179,#6275,#6328,.T.);
#6328=LINE('',#6180,#6330);
#6330=VECTOR('',#6331,0.3048);
#6331=DIRECTION('',(0.0,1.0,0.0));
#6322=ORIENTED_EDGE('',*,*,#6323,.F.);
#6332=ORIENTED_EDGE('',*,*,#6206,.T.);
#6343=EDGE_CURVE('',#6285,#6197,#6348,.T.);
#6348=LINE('',#6286,#6350);
#6350=VECTOR('',#6351,0.3048);
#6351=DIRECTION('',(0.0,-1.0,0.0));
#6342=ORIENTED_EDGE('',*,*,#6343,.F.);
#6352=ORIENTED_EDGE('',*,*,#6284,.T.);
#6362=STYLED_ITEM('',(#34),#6363);
#6363=ADVANCED_FACE('',(#6369),#6364,.T.);
#6364=PLANE('',#6365);
#6365=AXIS2_PLACEMENT_3D('',#6366,#6367,#6368);
#6366=CARTESIAN_POINT('',(2.096,-2.598,0.0));
#6367=DIRECTION('',(0.0,0.0,-1.0));
#6368=DIRECTION('',(0.,1.,0.));
#6369=FACE_OUTER_BOUND('',#6370,.T.);
#6370=EDGE_LOOP('',(#6371,#6381,#6391,#6401));
#6371=ORIENTED_EDGE('',*,*,#6274,.T.);
#6381=ORIENTED_EDGE('',*,*,#6225,.T.);
#6391=ORIENTED_EDGE('',*,*,#6176,.T.);
#6401=ORIENTED_EDGE('',*,*,#6323,.T.);
#6411=STYLED_ITEM('',(#34),#6412);
#6412=ADVANCED_FACE('',(#6418),#6413,.T.);
#6413=PLANE('',#6414);
#6414=AXIS2_PLACEMENT_3D('',#6415,#6416,#6417);
#6415=CARTESIAN_POINT('',(2.096,-2.902,0.051));
#6416=DIRECTION('',(0.0,0.0,1.0));
#6417=DIRECTION('',(0.,1.,0.));
#6418=FACE_OUTER_BOUND('',#6419,.T.);
#6419=EDGE_LOOP('',(#6420,#6430,#6440,#6450));
#6420=ORIENTED_EDGE('',*,*,#6196,.T.);
#6430=ORIENTED_EDGE('',*,*,#6245,.T.);
#6440=ORIENTED_EDGE('',*,*,#6294,.T.);
#6450=ORIENTED_EDGE('',*,*,#6343,.T.);
#6460=MANIFOLD_SOLID_BREP($,#6461);
#6461=CLOSED_SHELL('',(#6463,#6512,#6561,#6610,#6659,#6708));
#6462=STYLED_ITEM('',(#34),#6463);
#6463=ADVANCED_FACE('',(#6469),#6464,.T.);
#6464=PLANE('',#6465);
#6465=AXIS2_PLACEMENT_3D('',#6466,#6467,#6468);
#6466=CARTESIAN_POINT('',(2.096,-2.402,0.0));
#6467=DIRECTION('',(0.0,-1.0,0.0));
#6468=DIRECTION('',(0.,0.,1.));
#6469=FACE_OUTER_BOUND('',#6470,.T.);
#6470=EDGE_LOOP('',(#6471,#6481,#6491,#6501));
#6474=CARTESIAN_POINT('',(2.553,-2.402,0.0));
#6473=VERTEX_POINT('',#6474);
#6476=CARTESIAN_POINT('',(2.096,-2.402,0.0));
#6475=VERTEX_POINT('',#6476);
#6472=EDGE_CURVE('',#6473,#6475,#6477,.T.);
#6477=LINE('',#6474,#6479);
#6479=VECTOR('',#6480,0.4572);
#6480=DIRECTION('',(-1.0,0.0,0.0));
#6471=ORIENTED_EDGE('',*,*,#6472,.F.);
#6484=CARTESIAN_POINT('',(2.553,-2.402,0.051));
#6483=VERTEX_POINT('',#6484);
#6482=EDGE_CURVE('',#6483,#6473,#6487,.T.);
#6487=LINE('',#6484,#6489);
#6489=VECTOR('',#6490,0.0508);
#6490=DIRECTION('',(0.0,0.0,-1.0));
#6481=ORIENTED_EDGE('',*,*,#6482,.F.);
#6494=CARTESIAN_POINT('',(2.096,-2.402,0.051));
#6493=VERTEX_POINT('',#6494);
#6492=EDGE_CURVE('',#6493,#6483,#6497,.T.);
#6497=LINE('',#6494,#6499);
#6499=VECTOR('',#6500,0.4572);
#6500=DIRECTION('',(1.0,0.0,0.0));
#6491=ORIENTED_EDGE('',*,*,#6492,.F.);
#6502=EDGE_CURVE('',#6475,#6493,#6507,.T.);
#6507=LINE('',#6476,#6509);
#6509=VECTOR('',#6510,0.0508);
#6510=DIRECTION('',(0.0,0.0,1.0));
#6501=ORIENTED_EDGE('',*,*,#6502,.F.);
#6511=STYLED_ITEM('',(#34),#6512);
#6512=ADVANCED_FACE('',(#6518),#6513,.T.);
#6513=PLANE('',#6514);
#6514=AXIS2_PLACEMENT_3D('',#6515,#6516,#6517);
#6515=CARTESIAN_POINT('',(2.553,-2.402,0.0));
#6516=DIRECTION('',(1.0,0.0,0.0));
#6517=DIRECTION('',(0.,0.,1.));
#6518=FACE_OUTER_BOUND('',#6519,.T.);
#6519=EDGE_LOOP('',(#6520,#6530,#6540,#6550));
#6523=CARTESIAN_POINT('',(2.553,-2.098,0.0));
#6522=VERTEX_POINT('',#6523);
#6521=EDGE_CURVE('',#6522,#6473,#6526,.T.);
#6526=LINE('',#6523,#6528);
#6528=VECTOR('',#6529,0.3048);
#6529=DIRECTION('',(0.0,-1.0,0.0));
#6520=ORIENTED_EDGE('',*,*,#6521,.F.);
#6533=CARTESIAN_POINT('',(2.553,-2.098,0.051));
#6532=VERTEX_POINT('',#6533);
#6531=EDGE_CURVE('',#6532,#6522,#6536,.T.);
#6536=LINE('',#6533,#6538);
#6538=VECTOR('',#6539,0.0508);
#6539=DIRECTION('',(0.0,0.0,-1.0));
#6530=ORIENTED_EDGE('',*,*,#6531,.F.);
#6541=EDGE_CURVE('',#6483,#6532,#6546,.T.);
#6546=LINE('',#6484,#6548);
#6548=VECTOR('',#6549,0.3048);
#6549=DIRECTION('',(0.0,1.0,0.0));
#6540=ORIENTED_EDGE('',*,*,#6541,.F.);
#6550=ORIENTED_EDGE('',*,*,#6482,.T.);
#6560=STYLED_ITEM('',(#34),#6561);
#6561=ADVANCED_FACE('',(#6567),#6562,.T.);
#6562=PLANE('',#6563);
#6563=AXIS2_PLACEMENT_3D('',#6564,#6565,#6566);
#6564=CARTESIAN_POINT('',(2.553,-2.098,0.0));
#6565=DIRECTION('',(0.0,1.0,0.0));
#6566=DIRECTION('',(0.,0.,1.));
#6567=FACE_OUTER_BOUND('',#6568,.T.);
#6568=EDGE_LOOP('',(#6569,#6579,#6589,#6599));
#6572=CARTESIAN_POINT('',(2.096,-2.098,0.0));
#6571=VERTEX_POINT('',#6572);
#6570=EDGE_CURVE('',#6571,#6522,#6575,.T.);
#6575=LINE('',#6572,#6577);
#6577=VECTOR('',#6578,0.4572);
#6578=DIRECTION('',(1.0,0.0,0.0));
#6569=ORIENTED_EDGE('',*,*,#6570,.F.);
#6582=CARTESIAN_POINT('',(2.096,-2.098,0.051));
#6581=VERTEX_POINT('',#6582);
#6580=EDGE_CURVE('',#6581,#6571,#6585,.T.);
#6585=LINE('',#6582,#6587);
#6587=VECTOR('',#6588,0.0508);
#6588=DIRECTION('',(0.0,0.0,-1.0));
#6579=ORIENTED_EDGE('',*,*,#6580,.F.);
#6590=EDGE_CURVE('',#6532,#6581,#6595,.T.);
#6595=LINE('',#6533,#6597);
#6597=VECTOR('',#6598,0.4572);
#6598=DIRECTION('',(-1.0,0.0,0.0));
#6589=ORIENTED_EDGE('',*,*,#6590,.F.);
#6599=ORIENTED_EDGE('',*,*,#6531,.T.);
#6609=STYLED_ITEM('',(#34),#6610);
#6610=ADVANCED_FACE('',(#6616),#6611,.T.);
#6611=PLANE('',#6612);
#6612=AXIS2_PLACEMENT_3D('',#6613,#6614,#6615);
#6613=CARTESIAN_POINT('',(2.096,-2.098,0.0));
#6614=DIRECTION('',(-1.0,0.0,0.0));
#6615=DIRECTION('',(0.,0.,1.));
#6616=FACE_OUTER_BOUND('',#6617,.T.);
#6617=EDGE_LOOP('',(#6618,#6628,#6638,#6648));
#6619=EDGE_CURVE('',#6475,#6571,#6624,.T.);
#6624=LINE('',#6476,#6626);
#6626=VECTOR('',#6627,0.3048);
#6627=DIRECTION('',(0.0,1.0,0.0));
#6618=ORIENTED_EDGE('',*,*,#6619,.F.);
#6628=ORIENTED_EDGE('',*,*,#6502,.T.);
#6639=EDGE_CURVE('',#6581,#6493,#6644,.T.);
#6644=LINE('',#6582,#6646);
#6646=VECTOR('',#6647,0.3048);
#6647=DIRECTION('',(0.0,-1.0,0.0));
#6638=ORIENTED_EDGE('',*,*,#6639,.F.);
#6648=ORIENTED_EDGE('',*,*,#6580,.T.);
#6658=STYLED_ITEM('',(#34),#6659);
#6659=ADVANCED_FACE('',(#6665),#6660,.T.);
#6660=PLANE('',#6661);
#6661=AXIS2_PLACEMENT_3D('',#6662,#6663,#6664);
#6662=CARTESIAN_POINT('',(2.096,-2.098,0.0));
#6663=DIRECTION('',(0.0,0.0,-1.0));
#6664=DIRECTION('',(0.,1.,0.));
#6665=FACE_OUTER_BOUND('',#6666,.T.);
#6666=EDGE_LOOP('',(#6667,#6677,#6687,#6697));
#6667=ORIENTED_EDGE('',*,*,#6570,.T.);
#6677=ORIENTED_EDGE('',*,*,#6521,.T.);
#6687=ORIENTED_EDGE('',*,*,#6472,.T.);
#6697=ORIENTED_EDGE('',*,*,#6619,.T.);
#6707=STYLED_ITEM('',(#34),#6708);
#6708=ADVANCED_FACE('',(#6714),#6709,.T.);
#6709=PLANE('',#6710);
#6710=AXIS2_PLACEMENT_3D('',#6711,#6712,#6713);
#6711=CARTESIAN_POINT('',(2.096,-2.402,0.051));
#6712=DIRECTION('',(0.0,0.0,1.0));
#6713=DIRECTION('',(0.,1.,0.));
#6714=FACE_OUTER_BOUND('',#6715,.T.);
#6715=EDGE_LOOP('',(#6716,#6726,#6736,#6746));
#6716=ORIENTED_EDGE('',*,*,#6492,.T.);
#6726=ORIENTED_EDGE('',*,*,#6541,.T.);
#6736=ORIENTED_EDGE('',*,*,#6590,.T.);
#6746=ORIENTED_EDGE('',*,*,#6639,.T.);
#6756=MANIFOLD_SOLID_BREP($,#6757);
#6757=CLOSED_SHELL('',(#6759,#6808,#6857,#6906,#6955,#7004));
#6758=STYLED_ITEM('',(#34),#6759);
#6759=ADVANCED_FACE('',(#6765),#6760,.T.);
#6760=PLANE('',#6761);
#6761=AXIS2_PLACEMENT_3D('',#6762,#6763,#6764);
#6762=CARTESIAN_POINT('',(2.096,-1.902,0.0));
#6763=DIRECTION('',(0.0,-1.0,0.0));
#6764=DIRECTION('',(0.,0.,1.));
#6765=FACE_OUTER_BOUND('',#6766,.T.);
#6766=EDGE_LOOP('',(#6767,#6777,#6787,#6797));
#6770=CARTESIAN_POINT('',(2.553,-1.902,0.0));
#6769=VERTEX_POINT('',#6770);
#6772=CARTESIAN_POINT('',(2.096,-1.902,0.0));
#6771=VERTEX_POINT('',#6772);
#6768=EDGE_CURVE('',#6769,#6771,#6773,.T.);
#6773=LINE('',#6770,#6775);
#6775=VECTOR('',#6776,0.4572);
#6776=DIRECTION('',(-1.0,0.0,0.0));
#6767=ORIENTED_EDGE('',*,*,#6768,.F.);
#6780=CARTESIAN_POINT('',(2.553,-1.902,0.051));
#6779=VERTEX_POINT('',#6780);
#6778=EDGE_CURVE('',#6779,#6769,#6783,.T.);
#6783=LINE('',#6780,#6785);
#6785=VECTOR('',#6786,0.0508);
#6786=DIRECTION('',(0.0,0.0,-1.0));
#6777=ORIENTED_EDGE('',*,*,#6778,.F.);
#6790=CARTESIAN_POINT('',(2.096,-1.902,0.051));
#6789=VERTEX_POINT('',#6790);
#6788=EDGE_CURVE('',#6789,#6779,#6793,.T.);
#6793=LINE('',#6790,#6795);
#6795=VECTOR('',#6796,0.4572);
#6796=DIRECTION('',(1.0,0.0,0.0));
#6787=ORIENTED_EDGE('',*,*,#6788,.F.);
#6798=EDGE_CURVE('',#6771,#6789,#6803,.T.);
#6803=LINE('',#6772,#6805);
#6805=VECTOR('',#6806,0.0508);
#6806=DIRECTION('',(0.0,0.0,1.0));
#6797=ORIENTED_EDGE('',*,*,#6798,.F.);
#6807=STYLED_ITEM('',(#34),#6808);
#6808=ADVANCED_FACE('',(#6814),#6809,.T.);
#6809=PLANE('',#6810);
#6810=AXIS2_PLACEMENT_3D('',#6811,#6812,#6813);
#6811=CARTESIAN_POINT('',(2.553,-1.902,0.0));
#6812=DIRECTION('',(1.0,0.0,0.0));
#6813=DIRECTION('',(0.,0.,1.));
#6814=FACE_OUTER_BOUND('',#6815,.T.);
#6815=EDGE_LOOP('',(#6816,#6826,#6836,#6846));
#6819=CARTESIAN_POINT('',(2.553,-1.598,0.0));
#6818=VERTEX_POINT('',#6819);
#6817=EDGE_CURVE('',#6818,#6769,#6822,.T.);
#6822=LINE('',#6819,#6824);
#6824=VECTOR('',#6825,0.3048);
#6825=DIRECTION('',(0.0,-1.0,0.0));
#6816=ORIENTED_EDGE('',*,*,#6817,.F.);
#6829=CARTESIAN_POINT('',(2.553,-1.598,0.051));
#6828=VERTEX_POINT('',#6829);
#6827=EDGE_CURVE('',#6828,#6818,#6832,.T.);
#6832=LINE('',#6829,#6834);
#6834=VECTOR('',#6835,0.0508);
#6835=DIRECTION('',(0.0,0.0,-1.0));
#6826=ORIENTED_EDGE('',*,*,#6827,.F.);
#6837=EDGE_CURVE('',#6779,#6828,#6842,.T.);
#6842=LINE('',#6780,#6844);
#6844=VECTOR('',#6845,0.3048);
#6845=DIRECTION('',(0.0,1.0,0.0));
#6836=ORIENTED_EDGE('',*,*,#6837,.F.);
#6846=ORIENTED_EDGE('',*,*,#6778,.T.);
#6856=STYLED_ITEM('',(#34),#6857);
#6857=ADVANCED_FACE('',(#6863),#6858,.T.);
#6858=PLANE('',#6859);
#6859=AXIS2_PLACEMENT_3D('',#6860,#6861,#6862);
#6860=CARTESIAN_POINT('',(2.553,-1.598,0.0));
#6861=DIRECTION('',(0.0,1.0,0.0));
#6862=DIRECTION('',(0.,0.,1.));
#6863=FACE_OUTER_BOUND('',#6864,.T.);
#6864=EDGE_LOOP('',(#6865,#6875,#6885,#6895));
#6868=CARTESIAN_POINT('',(2.096,-1.598,0.0));
#6867=VERTEX_POINT('',#6868);
#6866=EDGE_CURVE('',#6867,#6818,#6871,.T.);
#6871=LINE('',#6868,#6873);
#6873=VECTOR('',#6874,0.4572);
#6874=DIRECTION('',(1.0,0.0,0.0));
#6865=ORIENTED_EDGE('',*,*,#6866,.F.);
#6878=CARTESIAN_POINT('',(2.096,-1.598,0.051));
#6877=VERTEX_POINT('',#6878);
#6876=EDGE_CURVE('',#6877,#6867,#6881,.T.);
#6881=LINE('',#6878,#6883);
#6883=VECTOR('',#6884,0.0508);
#6884=DIRECTION('',(0.0,0.0,-1.0));
#6875=ORIENTED_EDGE('',*,*,#6876,.F.);
#6886=EDGE_CURVE('',#6828,#6877,#6891,.T.);
#6891=LINE('',#6829,#6893);
#6893=VECTOR('',#6894,0.4572);
#6894=DIRECTION('',(-1.0,0.0,0.0));
#6885=ORIENTED_EDGE('',*,*,#6886,.F.);
#6895=ORIENTED_EDGE('',*,*,#6827,.T.);
#6905=STYLED_ITEM('',(#34),#6906);
#6906=ADVANCED_FACE('',(#6912),#6907,.T.);
#6907=PLANE('',#6908);
#6908=AXIS2_PLACEMENT_3D('',#6909,#6910,#6911);
#6909=CARTESIAN_POINT('',(2.096,-1.598,0.0));
#6910=DIRECTION('',(-1.0,0.0,0.0));
#6911=DIRECTION('',(0.,0.,1.));
#6912=FACE_OUTER_BOUND('',#6913,.T.);
#6913=EDGE_LOOP('',(#6914,#6924,#6934,#6944));
#6915=EDGE_CURVE('',#6771,#6867,#6920,.T.);
#6920=LINE('',#6772,#6922);
#6922=VECTOR('',#6923,0.3048);
#6923=DIRECTION('',(0.0,1.0,0.0));
#6914=ORIENTED_EDGE('',*,*,#6915,.F.);
#6924=ORIENTED_EDGE('',*,*,#6798,.T.);
#6935=EDGE_CURVE('',#6877,#6789,#6940,.T.);
#6940=LINE('',#6878,#6942);
#6942=VECTOR('',#6943,0.3048);
#6943=DIRECTION('',(0.0,-1.0,0.0));
#6934=ORIENTED_EDGE('',*,*,#6935,.F.);
#6944=ORIENTED_EDGE('',*,*,#6876,.T.);
#6954=STYLED_ITEM('',(#34),#6955);
#6955=ADVANCED_FACE('',(#6961),#6956,.T.);
#6956=PLANE('',#6957);
#6957=AXIS2_PLACEMENT_3D('',#6958,#6959,#6960);
#6958=CARTESIAN_POINT('',(2.096,-1.598,0.0));
#6959=DIRECTION('',(0.0,0.0,-1.0));
#6960=DIRECTION('',(0.,1.,0.));
#6961=FACE_OUTER_BOUND('',#6962,.T.);
#6962=EDGE_LOOP('',(#6963,#6973,#6983,#6993));
#6963=ORIENTED_EDGE('',*,*,#6866,.T.);
#6973=ORIENTED_EDGE('',*,*,#6817,.T.);
#6983=ORIENTED_EDGE('',*,*,#6768,.T.);
#6993=ORIENTED_EDGE('',*,*,#6915,.T.);
#7003=STYLED_ITEM('',(#34),#7004);
#7004=ADVANCED_FACE('',(#7010),#7005,.T.);
#7005=PLANE('',#7006);
#7006=AXIS2_PLACEMENT_3D('',#7007,#7008,#7009);
#7007=CARTESIAN_POINT('',(2.096,-1.902,0.051));
#7008=DIRECTION('',(0.0,0.0,1.0));
#7009=DIRECTION('',(0.,1.,0.));
#7010=FACE_OUTER_BOUND('',#7011,.T.);
#7011=EDGE_LOOP('',(#7012,#7022,#7032,#7042));
#7012=ORIENTED_EDGE('',*,*,#6788,.T.);
#7022=ORIENTED_EDGE('',*,*,#6837,.T.);
#7032=ORIENTED_EDGE('',*,*,#6886,.T.);
#7042=ORIENTED_EDGE('',*,*,#6935,.T.);
#7052=MANIFOLD_SOLID_BREP($,#7053);
#7053=CLOSED_SHELL('',(#7055,#7104,#7153,#7202,#7251,#7300));
#7054=STYLED_ITEM('',(#34),#7055);
#7055=ADVANCED_FACE('',(#7061),#7056,.T.);
#7056=PLANE('',#7057);
#7057=AXIS2_PLACEMENT_3D('',#7058,#7059,#7060);
#7058=CARTESIAN_POINT('',(2.096,-1.402,0.0));
#7059=DIRECTION('',(0.0,-1.0,0.0));
#7060=DIRECTION('',(0.,0.,1.));
#7061=FACE_OUTER_BOUND('',#7062,.T.);
#7062=EDGE_LOOP('',(#7063,#7073,#7083,#7093));
#7066=CARTESIAN_POINT('',(2.553,-1.402,0.0));
#7065=VERTEX_POINT('',#7066);
#7068=CARTESIAN_POINT('',(2.096,-1.402,0.0));
#7067=VERTEX_POINT('',#7068);
#7064=EDGE_CURVE('',#7065,#7067,#7069,.T.);
#7069=LINE('',#7066,#7071);
#7071=VECTOR('',#7072,0.4572);
#7072=DIRECTION('',(-1.0,0.0,0.0));
#7063=ORIENTED_EDGE('',*,*,#7064,.F.);
#7076=CARTESIAN_POINT('',(2.553,-1.402,0.051));
#7075=VERTEX_POINT('',#7076);
#7074=EDGE_CURVE('',#7075,#7065,#7079,.T.);
#7079=LINE('',#7076,#7081);
#7081=VECTOR('',#7082,0.0508);
#7082=DIRECTION('',(0.0,0.0,-1.0));
#7073=ORIENTED_EDGE('',*,*,#7074,.F.);
#7086=CARTESIAN_POINT('',(2.096,-1.402,0.051));
#7085=VERTEX_POINT('',#7086);
#7084=EDGE_CURVE('',#7085,#7075,#7089,.T.);
#7089=LINE('',#7086,#7091);
#7091=VECTOR('',#7092,0.4572);
#7092=DIRECTION('',(1.0,0.0,0.0));
#7083=ORIENTED_EDGE('',*,*,#7084,.F.);
#7094=EDGE_CURVE('',#7067,#7085,#7099,.T.);
#7099=LINE('',#7068,#7101);
#7101=VECTOR('',#7102,0.0508);
#7102=DIRECTION('',(0.0,0.0,1.0));
#7093=ORIENTED_EDGE('',*,*,#7094,.F.);
#7103=STYLED_ITEM('',(#34),#7104);
#7104=ADVANCED_FACE('',(#7110),#7105,.T.);
#7105=PLANE('',#7106);
#7106=AXIS2_PLACEMENT_3D('',#7107,#7108,#7109);
#7107=CARTESIAN_POINT('',(2.553,-1.402,0.0));
#7108=DIRECTION('',(1.0,0.0,0.0));
#7109=DIRECTION('',(0.,0.,1.));
#7110=FACE_OUTER_BOUND('',#7111,.T.);
#7111=EDGE_LOOP('',(#7112,#7122,#7132,#7142));
#7115=CARTESIAN_POINT('',(2.553,-1.098,0.0));
#7114=VERTEX_POINT('',#7115);
#7113=EDGE_CURVE('',#7114,#7065,#7118,.T.);
#7118=LINE('',#7115,#7120);
#7120=VECTOR('',#7121,0.3048);
#7121=DIRECTION('',(0.0,-1.0,0.0));
#7112=ORIENTED_EDGE('',*,*,#7113,.F.);
#7125=CARTESIAN_POINT('',(2.553,-1.098,0.051));
#7124=VERTEX_POINT('',#7125);
#7123=EDGE_CURVE('',#7124,#7114,#7128,.T.);
#7128=LINE('',#7125,#7130);
#7130=VECTOR('',#7131,0.0508);
#7131=DIRECTION('',(0.0,0.0,-1.0));
#7122=ORIENTED_EDGE('',*,*,#7123,.F.);
#7133=EDGE_CURVE('',#7075,#7124,#7138,.T.);
#7138=LINE('',#7076,#7140);
#7140=VECTOR('',#7141,0.3048);
#7141=DIRECTION('',(0.0,1.0,0.0));
#7132=ORIENTED_EDGE('',*,*,#7133,.F.);
#7142=ORIENTED_EDGE('',*,*,#7074,.T.);
#7152=STYLED_ITEM('',(#34),#7153);
#7153=ADVANCED_FACE('',(#7159),#7154,.T.);
#7154=PLANE('',#7155);
#7155=AXIS2_PLACEMENT_3D('',#7156,#7157,#7158);
#7156=CARTESIAN_POINT('',(2.553,-1.098,0.0));
#7157=DIRECTION('',(0.0,1.0,0.0));
#7158=DIRECTION('',(0.,0.,1.));
#7159=FACE_OUTER_BOUND('',#7160,.T.);
#7160=EDGE_LOOP('',(#7161,#7171,#7181,#7191));
#7164=CARTESIAN_POINT('',(2.096,-1.098,0.0));
#7163=VERTEX_POINT('',#7164);
#7162=EDGE_CURVE('',#7163,#7114,#7167,.T.);
#7167=LINE('',#7164,#7169);
#7169=VECTOR('',#7170,0.4572);
#7170=DIRECTION('',(1.0,0.0,0.0));
#7161=ORIENTED_EDGE('',*,*,#7162,.F.);
#7174=CARTESIAN_POINT('',(2.096,-1.098,0.051));
#7173=VERTEX_POINT('',#7174);
#7172=EDGE_CURVE('',#7173,#7163,#7177,.T.);
#7177=LINE('',#7174,#7179);
#7179=VECTOR('',#7180,0.0508);
#7180=DIRECTION('',(0.0,0.0,-1.0));
#7171=ORIENTED_EDGE('',*,*,#7172,.F.);
#7182=EDGE_CURVE('',#7124,#7173,#7187,.T.);
#7187=LINE('',#7125,#7189);
#7189=VECTOR('',#7190,0.4572);
#7190=DIRECTION('',(-1.0,0.0,0.0));
#7181=ORIENTED_EDGE('',*,*,#7182,.F.);
#7191=ORIENTED_EDGE('',*,*,#7123,.T.);
#7201=STYLED_ITEM('',(#34),#7202);
#7202=ADVANCED_FACE('',(#7208),#7203,.T.);
#7203=PLANE('',#7204);
#7204=AXIS2_PLACEMENT_3D('',#7205,#7206,#7207);
#7205=CARTESIAN_POINT('',(2.096,-1.098,0.0));
#7206=DIRECTION('',(-1.0,0.0,0.0));
#7207=DIRECTION('',(0.,0.,1.));
#7208=FACE_OUTER_BOUND('',#7209,.T.);
#7209=EDGE_LOOP('',(#7210,#7220,#7230,#7240));
#7211=EDGE_CURVE('',#7067,#7163,#7216,.T.);
#7216=LINE('',#7068,#7218);
#7218=VECTOR('',#7219,0.3048);
#7219=DIRECTION('',(0.0,1.0,0.0));
#7210=ORIENTED_EDGE('',*,*,#7211,.F.);
#7220=ORIENTED_EDGE('',*,*,#7094,.T.);
#7231=EDGE_CURVE('',#7173,#7085,#7236,.T.);
#7236=LINE('',#7174,#7238);
#7238=VECTOR('',#7239,0.3048);
#7239=DIRECTION('',(0.0,-1.0,0.0));
#7230=ORIENTED_EDGE('',*,*,#7231,.F.);
#7240=ORIENTED_EDGE('',*,*,#7172,.T.);
#7250=STYLED_ITEM('',(#34),#7251);
#7251=ADVANCED_FACE('',(#7257),#7252,.T.);
#7252=PLANE('',#7253);
#7253=AXIS2_PLACEMENT_3D('',#7254,#7255,#7256);
#7254=CARTESIAN_POINT('',(2.096,-1.098,0.0));
#7255=DIRECTION('',(0.0,0.0,-1.0));
#7256=DIRECTION('',(0.,1.,0.));
#7257=FACE_OUTER_BOUND('',#7258,.T.);
#7258=EDGE_LOOP('',(#7259,#7269,#7279,#7289));
#7259=ORIENTED_EDGE('',*,*,#7162,.T.);
#7269=ORIENTED_EDGE('',*,*,#7113,.T.);
#7279=ORIENTED_EDGE('',*,*,#7064,.T.);
#7289=ORIENTED_EDGE('',*,*,#7211,.T.);
#7299=STYLED_ITEM('',(#34),#7300);
#7300=ADVANCED_FACE('',(#7306),#7301,.T.);
#7301=PLANE('',#7302);
#7302=AXIS2_PLACEMENT_3D('',#7303,#7304,#7305);
#7303=CARTESIAN_POINT('',(2.096,-1.402,0.051));
#7304=DIRECTION('',(0.0,0.0,1.0));
#7305=DIRECTION('',(0.,1.,0.));
#7306=FACE_OUTER_BOUND('',#7307,.T.);
#7307=EDGE_LOOP('',(#7308,#7318,#7328,#7338));
#7308=ORIENTED_EDGE('',*,*,#7084,.T.);
#7318=ORIENTED_EDGE('',*,*,#7133,.T.);
#7328=ORIENTED_EDGE('',*,*,#7182,.T.);
#7338=ORIENTED_EDGE('',*,*,#7231,.T.);
#7348=MANIFOLD_SOLID_BREP($,#7349);
#7349=CLOSED_SHELL('',(#7351,#7400,#7449,#7498,#7547,#7596));
#7350=STYLED_ITEM('',(#34),#7351);
#7351=ADVANCED_FACE('',(#7357),#7352,.T.);
#7352=PLANE('',#7353);
#7353=AXIS2_PLACEMENT_3D('',#7354,#7355,#7356);
#7354=CARTESIAN_POINT('',(2.096,-0.902,0.0));
#7355=DIRECTION('',(0.0,-1.0,0.0));
#7356=DIRECTION('',(0.,0.,1.));
#7357=FACE_OUTER_BOUND('',#7358,.T.);
#7358=EDGE_LOOP('',(#7359,#7369,#7379,#7389));
#7362=CARTESIAN_POINT('',(2.553,-0.902,0.0));
#7361=VERTEX_POINT('',#7362);
#7364=CARTESIAN_POINT('',(2.096,-0.902,0.0));
#7363=VERTEX_POINT('',#7364);
#7360=EDGE_CURVE('',#7361,#7363,#7365,.T.);
#7365=LINE('',#7362,#7367);
#7367=VECTOR('',#7368,0.4572);
#7368=DIRECTION('',(-1.0,0.0,0.0));
#7359=ORIENTED_EDGE('',*,*,#7360,.F.);
#7372=CARTESIAN_POINT('',(2.553,-0.902,0.051));
#7371=VERTEX_POINT('',#7372);
#7370=EDGE_CURVE('',#7371,#7361,#7375,.T.);
#7375=LINE('',#7372,#7377);
#7377=VECTOR('',#7378,0.0508);
#7378=DIRECTION('',(0.0,0.0,-1.0));
#7369=ORIENTED_EDGE('',*,*,#7370,.F.);
#7382=CARTESIAN_POINT('',(2.096,-0.902,0.051));
#7381=VERTEX_POINT('',#7382);
#7380=EDGE_CURVE('',#7381,#7371,#7385,.T.);
#7385=LINE('',#7382,#7387);
#7387=VECTOR('',#7388,0.4572);
#7388=DIRECTION('',(1.0,0.0,0.0));
#7379=ORIENTED_EDGE('',*,*,#7380,.F.);
#7390=EDGE_CURVE('',#7363,#7381,#7395,.T.);
#7395=LINE('',#7364,#7397);
#7397=VECTOR('',#7398,0.0508);
#7398=DIRECTION('',(0.0,0.0,1.0));
#7389=ORIENTED_EDGE('',*,*,#7390,.F.);
#7399=STYLED_ITEM('',(#34),#7400);
#7400=ADVANCED_FACE('',(#7406),#7401,.T.);
#7401=PLANE('',#7402);
#7402=AXIS2_PLACEMENT_3D('',#7403,#7404,#7405);
#7403=CARTESIAN_POINT('',(2.553,-0.902,0.0));
#7404=DIRECTION('',(1.0,0.0,0.0));
#7405=DIRECTION('',(0.,0.,1.));
#7406=FACE_OUTER_BOUND('',#7407,.T.);
#7407=EDGE_LOOP('',(#7408,#7418,#7428,#7438));
#7411=CARTESIAN_POINT('',(2.553,-0.598,0.0));
#7410=VERTEX_POINT('',#7411);
#7409=EDGE_CURVE('',#7410,#7361,#7414,.T.);
#7414=LINE('',#7411,#7416);
#7416=VECTOR('',#7417,0.3048);
#7417=DIRECTION('',(0.0,-1.0,0.0));
#7408=ORIENTED_EDGE('',*,*,#7409,.F.);
#7421=CARTESIAN_POINT('',(2.553,-0.598,0.051));
#7420=VERTEX_POINT('',#7421);
#7419=EDGE_CURVE('',#7420,#7410,#7424,.T.);
#7424=LINE('',#7421,#7426);
#7426=VECTOR('',#7427,0.0508);
#7427=DIRECTION('',(0.0,0.0,-1.0));
#7418=ORIENTED_EDGE('',*,*,#7419,.F.);
#7429=EDGE_CURVE('',#7371,#7420,#7434,.T.);
#7434=LINE('',#7372,#7436);
#7436=VECTOR('',#7437,0.3048);
#7437=DIRECTION('',(0.0,1.0,0.0));
#7428=ORIENTED_EDGE('',*,*,#7429,.F.);
#7438=ORIENTED_EDGE('',*,*,#7370,.T.);
#7448=STYLED_ITEM('',(#34),#7449);
#7449=ADVANCED_FACE('',(#7455),#7450,.T.);
#7450=PLANE('',#7451);
#7451=AXIS2_PLACEMENT_3D('',#7452,#7453,#7454);
#7452=CARTESIAN_POINT('',(2.553,-0.598,0.0));
#7453=DIRECTION('',(0.0,1.0,0.0));
#7454=DIRECTION('',(0.,0.,1.));
#7455=FACE_OUTER_BOUND('',#7456,.T.);
#7456=EDGE_LOOP('',(#7457,#7467,#7477,#7487));
#7460=CARTESIAN_POINT('',(2.096,-0.598,0.0));
#7459=VERTEX_POINT('',#7460);
#7458=EDGE_CURVE('',#7459,#7410,#7463,.T.);
#7463=LINE('',#7460,#7465);
#7465=VECTOR('',#7466,0.4572);
#7466=DIRECTION('',(1.0,0.0,0.0));
#7457=ORIENTED_EDGE('',*,*,#7458,.F.);
#7470=CARTESIAN_POINT('',(2.096,-0.598,0.051));
#7469=VERTEX_POINT('',#7470);
#7468=EDGE_CURVE('',#7469,#7459,#7473,.T.);
#7473=LINE('',#7470,#7475);
#7475=VECTOR('',#7476,0.0508);
#7476=DIRECTION('',(0.0,0.0,-1.0));
#7467=ORIENTED_EDGE('',*,*,#7468,.F.);
#7478=EDGE_CURVE('',#7420,#7469,#7483,.T.);
#7483=LINE('',#7421,#7485);
#7485=VECTOR('',#7486,0.4572);
#7486=DIRECTION('',(-1.0,0.0,0.0));
#7477=ORIENTED_EDGE('',*,*,#7478,.F.);
#7487=ORIENTED_EDGE('',*,*,#7419,.T.);
#7497=STYLED_ITEM('',(#34),#7498);
#7498=ADVANCED_FACE('',(#7504),#7499,.T.);
#7499=PLANE('',#7500);
#7500=AXIS2_PLACEMENT_3D('',#7501,#7502,#7503);
#7501=CARTESIAN_POINT('',(2.096,-0.598,0.0));
#7502=DIRECTION('',(-1.0,0.0,0.0));
#7503=DIRECTION('',(0.,0.,1.));
#7504=FACE_OUTER_BOUND('',#7505,.T.);
#7505=EDGE_LOOP('',(#7506,#7516,#7526,#7536));
#7507=EDGE_CURVE('',#7363,#7459,#7512,.T.);
#7512=LINE('',#7364,#7514);
#7514=VECTOR('',#7515,0.3048);
#7515=DIRECTION('',(0.0,1.0,0.0));
#7506=ORIENTED_EDGE('',*,*,#7507,.F.);
#7516=ORIENTED_EDGE('',*,*,#7390,.T.);
#7527=EDGE_CURVE('',#7469,#7381,#7532,.T.);
#7532=LINE('',#7470,#7534);
#7534=VECTOR('',#7535,0.3048);
#7535=DIRECTION('',(0.0,-1.0,0.0));
#7526=ORIENTED_EDGE('',*,*,#7527,.F.);
#7536=ORIENTED_EDGE('',*,*,#7468,.T.);
#7546=STYLED_ITEM('',(#34),#7547);
#7547=ADVANCED_FACE('',(#7553),#7548,.T.);
#7548=PLANE('',#7549);
#7549=AXIS2_PLACEMENT_3D('',#7550,#7551,#7552);
#7550=CARTESIAN_POINT('',(2.096,-0.598,0.0));
#7551=DIRECTION('',(0.0,0.0,-1.0));
#7552=DIRECTION('',(0.,1.,0.));
#7553=FACE_OUTER_BOUND('',#7554,.T.);
#7554=EDGE_LOOP('',(#7555,#7565,#7575,#7585));
#7555=ORIENTED_EDGE('',*,*,#7458,.T.);
#7565=ORIENTED_EDGE('',*,*,#7409,.T.);
#7575=ORIENTED_EDGE('',*,*,#7360,.T.);
#7585=ORIENTED_EDGE('',*,*,#7507,.T.);
#7595=STYLED_ITEM('',(#34),#7596);
#7596=ADVANCED_FACE('',(#7602),#7597,.T.);
#7597=PLANE('',#7598);
#7598=AXIS2_PLACEMENT_3D('',#7599,#7600,#7601);
#7599=CARTESIAN_POINT('',(2.096,-0.902,0.051));
#7600=DIRECTION('',(0.0,0.0,1.0));
#7601=DIRECTION('',(0.,1.,0.));
#7602=FACE_OUTER_BOUND('',#7603,.T.);
#7603=EDGE_LOOP('',(#7604,#7614,#7624,#7634));
#7604=ORIENTED_EDGE('',*,*,#7380,.T.);
#7614=ORIENTED_EDGE('',*,*,#7429,.T.);
#7624=ORIENTED_EDGE('',*,*,#7478,.T.);
#7634=ORIENTED_EDGE('',*,*,#7527,.T.);
#7644=MANIFOLD_SOLID_BREP($,#7645);
#7645=CLOSED_SHELL('',(#7647,#7696,#7745,#7794,#7843,#7892));
#7646=STYLED_ITEM('',(#34),#7647);
#7647=ADVANCED_FACE('',(#7653),#7648,.T.);
#7648=PLANE('',#7649);
#7649=AXIS2_PLACEMENT_3D('',#7650,#7651,#7652);
#7650=CARTESIAN_POINT('',(2.096,-0.402,0.0));
#7651=DIRECTION('',(0.0,-1.0,0.0));
#7652=DIRECTION('',(0.,0.,1.));
#7653=FACE_OUTER_BOUND('',#7654,.T.);
#7654=EDGE_LOOP('',(#7655,#7665,#7675,#7685));
#7658=CARTESIAN_POINT('',(2.553,-0.402,0.0));
#7657=VERTEX_POINT('',#7658);
#7660=CARTESIAN_POINT('',(2.096,-0.402,0.0));
#7659=VERTEX_POINT('',#7660);
#7656=EDGE_CURVE('',#7657,#7659,#7661,.T.);
#7661=LINE('',#7658,#7663);
#7663=VECTOR('',#7664,0.4572);
#7664=DIRECTION('',(-1.0,0.0,0.0));
#7655=ORIENTED_EDGE('',*,*,#7656,.F.);
#7668=CARTESIAN_POINT('',(2.553,-0.402,0.051));
#7667=VERTEX_POINT('',#7668);
#7666=EDGE_CURVE('',#7667,#7657,#7671,.T.);
#7671=LINE('',#7668,#7673);
#7673=VECTOR('',#7674,0.0508);
#7674=DIRECTION('',(0.0,0.0,-1.0));
#7665=ORIENTED_EDGE('',*,*,#7666,.F.);
#7678=CARTESIAN_POINT('',(2.096,-0.402,0.051));
#7677=VERTEX_POINT('',#7678);
#7676=EDGE_CURVE('',#7677,#7667,#7681,.T.);
#7681=LINE('',#7678,#7683);
#7683=VECTOR('',#7684,0.4572);
#7684=DIRECTION('',(1.0,0.0,0.0));
#7675=ORIENTED_EDGE('',*,*,#7676,.F.);
#7686=EDGE_CURVE('',#7659,#7677,#7691,.T.);
#7691=LINE('',#7660,#7693);
#7693=VECTOR('',#7694,0.0508);
#7694=DIRECTION('',(0.0,0.0,1.0));
#7685=ORIENTED_EDGE('',*,*,#7686,.F.);
#7695=STYLED_ITEM('',(#34),#7696);
#7696=ADVANCED_FACE('',(#7702),#7697,.T.);
#7697=PLANE('',#7698);
#7698=AXIS2_PLACEMENT_3D('',#7699,#7700,#7701);
#7699=CARTESIAN_POINT('',(2.553,-0.402,0.0));
#7700=DIRECTION('',(1.0,0.0,0.0));
#7701=DIRECTION('',(0.,0.,1.));
#7702=FACE_OUTER_BOUND('',#7703,.T.);
#7703=EDGE_LOOP('',(#7704,#7714,#7724,#7734));
#7707=CARTESIAN_POINT('',(2.553,-0.098,0.0));
#7706=VERTEX_POINT('',#7707);
#7705=EDGE_CURVE('',#7706,#7657,#7710,.T.);
#7710=LINE('',#7707,#7712);
#7712=VECTOR('',#7713,0.3048);
#7713=DIRECTION('',(0.0,-1.0,0.0));
#7704=ORIENTED_EDGE('',*,*,#7705,.F.);
#7717=CARTESIAN_POINT('',(2.553,-0.098,0.051));
#7716=VERTEX_POINT('',#7717);
#7715=EDGE_CURVE('',#7716,#7706,#7720,.T.);
#7720=LINE('',#7717,#7722);
#7722=VECTOR('',#7723,0.0508);
#7723=DIRECTION('',(0.0,0.0,-1.0));
#7714=ORIENTED_EDGE('',*,*,#7715,.F.);
#7725=EDGE_CURVE('',#7667,#7716,#7730,.T.);
#7730=LINE('',#7668,#7732);
#7732=VECTOR('',#7733,0.3048);
#7733=DIRECTION('',(0.0,1.0,0.0));
#7724=ORIENTED_EDGE('',*,*,#7725,.F.);
#7734=ORIENTED_EDGE('',*,*,#7666,.T.);
#7744=STYLED_ITEM('',(#34),#7745);
#7745=ADVANCED_FACE('',(#7751),#7746,.T.);
#7746=PLANE('',#7747);
#7747=AXIS2_PLACEMENT_3D('',#7748,#7749,#7750);
#7748=CARTESIAN_POINT('',(2.553,-0.098,0.0));
#7749=DIRECTION('',(0.0,1.0,0.0));
#7750=DIRECTION('',(0.,0.,1.));
#7751=FACE_OUTER_BOUND('',#7752,.T.);
#7752=EDGE_LOOP('',(#7753,#7763,#7773,#7783));
#7756=CARTESIAN_POINT('',(2.096,-0.098,0.0));
#7755=VERTEX_POINT('',#7756);
#7754=EDGE_CURVE('',#7755,#7706,#7759,.T.);
#7759=LINE('',#7756,#7761);
#7761=VECTOR('',#7762,0.4572);
#7762=DIRECTION('',(1.0,0.0,0.0));
#7753=ORIENTED_EDGE('',*,*,#7754,.F.);
#7766=CARTESIAN_POINT('',(2.096,-0.098,0.051));
#7765=VERTEX_POINT('',#7766);
#7764=EDGE_CURVE('',#7765,#7755,#7769,.T.);
#7769=LINE('',#7766,#7771);
#7771=VECTOR('',#7772,0.0508);
#7772=DIRECTION('',(0.0,0.0,-1.0));
#7763=ORIENTED_EDGE('',*,*,#7764,.F.);
#7774=EDGE_CURVE('',#7716,#7765,#7779,.T.);
#7779=LINE('',#7717,#7781);
#7781=VECTOR('',#7782,0.4572);
#7782=DIRECTION('',(-1.0,0.0,0.0));
#7773=ORIENTED_EDGE('',*,*,#7774,.F.);
#7783=ORIENTED_EDGE('',*,*,#7715,.T.);
#7793=STYLED_ITEM('',(#34),#7794);
#7794=ADVANCED_FACE('',(#7800),#7795,.T.);
#7795=PLANE('',#7796);
#7796=AXIS2_PLACEMENT_3D('',#7797,#7798,#7799);
#7797=CARTESIAN_POINT('',(2.096,-0.098,0.0));
#7798=DIRECTION('',(-1.0,0.0,0.0));
#7799=DIRECTION('',(0.,0.,1.));
#7800=FACE_OUTER_BOUND('',#7801,.T.);
#7801=EDGE_LOOP('',(#7802,#7812,#7822,#7832));
#7803=EDGE_CURVE('',#7659,#7755,#7808,.T.);
#7808=LINE('',#7660,#7810);
#7810=VECTOR('',#7811,0.3048);
#7811=DIRECTION('',(0.0,1.0,0.0));
#7802=ORIENTED_EDGE('',*,*,#7803,.F.);
#7812=ORIENTED_EDGE('',*,*,#7686,.T.);
#7823=EDGE_CURVE('',#7765,#7677,#7828,.T.);
#7828=LINE('',#7766,#7830);
#7830=VECTOR('',#7831,0.3048);
#7831=DIRECTION('',(0.0,-1.0,0.0));
#7822=ORIENTED_EDGE('',*,*,#7823,.F.);
#7832=ORIENTED_EDGE('',*,*,#7764,.T.);
#7842=STYLED_ITEM('',(#34),#7843);
#7843=ADVANCED_FACE('',(#7849),#7844,.T.);
#7844=PLANE('',#7845);
#7845=AXIS2_PLACEMENT_3D('',#7846,#7847,#7848);
#7846=CARTESIAN_POINT('',(2.096,-0.098,0.0));
#7847=DIRECTION('',(0.0,0.0,-1.0));
#7848=DIRECTION('',(0.,1.,0.));
#7849=FACE_OUTER_BOUND('',#7850,.T.);
#7850=EDGE_LOOP('',(#7851,#7861,#7871,#7881));
#7851=ORIENTED_EDGE('',*,*,#7754,.T.);
#7861=ORIENTED_EDGE('',*,*,#7705,.T.);
#7871=ORIENTED_EDGE('',*,*,#7656,.T.);
#7881=ORIENTED_EDGE('',*,*,#7803,.T.);
#7891=STYLED_ITEM('',(#34),#7892);
#7892=ADVANCED_FACE('',(#7898),#7893,.T.);
#7893=PLANE('',#7894);
#7894=AXIS2_PLACEMENT_3D('',#7895,#7896,#7897);
#7895=CARTESIAN_POINT('',(2.096,-0.402,0.051));
#7896=DIRECTION('',(0.0,0.0,1.0));
#7897=DIRECTION('',(0.,1.,0.));
#7898=FACE_OUTER_BOUND('',#7899,.T.);
#7899=EDGE_LOOP('',(#7900,#7910,#7920,#7930));
#7900=ORIENTED_EDGE('',*,*,#7676,.T.);
#7910=ORIENTED_EDGE('',*,*,#7725,.T.);
#7920=ORIENTED_EDGE('',*,*,#7774,.T.);
#7930=ORIENTED_EDGE('',*,*,#7823,.T.);
#7940=MANIFOLD_SOLID_BREP($,#7941);
#7941=CLOSED_SHELL('',(#7943,#7992,#8041,#8090,#8139,#8188));
#7942=STYLED_ITEM('',(#34),#7943);
#7943=ADVANCED_FACE('',(#7949),#7944,.T.);
#7944=PLANE('',#7945);
#7945=AXIS2_PLACEMENT_3D('',#7946,#7947,#7948);
#7946=CARTESIAN_POINT('',(2.096,0.098,0.0));
#7947=DIRECTION('',(0.0,-1.0,0.0));
#7948=DIRECTION('',(0.,0.,1.));
#7949=FACE_OUTER_BOUND('',#7950,.T.);
#7950=EDGE_LOOP('',(#7951,#7961,#7971,#7981));
#7954=CARTESIAN_POINT('',(2.553,0.098,0.0));
#7953=VERTEX_POINT('',#7954);
#7956=CARTESIAN_POINT('',(2.096,0.098,0.0));
#7955=VERTEX_POINT('',#7956);
#7952=EDGE_CURVE('',#7953,#7955,#7957,.T.);
#7957=LINE('',#7954,#7959);
#7959=VECTOR('',#7960,0.4572);
#7960=DIRECTION('',(-1.0,0.0,0.0));
#7951=ORIENTED_EDGE('',*,*,#7952,.F.);
#7964=CARTESIAN_POINT('',(2.553,0.098,0.051));
#7963=VERTEX_POINT('',#7964);
#7962=EDGE_CURVE('',#7963,#7953,#7967,.T.);
#7967=LINE('',#7964,#7969);
#7969=VECTOR('',#7970,0.0508);
#7970=DIRECTION('',(0.0,0.0,-1.0));
#7961=ORIENTED_EDGE('',*,*,#7962,.F.);
#7974=CARTESIAN_POINT('',(2.096,0.098,0.051));
#7973=VERTEX_POINT('',#7974);
#7972=EDGE_CURVE('',#7973,#7963,#7977,.T.);
#7977=LINE('',#7974,#7979);
#7979=VECTOR('',#7980,0.4572);
#7980=DIRECTION('',(1.0,0.0,0.0));
#7971=ORIENTED_EDGE('',*,*,#7972,.F.);
#7982=EDGE_CURVE('',#7955,#7973,#7987,.T.);
#7987=LINE('',#7956,#7989);
#7989=VECTOR('',#7990,0.0508);
#7990=DIRECTION('',(0.0,0.0,1.0));
#7981=ORIENTED_EDGE('',*,*,#7982,.F.);
#7991=STYLED_ITEM('',(#34),#7992);
#7992=ADVANCED_FACE('',(#7998),#7993,.T.);
#7993=PLANE('',#7994);
#7994=AXIS2_PLACEMENT_3D('',#7995,#7996,#7997);
#7995=CARTESIAN_POINT('',(2.553,0.098,0.0));
#7996=DIRECTION('',(1.0,0.0,0.0));
#7997=DIRECTION('',(0.,0.,1.));
#7998=FACE_OUTER_BOUND('',#7999,.T.);
#7999=EDGE_LOOP('',(#8000,#8010,#8020,#8030));
#8003=CARTESIAN_POINT('',(2.553,0.402,0.0));
#8002=VERTEX_POINT('',#8003);
#8001=EDGE_CURVE('',#8002,#7953,#8006,.T.);
#8006=LINE('',#8003,#8008);
#8008=VECTOR('',#8009,0.3048);
#8009=DIRECTION('',(0.0,-1.0,0.0));
#8000=ORIENTED_EDGE('',*,*,#8001,.F.);
#8013=CARTESIAN_POINT('',(2.553,0.402,0.051));
#8012=VERTEX_POINT('',#8013);
#8011=EDGE_CURVE('',#8012,#8002,#8016,.T.);
#8016=LINE('',#8013,#8018);
#8018=VECTOR('',#8019,0.0508);
#8019=DIRECTION('',(0.0,0.0,-1.0));
#8010=ORIENTED_EDGE('',*,*,#8011,.F.);
#8021=EDGE_CURVE('',#7963,#8012,#8026,.T.);
#8026=LINE('',#7964,#8028);
#8028=VECTOR('',#8029,0.3048);
#8029=DIRECTION('',(0.0,1.0,0.0));
#8020=ORIENTED_EDGE('',*,*,#8021,.F.);
#8030=ORIENTED_EDGE('',*,*,#7962,.T.);
#8040=STYLED_ITEM('',(#34),#8041);
#8041=ADVANCED_FACE('',(#8047),#8042,.T.);
#8042=PLANE('',#8043);
#8043=AXIS2_PLACEMENT_3D('',#8044,#8045,#8046);
#8044=CARTESIAN_POINT('',(2.553,0.402,0.0));
#8045=DIRECTION('',(0.0,1.0,0.0));
#8046=DIRECTION('',(0.,0.,1.));
#8047=FACE_OUTER_BOUND('',#8048,.T.);
#8048=EDGE_LOOP('',(#8049,#8059,#8069,#8079));
#8052=CARTESIAN_POINT('',(2.096,0.402,0.0));
#8051=VERTEX_POINT('',#8052);
#8050=EDGE_CURVE('',#8051,#8002,#8055,.T.);
#8055=LINE('',#8052,#8057);
#8057=VECTOR('',#8058,0.4572);
#8058=DIRECTION('',(1.0,0.0,0.0));
#8049=ORIENTED_EDGE('',*,*,#8050,.F.);
#8062=CARTESIAN_POINT('',(2.096,0.402,0.051));
#8061=VERTEX_POINT('',#8062);
#8060=EDGE_CURVE('',#8061,#8051,#8065,.T.);
#8065=LINE('',#8062,#8067);
#8067=VECTOR('',#8068,0.0508);
#8068=DIRECTION('',(0.0,0.0,-1.0));
#8059=ORIENTED_EDGE('',*,*,#8060,.F.);
#8070=EDGE_CURVE('',#8012,#8061,#8075,.T.);
#8075=LINE('',#8013,#8077);
#8077=VECTOR('',#8078,0.4572);
#8078=DIRECTION('',(-1.0,0.0,0.0));
#8069=ORIENTED_EDGE('',*,*,#8070,.F.);
#8079=ORIENTED_EDGE('',*,*,#8011,.T.);
#8089=STYLED_ITEM('',(#34),#8090);
#8090=ADVANCED_FACE('',(#8096),#8091,.T.);
#8091=PLANE('',#8092);
#8092=AXIS2_PLACEMENT_3D('',#8093,#8094,#8095);
#8093=CARTESIAN_POINT('',(2.096,0.402,0.0));
#8094=DIRECTION('',(-1.0,0.0,0.0));
#8095=DIRECTION('',(0.,0.,1.));
#8096=FACE_OUTER_BOUND('',#8097,.T.);
#8097=EDGE_LOOP('',(#8098,#8108,#8118,#8128));
#8099=EDGE_CURVE('',#7955,#8051,#8104,.T.);
#8104=LINE('',#7956,#8106);
#8106=VECTOR('',#8107,0.3048);
#8107=DIRECTION('',(0.0,1.0,0.0));
#8098=ORIENTED_EDGE('',*,*,#8099,.F.);
#8108=ORIENTED_EDGE('',*,*,#7982,.T.);
#8119=EDGE_CURVE('',#8061,#7973,#8124,.T.);
#8124=LINE('',#8062,#8126);
#8126=VECTOR('',#8127,0.3048);
#8127=DIRECTION('',(0.0,-1.0,0.0));
#8118=ORIENTED_EDGE('',*,*,#8119,.F.);
#8128=ORIENTED_EDGE('',*,*,#8060,.T.);
#8138=STYLED_ITEM('',(#34),#8139);
#8139=ADVANCED_FACE('',(#8145),#8140,.T.);
#8140=PLANE('',#8141);
#8141=AXIS2_PLACEMENT_3D('',#8142,#8143,#8144);
#8142=CARTESIAN_POINT('',(2.096,0.402,0.0));
#8143=DIRECTION('',(0.0,0.0,-1.0));
#8144=DIRECTION('',(0.,1.,0.));
#8145=FACE_OUTER_BOUND('',#8146,.T.);
#8146=EDGE_LOOP('',(#8147,#8157,#8167,#8177));
#8147=ORIENTED_EDGE('',*,*,#8050,.T.);
#8157=ORIENTED_EDGE('',*,*,#8001,.T.);
#8167=ORIENTED_EDGE('',*,*,#7952,.T.);
#8177=ORIENTED_EDGE('',*,*,#8099,.T.);
#8187=STYLED_ITEM('',(#34),#8188);
#8188=ADVANCED_FACE('',(#8194),#8189,.T.);
#8189=PLANE('',#8190);
#8190=AXIS2_PLACEMENT_3D('',#8191,#8192,#8193);
#8191=CARTESIAN_POINT('',(2.096,0.098,0.051));
#8192=DIRECTION('',(0.0,0.0,1.0));
#8193=DIRECTION('',(0.,1.,0.));
#8194=FACE_OUTER_BOUND('',#8195,.T.);
#8195=EDGE_LOOP('',(#8196,#8206,#8216,#8226));
#8196=ORIENTED_EDGE('',*,*,#7972,.T.);
#8206=ORIENTED_EDGE('',*,*,#8021,.T.);
#8216=ORIENTED_EDGE('',*,*,#8070,.T.);
#8226=ORIENTED_EDGE('',*,*,#8119,.T.);
#8236=MANIFOLD_SOLID_BREP($,#8237);
#8237=CLOSED_SHELL('',(#8239,#8288,#8337,#8386,#8435,#8484));
#8238=STYLED_ITEM('',(#34),#8239);
#8239=ADVANCED_FACE('',(#8245),#8240,.T.);
#8240=PLANE('',#8241);
#8241=AXIS2_PLACEMENT_3D('',#8242,#8243,#8244);
#8242=CARTESIAN_POINT('',(2.096,0.598,0.0));
#8243=DIRECTION('',(0.0,-1.0,0.0));
#8244=DIRECTION('',(0.,0.,1.));
#8245=FACE_OUTER_BOUND('',#8246,.T.);
#8246=EDGE_LOOP('',(#8247,#8257,#8267,#8277));
#8250=CARTESIAN_POINT('',(2.553,0.598,0.0));
#8249=VERTEX_POINT('',#8250);
#8252=CARTESIAN_POINT('',(2.096,0.598,0.0));
#8251=VERTEX_POINT('',#8252);
#8248=EDGE_CURVE('',#8249,#8251,#8253,.T.);
#8253=LINE('',#8250,#8255);
#8255=VECTOR('',#8256,0.4572);
#8256=DIRECTION('',(-1.0,0.0,0.0));
#8247=ORIENTED_EDGE('',*,*,#8248,.F.);
#8260=CARTESIAN_POINT('',(2.553,0.598,0.051));
#8259=VERTEX_POINT('',#8260);
#8258=EDGE_CURVE('',#8259,#8249,#8263,.T.);
#8263=LINE('',#8260,#8265);
#8265=VECTOR('',#8266,0.0508);
#8266=DIRECTION('',(0.0,0.0,-1.0));
#8257=ORIENTED_EDGE('',*,*,#8258,.F.);
#8270=CARTESIAN_POINT('',(2.096,0.598,0.051));
#8269=VERTEX_POINT('',#8270);
#8268=EDGE_CURVE('',#8269,#8259,#8273,.T.);
#8273=LINE('',#8270,#8275);
#8275=VECTOR('',#8276,0.4572);
#8276=DIRECTION('',(1.0,0.0,0.0));
#8267=ORIENTED_EDGE('',*,*,#8268,.F.);
#8278=EDGE_CURVE('',#8251,#8269,#8283,.T.);
#8283=LINE('',#8252,#8285);
#8285=VECTOR('',#8286,0.0508);
#8286=DIRECTION('',(0.0,0.0,1.0));
#8277=ORIENTED_EDGE('',*,*,#8278,.F.);
#8287=STYLED_ITEM('',(#34),#8288);
#8288=ADVANCED_FACE('',(#8294),#8289,.T.);
#8289=PLANE('',#8290);
#8290=AXIS2_PLACEMENT_3D('',#8291,#8292,#8293);
#8291=CARTESIAN_POINT('',(2.553,0.598,0.0));
#8292=DIRECTION('',(1.0,0.0,0.0));
#8293=DIRECTION('',(0.,0.,1.));
#8294=FACE_OUTER_BOUND('',#8295,.T.);
#8295=EDGE_LOOP('',(#8296,#8306,#8316,#8326));
#8299=CARTESIAN_POINT('',(2.553,0.902,0.0));
#8298=VERTEX_POINT('',#8299);
#8297=EDGE_CURVE('',#8298,#8249,#8302,.T.);
#8302=LINE('',#8299,#8304);
#8304=VECTOR('',#8305,0.3048);
#8305=DIRECTION('',(0.0,-1.0,0.0));
#8296=ORIENTED_EDGE('',*,*,#8297,.F.);
#8309=CARTESIAN_POINT('',(2.553,0.902,0.051));
#8308=VERTEX_POINT('',#8309);
#8307=EDGE_CURVE('',#8308,#8298,#8312,.T.);
#8312=LINE('',#8309,#8314);
#8314=VECTOR('',#8315,0.0508);
#8315=DIRECTION('',(0.0,0.0,-1.0));
#8306=ORIENTED_EDGE('',*,*,#8307,.F.);
#8317=EDGE_CURVE('',#8259,#8308,#8322,.T.);
#8322=LINE('',#8260,#8324);
#8324=VECTOR('',#8325,0.3048);
#8325=DIRECTION('',(0.0,1.0,0.0));
#8316=ORIENTED_EDGE('',*,*,#8317,.F.);
#8326=ORIENTED_EDGE('',*,*,#8258,.T.);
#8336=STYLED_ITEM('',(#34),#8337);
#8337=ADVANCED_FACE('',(#8343),#8338,.T.);
#8338=PLANE('',#8339);
#8339=AXIS2_PLACEMENT_3D('',#8340,#8341,#8342);
#8340=CARTESIAN_POINT('',(2.553,0.902,0.0));
#8341=DIRECTION('',(0.0,1.0,0.0));
#8342=DIRECTION('',(0.,0.,1.));
#8343=FACE_OUTER_BOUND('',#8344,.T.);
#8344=EDGE_LOOP('',(#8345,#8355,#8365,#8375));
#8348=CARTESIAN_POINT('',(2.096,0.902,0.0));
#8347=VERTEX_POINT('',#8348);
#8346=EDGE_CURVE('',#8347,#8298,#8351,.T.);
#8351=LINE('',#8348,#8353);
#8353=VECTOR('',#8354,0.4572);
#8354=DIRECTION('',(1.0,0.0,0.0));
#8345=ORIENTED_EDGE('',*,*,#8346,.F.);
#8358=CARTESIAN_POINT('',(2.096,0.902,0.051));
#8357=VERTEX_POINT('',#8358);
#8356=EDGE_CURVE('',#8357,#8347,#8361,.T.);
#8361=LINE('',#8358,#8363);
#8363=VECTOR('',#8364,0.0508);
#8364=DIRECTION('',(0.0,0.0,-1.0));
#8355=ORIENTED_EDGE('',*,*,#8356,.F.);
#8366=EDGE_CURVE('',#8308,#8357,#8371,.T.);
#8371=LINE('',#8309,#8373);
#8373=VECTOR('',#8374,0.4572);
#8374=DIRECTION('',(-1.0,0.0,0.0));
#8365=ORIENTED_EDGE('',*,*,#8366,.F.);
#8375=ORIENTED_EDGE('',*,*,#8307,.T.);
#8385=STYLED_ITEM('',(#34),#8386);
#8386=ADVANCED_FACE('',(#8392),#8387,.T.);
#8387=PLANE('',#8388);
#8388=AXIS2_PLACEMENT_3D('',#8389,#8390,#8391);
#8389=CARTESIAN_POINT('',(2.096,0.902,0.0));
#8390=DIRECTION('',(-1.0,0.0,0.0));
#8391=DIRECTION('',(0.,0.,1.));
#8392=FACE_OUTER_BOUND('',#8393,.T.);
#8393=EDGE_LOOP('',(#8394,#8404,#8414,#8424));
#8395=EDGE_CURVE('',#8251,#8347,#8400,.T.);
#8400=LINE('',#8252,#8402);
#8402=VECTOR('',#8403,0.3048);
#8403=DIRECTION('',(0.0,1.0,0.0));
#8394=ORIENTED_EDGE('',*,*,#8395,.F.);
#8404=ORIENTED_EDGE('',*,*,#8278,.T.);
#8415=EDGE_CURVE('',#8357,#8269,#8420,.T.);
#8420=LINE('',#8358,#8422);
#8422=VECTOR('',#8423,0.3048);
#8423=DIRECTION('',(0.0,-1.0,0.0));
#8414=ORIENTED_EDGE('',*,*,#8415,.F.);
#8424=ORIENTED_EDGE('',*,*,#8356,.T.);
#8434=STYLED_ITEM('',(#34),#8435);
#8435=ADVANCED_FACE('',(#8441),#8436,.T.);
#8436=PLANE('',#8437);
#8437=AXIS2_PLACEMENT_3D('',#8438,#8439,#8440);
#8438=CARTESIAN_POINT('',(2.096,0.902,0.0));
#8439=DIRECTION('',(0.0,0.0,-1.0));
#8440=DIRECTION('',(0.,1.,0.));
#8441=FACE_OUTER_BOUND('',#8442,.T.);
#8442=EDGE_LOOP('',(#8443,#8453,#8463,#8473));
#8443=ORIENTED_EDGE('',*,*,#8346,.T.);
#8453=ORIENTED_EDGE('',*,*,#8297,.T.);
#8463=ORIENTED_EDGE('',*,*,#8248,.T.);
#8473=ORIENTED_EDGE('',*,*,#8395,.T.);
#8483=STYLED_ITEM('',(#34),#8484);
#8484=ADVANCED_FACE('',(#8490),#8485,.T.);
#8485=PLANE('',#8486);
#8486=AXIS2_PLACEMENT_3D('',#8487,#8488,#8489);
#8487=CARTESIAN_POINT('',(2.096,0.598,0.051));
#8488=DIRECTION('',(0.0,0.0,1.0));
#8489=DIRECTION('',(0.,1.,0.));
#8490=FACE_OUTER_BOUND('',#8491,.T.);
#8491=EDGE_LOOP('',(#8492,#8502,#8512,#8522));
#8492=ORIENTED_EDGE('',*,*,#8268,.T.);
#8502=ORIENTED_EDGE('',*,*,#8317,.T.);
#8512=ORIENTED_EDGE('',*,*,#8366,.T.);
#8522=ORIENTED_EDGE('',*,*,#8415,.T.);
#8532=MANIFOLD_SOLID_BREP($,#8533);
#8533=CLOSED_SHELL('',(#8535,#8584,#8633,#8682,#8731,#8780));
#8534=STYLED_ITEM('',(#34),#8535);
#8535=ADVANCED_FACE('',(#8541),#8536,.T.);
#8536=PLANE('',#8537);
#8537=AXIS2_PLACEMENT_3D('',#8538,#8539,#8540);
#8538=CARTESIAN_POINT('',(2.096,1.098,0.0));
#8539=DIRECTION('',(0.0,-1.0,0.0));
#8540=DIRECTION('',(0.,0.,1.));
#8541=FACE_OUTER_BOUND('',#8542,.T.);
#8542=EDGE_LOOP('',(#8543,#8553,#8563,#8573));
#8546=CARTESIAN_POINT('',(2.553,1.098,0.0));
#8545=VERTEX_POINT('',#8546);
#8548=CARTESIAN_POINT('',(2.096,1.098,0.0));
#8547=VERTEX_POINT('',#8548);
#8544=EDGE_CURVE('',#8545,#8547,#8549,.T.);
#8549=LINE('',#8546,#8551);
#8551=VECTOR('',#8552,0.4572);
#8552=DIRECTION('',(-1.0,0.0,0.0));
#8543=ORIENTED_EDGE('',*,*,#8544,.F.);
#8556=CARTESIAN_POINT('',(2.553,1.098,0.051));
#8555=VERTEX_POINT('',#8556);
#8554=EDGE_CURVE('',#8555,#8545,#8559,.T.);
#8559=LINE('',#8556,#8561);
#8561=VECTOR('',#8562,0.0508);
#8562=DIRECTION('',(0.0,0.0,-1.0));
#8553=ORIENTED_EDGE('',*,*,#8554,.F.);
#8566=CARTESIAN_POINT('',(2.096,1.098,0.051));
#8565=VERTEX_POINT('',#8566);
#8564=EDGE_CURVE('',#8565,#8555,#8569,.T.);
#8569=LINE('',#8566,#8571);
#8571=VECTOR('',#8572,0.4572);
#8572=DIRECTION('',(1.0,0.0,0.0));
#8563=ORIENTED_EDGE('',*,*,#8564,.F.);
#8574=EDGE_CURVE('',#8547,#8565,#8579,.T.);
#8579=LINE('',#8548,#8581);
#8581=VECTOR('',#8582,0.0508);
#8582=DIRECTION('',(0.0,0.0,1.0));
#8573=ORIENTED_EDGE('',*,*,#8574,.F.);
#8583=STYLED_ITEM('',(#34),#8584);
#8584=ADVANCED_FACE('',(#8590),#8585,.T.);
#8585=PLANE('',#8586);
#8586=AXIS2_PLACEMENT_3D('',#8587,#8588,#8589);
#8587=CARTESIAN_POINT('',(2.553,1.098,0.0));
#8588=DIRECTION('',(1.0,0.0,0.0));
#8589=DIRECTION('',(0.,0.,1.));
#8590=FACE_OUTER_BOUND('',#8591,.T.);
#8591=EDGE_LOOP('',(#8592,#8602,#8612,#8622));
#8595=CARTESIAN_POINT('',(2.553,1.402,0.0));
#8594=VERTEX_POINT('',#8595);
#8593=EDGE_CURVE('',#8594,#8545,#8598,.T.);
#8598=LINE('',#8595,#8600);
#8600=VECTOR('',#8601,0.3048);
#8601=DIRECTION('',(0.0,-1.0,0.0));
#8592=ORIENTED_EDGE('',*,*,#8593,.F.);
#8605=CARTESIAN_POINT('',(2.553,1.402,0.051));
#8604=VERTEX_POINT('',#8605);
#8603=EDGE_CURVE('',#8604,#8594,#8608,.T.);
#8608=LINE('',#8605,#8610);
#8610=VECTOR('',#8611,0.0508);
#8611=DIRECTION('',(0.0,0.0,-1.0));
#8602=ORIENTED_EDGE('',*,*,#8603,.F.);
#8613=EDGE_CURVE('',#8555,#8604,#8618,.T.);
#8618=LINE('',#8556,#8620);
#8620=VECTOR('',#8621,0.3048);
#8621=DIRECTION('',(0.0,1.0,0.0));
#8612=ORIENTED_EDGE('',*,*,#8613,.F.);
#8622=ORIENTED_EDGE('',*,*,#8554,.T.);
#8632=STYLED_ITEM('',(#34),#8633);
#8633=ADVANCED_FACE('',(#8639),#8634,.T.);
#8634=PLANE('',#8635);
#8635=AXIS2_PLACEMENT_3D('',#8636,#8637,#8638);
#8636=CARTESIAN_POINT('',(2.553,1.402,0.0));
#8637=DIRECTION('',(0.0,1.0,0.0));
#8638=DIRECTION('',(0.,0.,1.));
#8639=FACE_OUTER_BOUND('',#8640,.T.);
#8640=EDGE_LOOP('',(#8641,#8651,#8661,#8671));
#8644=CARTESIAN_POINT('',(2.096,1.402,0.0));
#8643=VERTEX_POINT('',#8644);
#8642=EDGE_CURVE('',#8643,#8594,#8647,.T.);
#8647=LINE('',#8644,#8649);
#8649=VECTOR('',#8650,0.4572);
#8650=DIRECTION('',(1.0,0.0,0.0));
#8641=ORIENTED_EDGE('',*,*,#8642,.F.);
#8654=CARTESIAN_POINT('',(2.096,1.402,0.051));
#8653=VERTEX_POINT('',#8654);
#8652=EDGE_CURVE('',#8653,#8643,#8657,.T.);
#8657=LINE('',#8654,#8659);
#8659=VECTOR('',#8660,0.0508);
#8660=DIRECTION('',(0.0,0.0,-1.0));
#8651=ORIENTED_EDGE('',*,*,#8652,.F.);
#8662=EDGE_CURVE('',#8604,#8653,#8667,.T.);
#8667=LINE('',#8605,#8669);
#8669=VECTOR('',#8670,0.4572);
#8670=DIRECTION('',(-1.0,0.0,0.0));
#8661=ORIENTED_EDGE('',*,*,#8662,.F.);
#8671=ORIENTED_EDGE('',*,*,#8603,.T.);
#8681=STYLED_ITEM('',(#34),#8682);
#8682=ADVANCED_FACE('',(#8688),#8683,.T.);
#8683=PLANE('',#8684);
#8684=AXIS2_PLACEMENT_3D('',#8685,#8686,#8687);
#8685=CARTESIAN_POINT('',(2.096,1.402,0.0));
#8686=DIRECTION('',(-1.0,0.0,0.0));
#8687=DIRECTION('',(0.,0.,1.));
#8688=FACE_OUTER_BOUND('',#8689,.T.);
#8689=EDGE_LOOP('',(#8690,#8700,#8710,#8720));
#8691=EDGE_CURVE('',#8547,#8643,#8696,.T.);
#8696=LINE('',#8548,#8698);
#8698=VECTOR('',#8699,0.3048);
#8699=DIRECTION('',(0.0,1.0,0.0));
#8690=ORIENTED_EDGE('',*,*,#8691,.F.);
#8700=ORIENTED_EDGE('',*,*,#8574,.T.);
#8711=EDGE_CURVE('',#8653,#8565,#8716,.T.);
#8716=LINE('',#8654,#8718);
#8718=VECTOR('',#8719,0.3048);
#8719=DIRECTION('',(0.0,-1.0,0.0));
#8710=ORIENTED_EDGE('',*,*,#8711,.F.);
#8720=ORIENTED_EDGE('',*,*,#8652,.T.);
#8730=STYLED_ITEM('',(#34),#8731);
#8731=ADVANCED_FACE('',(#8737),#8732,.T.);
#8732=PLANE('',#8733);
#8733=AXIS2_PLACEMENT_3D('',#8734,#8735,#8736);
#8734=CARTESIAN_POINT('',(2.096,1.402,0.0));
#8735=DIRECTION('',(0.0,0.0,-1.0));
#8736=DIRECTION('',(0.,1.,0.));
#8737=FACE_OUTER_BOUND('',#8738,.T.);
#8738=EDGE_LOOP('',(#8739,#8749,#8759,#8769));
#8739=ORIENTED_EDGE('',*,*,#8642,.T.);
#8749=ORIENTED_EDGE('',*,*,#8593,.T.);
#8759=ORIENTED_EDGE('',*,*,#8544,.T.);
#8769=ORIENTED_EDGE('',*,*,#8691,.T.);
#8779=STYLED_ITEM('',(#34),#8780);
#8780=ADVANCED_FACE('',(#8786),#8781,.T.);
#8781=PLANE('',#8782);
#8782=AXIS2_PLACEMENT_3D('',#8783,#8784,#8785);
#8783=CARTESIAN_POINT('',(2.096,1.098,0.051));
#8784=DIRECTION('',(0.0,0.0,1.0));
#8785=DIRECTION('',(0.,1.,0.));
#8786=FACE_OUTER_BOUND('',#8787,.T.);
#8787=EDGE_LOOP('',(#8788,#8798,#8808,#8818));
#8788=ORIENTED_EDGE('',*,*,#8564,.T.);
#8798=ORIENTED_EDGE('',*,*,#8613,.T.);
#8808=ORIENTED_EDGE('',*,*,#8662,.T.);
#8818=ORIENTED_EDGE('',*,*,#8711,.T.);
#8828=MANIFOLD_SOLID_BREP($,#8829);
#8829=CLOSED_SHELL('',(#8831,#8880,#8929,#8978,#9027,#9076));
#8830=STYLED_ITEM('',(#34),#8831);
#8831=ADVANCED_FACE('',(#8837),#8832,.T.);
#8832=PLANE('',#8833);
#8833=AXIS2_PLACEMENT_3D('',#8834,#8835,#8836);
#8834=CARTESIAN_POINT('',(2.096,1.598,0.0));
#8835=DIRECTION('',(0.0,-1.0,0.0));
#8836=DIRECTION('',(0.,0.,1.));
#8837=FACE_OUTER_BOUND('',#8838,.T.);
#8838=EDGE_LOOP('',(#8839,#8849,#8859,#8869));
#8842=CARTESIAN_POINT('',(2.553,1.598,0.0));
#8841=VERTEX_POINT('',#8842);
#8844=CARTESIAN_POINT('',(2.096,1.598,0.0));
#8843=VERTEX_POINT('',#8844);
#8840=EDGE_CURVE('',#8841,#8843,#8845,.T.);
#8845=LINE('',#8842,#8847);
#8847=VECTOR('',#8848,0.4572);
#8848=DIRECTION('',(-1.0,0.0,0.0));
#8839=ORIENTED_EDGE('',*,*,#8840,.F.);
#8852=CARTESIAN_POINT('',(2.553,1.598,0.051));
#8851=VERTEX_POINT('',#8852);
#8850=EDGE_CURVE('',#8851,#8841,#8855,.T.);
#8855=LINE('',#8852,#8857);
#8857=VECTOR('',#8858,0.0508);
#8858=DIRECTION('',(0.0,0.0,-1.0));
#8849=ORIENTED_EDGE('',*,*,#8850,.F.);
#8862=CARTESIAN_POINT('',(2.096,1.598,0.051));
#8861=VERTEX_POINT('',#8862);
#8860=EDGE_CURVE('',#8861,#8851,#8865,.T.);
#8865=LINE('',#8862,#8867);
#8867=VECTOR('',#8868,0.4572);
#8868=DIRECTION('',(1.0,0.0,0.0));
#8859=ORIENTED_EDGE('',*,*,#8860,.F.);
#8870=EDGE_CURVE('',#8843,#8861,#8875,.T.);
#8875=LINE('',#8844,#8877);
#8877=VECTOR('',#8878,0.0508);
#8878=DIRECTION('',(0.0,0.0,1.0));
#8869=ORIENTED_EDGE('',*,*,#8870,.F.);
#8879=STYLED_ITEM('',(#34),#8880);
#8880=ADVANCED_FACE('',(#8886),#8881,.T.);
#8881=PLANE('',#8882);
#8882=AXIS2_PLACEMENT_3D('',#8883,#8884,#8885);
#8883=CARTESIAN_POINT('',(2.553,1.598,0.0));
#8884=DIRECTION('',(1.0,0.0,0.0));
#8885=DIRECTION('',(0.,0.,1.));
#8886=FACE_OUTER_BOUND('',#8887,.T.);
#8887=EDGE_LOOP('',(#8888,#8898,#8908,#8918));
#8891=CARTESIAN_POINT('',(2.553,1.902,0.0));
#8890=VERTEX_POINT('',#8891);
#8889=EDGE_CURVE('',#8890,#8841,#8894,.T.);
#8894=LINE('',#8891,#8896);
#8896=VECTOR('',#8897,0.3048);
#8897=DIRECTION('',(0.0,-1.0,0.0));
#8888=ORIENTED_EDGE('',*,*,#8889,.F.);
#8901=CARTESIAN_POINT('',(2.553,1.902,0.051));
#8900=VERTEX_POINT('',#8901);
#8899=EDGE_CURVE('',#8900,#8890,#8904,.T.);
#8904=LINE('',#8901,#8906);
#8906=VECTOR('',#8907,0.0508);
#8907=DIRECTION('',(0.0,0.0,-1.0));
#8898=ORIENTED_EDGE('',*,*,#8899,.F.);
#8909=EDGE_CURVE('',#8851,#8900,#8914,.T.);
#8914=LINE('',#8852,#8916);
#8916=VECTOR('',#8917,0.3048);
#8917=DIRECTION('',(0.0,1.0,0.0));
#8908=ORIENTED_EDGE('',*,*,#8909,.F.);
#8918=ORIENTED_EDGE('',*,*,#8850,.T.);
#8928=STYLED_ITEM('',(#34),#8929);
#8929=ADVANCED_FACE('',(#8935),#8930,.T.);
#8930=PLANE('',#8931);
#8931=AXIS2_PLACEMENT_3D('',#8932,#8933,#8934);
#8932=CARTESIAN_POINT('',(2.553,1.902,0.0));
#8933=DIRECTION('',(0.0,1.0,0.0));
#8934=DIRECTION('',(0.,0.,1.));
#8935=FACE_OUTER_BOUND('',#8936,.T.);
#8936=EDGE_LOOP('',(#8937,#8947,#8957,#8967));
#8940=CARTESIAN_POINT('',(2.096,1.902,0.0));
#8939=VERTEX_POINT('',#8940);
#8938=EDGE_CURVE('',#8939,#8890,#8943,.T.);
#8943=LINE('',#8940,#8945);
#8945=VECTOR('',#8946,0.4572);
#8946=DIRECTION('',(1.0,0.0,0.0));
#8937=ORIENTED_EDGE('',*,*,#8938,.F.);
#8950=CARTESIAN_POINT('',(2.096,1.902,0.051));
#8949=VERTEX_POINT('',#8950);
#8948=EDGE_CURVE('',#8949,#8939,#8953,.T.);
#8953=LINE('',#8950,#8955);
#8955=VECTOR('',#8956,0.0508);
#8956=DIRECTION('',(0.0,0.0,-1.0));
#8947=ORIENTED_EDGE('',*,*,#8948,.F.);
#8958=EDGE_CURVE('',#8900,#8949,#8963,.T.);
#8963=LINE('',#8901,#8965);
#8965=VECTOR('',#8966,0.4572);
#8966=DIRECTION('',(-1.0,0.0,0.0));
#8957=ORIENTED_EDGE('',*,*,#8958,.F.);
#8967=ORIENTED_EDGE('',*,*,#8899,.T.);
#8977=STYLED_ITEM('',(#34),#8978);
#8978=ADVANCED_FACE('',(#8984),#8979,.T.);
#8979=PLANE('',#8980);
#8980=AXIS2_PLACEMENT_3D('',#8981,#8982,#8983);
#8981=CARTESIAN_POINT('',(2.096,1.902,0.0));
#8982=DIRECTION('',(-1.0,0.0,0.0));
#8983=DIRECTION('',(0.,0.,1.));
#8984=FACE_OUTER_BOUND('',#8985,.T.);
#8985=EDGE_LOOP('',(#8986,#8996,#9006,#9016));
#8987=EDGE_CURVE('',#8843,#8939,#8992,.T.);
#8992=LINE('',#8844,#8994);
#8994=VECTOR('',#8995,0.3048);
#8995=DIRECTION('',(0.0,1.0,0.0));
#8986=ORIENTED_EDGE('',*,*,#8987,.F.);
#8996=ORIENTED_EDGE('',*,*,#8870,.T.);
#9007=EDGE_CURVE('',#8949,#8861,#9012,.T.);
#9012=LINE('',#8950,#9014);
#9014=VECTOR('',#9015,0.3048);
#9015=DIRECTION('',(0.0,-1.0,0.0));
#9006=ORIENTED_EDGE('',*,*,#9007,.F.);
#9016=ORIENTED_EDGE('',*,*,#8948,.T.);
#9026=STYLED_ITEM('',(#34),#9027);
#9027=ADVANCED_FACE('',(#9033),#9028,.T.);
#9028=PLANE('',#9029);
#9029=AXIS2_PLACEMENT_3D('',#9030,#9031,#9032);
#9030=CARTESIAN_POINT('',(2.096,1.902,0.0));
#9031=DIRECTION('',(0.0,0.0,-1.0));
#9032=DIRECTION('',(0.,1.,0.));
#9033=FACE_OUTER_BOUND('',#9034,.T.);
#9034=EDGE_LOOP('',(#9035,#9045,#9055,#9065));
#9035=ORIENTED_EDGE('',*,*,#8938,.T.);
#9045=ORIENTED_EDGE('',*,*,#8889,.T.);
#9055=ORIENTED_EDGE('',*,*,#8840,.T.);
#9065=ORIENTED_EDGE('',*,*,#8987,.T.);
#9075=STYLED_ITEM('',(#34),#9076);
#9076=ADVANCED_FACE('',(#9082),#9077,.T.);
#9077=PLANE('',#9078);
#9078=AXIS2_PLACEMENT_3D('',#9079,#9080,#9081);
#9079=CARTESIAN_POINT('',(2.096,1.598,0.051));
#9080=DIRECTION('',(0.0,0.0,1.0));
#9081=DIRECTION('',(0.,1.,0.));
#9082=FACE_OUTER_BOUND('',#9083,.T.);
#9083=EDGE_LOOP('',(#9084,#9094,#9104,#9114));
#9084=ORIENTED_EDGE('',*,*,#8860,.T.);
#9094=ORIENTED_EDGE('',*,*,#8909,.T.);
#9104=ORIENTED_EDGE('',*,*,#8958,.T.);
#9114=ORIENTED_EDGE('',*,*,#9007,.T.);
#9124=MANIFOLD_SOLID_BREP($,#9125);
#9125=CLOSED_SHELL('',(#9127,#9176,#9225,#9274,#9323,#9372));
#9126=STYLED_ITEM('',(#34),#9127);
#9127=ADVANCED_FACE('',(#9133),#9128,.T.);
#9128=PLANE('',#9129);
#9129=AXIS2_PLACEMENT_3D('',#9130,#9131,#9132);
#9130=CARTESIAN_POINT('',(2.096,2.098,0.0));
#9131=DIRECTION('',(0.0,-1.0,0.0));
#9132=DIRECTION('',(0.,0.,1.));
#9133=FACE_OUTER_BOUND('',#9134,.T.);
#9134=EDGE_LOOP('',(#9135,#9145,#9155,#9165));
#9138=CARTESIAN_POINT('',(2.553,2.098,0.0));
#9137=VERTEX_POINT('',#9138);
#9140=CARTESIAN_POINT('',(2.096,2.098,0.0));
#9139=VERTEX_POINT('',#9140);
#9136=EDGE_CURVE('',#9137,#9139,#9141,.T.);
#9141=LINE('',#9138,#9143);
#9143=VECTOR('',#9144,0.4572);
#9144=DIRECTION('',(-1.0,0.0,0.0));
#9135=ORIENTED_EDGE('',*,*,#9136,.F.);
#9148=CARTESIAN_POINT('',(2.553,2.098,0.051));
#9147=VERTEX_POINT('',#9148);
#9146=EDGE_CURVE('',#9147,#9137,#9151,.T.);
#9151=LINE('',#9148,#9153);
#9153=VECTOR('',#9154,0.0508);
#9154=DIRECTION('',(0.0,0.0,-1.0));
#9145=ORIENTED_EDGE('',*,*,#9146,.F.);
#9158=CARTESIAN_POINT('',(2.096,2.098,0.051));
#9157=VERTEX_POINT('',#9158);
#9156=EDGE_CURVE('',#9157,#9147,#9161,.T.);
#9161=LINE('',#9158,#9163);
#9163=VECTOR('',#9164,0.4572);
#9164=DIRECTION('',(1.0,0.0,0.0));
#9155=ORIENTED_EDGE('',*,*,#9156,.F.);
#9166=EDGE_CURVE('',#9139,#9157,#9171,.T.);
#9171=LINE('',#9140,#9173);
#9173=VECTOR('',#9174,0.0508);
#9174=DIRECTION('',(0.0,0.0,1.0));
#9165=ORIENTED_EDGE('',*,*,#9166,.F.);
#9175=STYLED_ITEM('',(#34),#9176);
#9176=ADVANCED_FACE('',(#9182),#9177,.T.);
#9177=PLANE('',#9178);
#9178=AXIS2_PLACEMENT_3D('',#9179,#9180,#9181);
#9179=CARTESIAN_POINT('',(2.553,2.098,0.0));
#9180=DIRECTION('',(1.0,0.0,0.0));
#9181=DIRECTION('',(0.,0.,1.));
#9182=FACE_OUTER_BOUND('',#9183,.T.);
#9183=EDGE_LOOP('',(#9184,#9194,#9204,#9214));
#9187=CARTESIAN_POINT('',(2.553,2.402,0.0));
#9186=VERTEX_POINT('',#9187);
#9185=EDGE_CURVE('',#9186,#9137,#9190,.T.);
#9190=LINE('',#9187,#9192);
#9192=VECTOR('',#9193,0.3048);
#9193=DIRECTION('',(0.0,-1.0,0.0));
#9184=ORIENTED_EDGE('',*,*,#9185,.F.);
#9197=CARTESIAN_POINT('',(2.553,2.402,0.051));
#9196=VERTEX_POINT('',#9197);
#9195=EDGE_CURVE('',#9196,#9186,#9200,.T.);
#9200=LINE('',#9197,#9202);
#9202=VECTOR('',#9203,0.0508);
#9203=DIRECTION('',(0.0,0.0,-1.0));
#9194=ORIENTED_EDGE('',*,*,#9195,.F.);
#9205=EDGE_CURVE('',#9147,#9196,#9210,.T.);
#9210=LINE('',#9148,#9212);
#9212=VECTOR('',#9213,0.3048);
#9213=DIRECTION('',(0.0,1.0,0.0));
#9204=ORIENTED_EDGE('',*,*,#9205,.F.);
#9214=ORIENTED_EDGE('',*,*,#9146,.T.);
#9224=STYLED_ITEM('',(#34),#9225);
#9225=ADVANCED_FACE('',(#9231),#9226,.T.);
#9226=PLANE('',#9227);
#9227=AXIS2_PLACEMENT_3D('',#9228,#9229,#9230);
#9228=CARTESIAN_POINT('',(2.553,2.402,0.0));
#9229=DIRECTION('',(0.0,1.0,0.0));
#9230=DIRECTION('',(0.,0.,1.));
#9231=FACE_OUTER_BOUND('',#9232,.T.);
#9232=EDGE_LOOP('',(#9233,#9243,#9253,#9263));
#9236=CARTESIAN_POINT('',(2.096,2.402,0.0));
#9235=VERTEX_POINT('',#9236);
#9234=EDGE_CURVE('',#9235,#9186,#9239,.T.);
#9239=LINE('',#9236,#9241);
#9241=VECTOR('',#9242,0.4572);
#9242=DIRECTION('',(1.0,0.0,0.0));
#9233=ORIENTED_EDGE('',*,*,#9234,.F.);
#9246=CARTESIAN_POINT('',(2.096,2.402,0.051));
#9245=VERTEX_POINT('',#9246);
#9244=EDGE_CURVE('',#9245,#9235,#9249,.T.);
#9249=LINE('',#9246,#9251);
#9251=VECTOR('',#9252,0.0508);
#9252=DIRECTION('',(0.0,0.0,-1.0));
#9243=ORIENTED_EDGE('',*,*,#9244,.F.);
#9254=EDGE_CURVE('',#9196,#9245,#9259,.T.);
#9259=LINE('',#9197,#9261);
#9261=VECTOR('',#9262,0.4572);
#9262=DIRECTION('',(-1.0,0.0,0.0));
#9253=ORIENTED_EDGE('',*,*,#9254,.F.);
#9263=ORIENTED_EDGE('',*,*,#9195,.T.);
#9273=STYLED_ITEM('',(#34),#9274);
#9274=ADVANCED_FACE('',(#9280),#9275,.T.);
#9275=PLANE('',#9276);
#9276=AXIS2_PLACEMENT_3D('',#9277,#9278,#9279);
#9277=CARTESIAN_POINT('',(2.096,2.402,0.0));
#9278=DIRECTION('',(-1.0,0.0,0.0));
#9279=DIRECTION('',(0.,0.,1.));
#9280=FACE_OUTER_BOUND('',#9281,.T.);
#9281=EDGE_LOOP('',(#9282,#9292,#9302,#9312));
#9283=EDGE_CURVE('',#9139,#9235,#9288,.T.);
#9288=LINE('',#9140,#9290);
#9290=VECTOR('',#9291,0.3048);
#9291=DIRECTION('',(0.0,1.0,0.0));
#9282=ORIENTED_EDGE('',*,*,#9283,.F.);
#9292=ORIENTED_EDGE('',*,*,#9166,.T.);
#9303=EDGE_CURVE('',#9245,#9157,#9308,.T.);
#9308=LINE('',#9246,#9310);
#9310=VECTOR('',#9311,0.3048);
#9311=DIRECTION('',(0.0,-1.0,0.0));
#9302=ORIENTED_EDGE('',*,*,#9303,.F.);
#9312=ORIENTED_EDGE('',*,*,#9244,.T.);
#9322=STYLED_ITEM('',(#34),#9323);
#9323=ADVANCED_FACE('',(#9329),#9324,.T.);
#9324=PLANE('',#9325);
#9325=AXIS2_PLACEMENT_3D('',#9326,#9327,#9328);
#9326=CARTESIAN_POINT('',(2.096,2.402,0.0));
#9327=DIRECTION('',(0.0,0.0,-1.0));
#9328=DIRECTION('',(0.,1.,0.));
#9329=FACE_OUTER_BOUND('',#9330,.T.);
#9330=EDGE_LOOP('',(#9331,#9341,#9351,#9361));
#9331=ORIENTED_EDGE('',*,*,#9234,.T.);
#9341=ORIENTED_EDGE('',*,*,#9185,.T.);
#9351=ORIENTED_EDGE('',*,*,#9136,.T.);
#9361=ORIENTED_EDGE('',*,*,#9283,.T.);
#9371=STYLED_ITEM('',(#34),#9372);
#9372=ADVANCED_FACE('',(#9378),#9373,.T.);
#9373=PLANE('',#9374);
#9374=AXIS2_PLACEMENT_3D('',#9375,#9376,#9377);
#9375=CARTESIAN_POINT('',(2.096,2.098,0.051));
#9376=DIRECTION('',(0.0,0.0,1.0));
#9377=DIRECTION('',(0.,1.,0.));
#9378=FACE_OUTER_BOUND('',#9379,.T.);
#9379=EDGE_LOOP('',(#9380,#9390,#9400,#9410));
#9380=ORIENTED_EDGE('',*,*,#9156,.T.);
#9390=ORIENTED_EDGE('',*,*,#9205,.T.);
#9400=ORIENTED_EDGE('',*,*,#9254,.T.);
#9410=ORIENTED_EDGE('',*,*,#9303,.T.);
#9420=MANIFOLD_SOLID_BREP($,#9421);
#9421=CLOSED_SHELL('',(#9423,#9472,#9521,#9570,#9619,#9668));
#9422=STYLED_ITEM('',(#34),#9423);
#9423=ADVANCED_FACE('',(#9429),#9424,.T.);
#9424=PLANE('',#9425);
#9425=AXIS2_PLACEMENT_3D('',#9426,#9427,#9428);
#9426=CARTESIAN_POINT('',(2.096,2.598,0.0));
#9427=DIRECTION('',(0.0,-1.0,0.0));
#9428=DIRECTION('',(0.,0.,1.));
#9429=FACE_OUTER_BOUND('',#9430,.T.);
#9430=EDGE_LOOP('',(#9431,#9441,#9451,#9461));
#9434=CARTESIAN_POINT('',(2.553,2.598,0.0));
#9433=VERTEX_POINT('',#9434);
#9436=CARTESIAN_POINT('',(2.096,2.598,0.0));
#9435=VERTEX_POINT('',#9436);
#9432=EDGE_CURVE('',#9433,#9435,#9437,.T.);
#9437=LINE('',#9434,#9439);
#9439=VECTOR('',#9440,0.4572);
#9440=DIRECTION('',(-1.0,0.0,0.0));
#9431=ORIENTED_EDGE('',*,*,#9432,.F.);
#9444=CARTESIAN_POINT('',(2.553,2.598,0.051));
#9443=VERTEX_POINT('',#9444);
#9442=EDGE_CURVE('',#9443,#9433,#9447,.T.);
#9447=LINE('',#9444,#9449);
#9449=VECTOR('',#9450,0.0508);
#9450=DIRECTION('',(0.0,0.0,-1.0));
#9441=ORIENTED_EDGE('',*,*,#9442,.F.);
#9454=CARTESIAN_POINT('',(2.096,2.598,0.051));
#9453=VERTEX_POINT('',#9454);
#9452=EDGE_CURVE('',#9453,#9443,#9457,.T.);
#9457=LINE('',#9454,#9459);
#9459=VECTOR('',#9460,0.4572);
#9460=DIRECTION('',(1.0,0.0,0.0));
#9451=ORIENTED_EDGE('',*,*,#9452,.F.);
#9462=EDGE_CURVE('',#9435,#9453,#9467,.T.);
#9467=LINE('',#9436,#9469);
#9469=VECTOR('',#9470,0.0508);
#9470=DIRECTION('',(0.0,0.0,1.0));
#9461=ORIENTED_EDGE('',*,*,#9462,.F.);
#9471=STYLED_ITEM('',(#34),#9472);
#9472=ADVANCED_FACE('',(#9478),#9473,.T.);
#9473=PLANE('',#9474);
#9474=AXIS2_PLACEMENT_3D('',#9475,#9476,#9477);
#9475=CARTESIAN_POINT('',(2.553,2.598,0.0));
#9476=DIRECTION('',(1.0,0.0,0.0));
#9477=DIRECTION('',(0.,0.,1.));
#9478=FACE_OUTER_BOUND('',#9479,.T.);
#9479=EDGE_LOOP('',(#9480,#9490,#9500,#9510));
#9483=CARTESIAN_POINT('',(2.553,2.902,0.0));
#9482=VERTEX_POINT('',#9483);
#9481=EDGE_CURVE('',#9482,#9433,#9486,.T.);
#9486=LINE('',#9483,#9488);
#9488=VECTOR('',#9489,0.3048);
#9489=DIRECTION('',(0.0,-1.0,0.0));
#9480=ORIENTED_EDGE('',*,*,#9481,.F.);
#9493=CARTESIAN_POINT('',(2.553,2.902,0.051));
#9492=VERTEX_POINT('',#9493);
#9491=EDGE_CURVE('',#9492,#9482,#9496,.T.);
#9496=LINE('',#9493,#9498);
#9498=VECTOR('',#9499,0.0508);
#9499=DIRECTION('',(0.0,0.0,-1.0));
#9490=ORIENTED_EDGE('',*,*,#9491,.F.);
#9501=EDGE_CURVE('',#9443,#9492,#9506,.T.);
#9506=LINE('',#9444,#9508);
#9508=VECTOR('',#9509,0.3048);
#9509=DIRECTION('',(0.0,1.0,0.0));
#9500=ORIENTED_EDGE('',*,*,#9501,.F.);
#9510=ORIENTED_EDGE('',*,*,#9442,.T.);
#9520=STYLED_ITEM('',(#34),#9521);
#9521=ADVANCED_FACE('',(#9527),#9522,.T.);
#9522=PLANE('',#9523);
#9523=AXIS2_PLACEMENT_3D('',#9524,#9525,#9526);
#9524=CARTESIAN_POINT('',(2.553,2.902,0.0));
#9525=DIRECTION('',(0.0,1.0,0.0));
#9526=DIRECTION('',(0.,0.,1.));
#9527=FACE_OUTER_BOUND('',#9528,.T.);
#9528=EDGE_LOOP('',(#9529,#9539,#9549,#9559));
#9532=CARTESIAN_POINT('',(2.096,2.902,0.0));
#9531=VERTEX_POINT('',#9532);
#9530=EDGE_CURVE('',#9531,#9482,#9535,.T.);
#9535=LINE('',#9532,#9537);
#9537=VECTOR('',#9538,0.4572);
#9538=DIRECTION('',(1.0,0.0,0.0));
#9529=ORIENTED_EDGE('',*,*,#9530,.F.);
#9542=CARTESIAN_POINT('',(2.096,2.902,0.051));
#9541=VERTEX_POINT('',#9542);
#9540=EDGE_CURVE('',#9541,#9531,#9545,.T.);
#9545=LINE('',#9542,#9547);
#9547=VECTOR('',#9548,0.0508);
#9548=DIRECTION('',(0.0,0.0,-1.0));
#9539=ORIENTED_EDGE('',*,*,#9540,.F.);
#9550=EDGE_CURVE('',#9492,#9541,#9555,.T.);
#9555=LINE('',#9493,#9557);
#9557=VECTOR('',#9558,0.4572);
#9558=DIRECTION('',(-1.0,0.0,0.0));
#9549=ORIENTED_EDGE('',*,*,#9550,.F.);
#9559=ORIENTED_EDGE('',*,*,#9491,.T.);
#9569=STYLED_ITEM('',(#34),#9570);
#9570=ADVANCED_FACE('',(#9576),#9571,.T.);
#9571=PLANE('',#9572);
#9572=AXIS2_PLACEMENT_3D('',#9573,#9574,#9575);
#9573=CARTESIAN_POINT('',(2.096,2.902,0.0));
#9574=DIRECTION('',(-1.0,0.0,0.0));
#9575=DIRECTION('',(0.,0.,1.));
#9576=FACE_OUTER_BOUND('',#9577,.T.);
#9577=EDGE_LOOP('',(#9578,#9588,#9598,#9608));
#9579=EDGE_CURVE('',#9435,#9531,#9584,.T.);
#9584=LINE('',#9436,#9586);
#9586=VECTOR('',#9587,0.3048);
#9587=DIRECTION('',(0.0,1.0,0.0));
#9578=ORIENTED_EDGE('',*,*,#9579,.F.);
#9588=ORIENTED_EDGE('',*,*,#9462,.T.);
#9599=EDGE_CURVE('',#9541,#9453,#9604,.T.);
#9604=LINE('',#9542,#9606);
#9606=VECTOR('',#9607,0.3048);
#9607=DIRECTION('',(0.0,-1.0,0.0));
#9598=ORIENTED_EDGE('',*,*,#9599,.F.);
#9608=ORIENTED_EDGE('',*,*,#9540,.T.);
#9618=STYLED_ITEM('',(#34),#9619);
#9619=ADVANCED_FACE('',(#9625),#9620,.T.);
#9620=PLANE('',#9621);
#9621=AXIS2_PLACEMENT_3D('',#9622,#9623,#9624);
#9622=CARTESIAN_POINT('',(2.096,2.902,0.0));
#9623=DIRECTION('',(0.0,0.0,-1.0));
#9624=DIRECTION('',(0.,1.,0.));
#9625=FACE_OUTER_BOUND('',#9626,.T.);
#9626=EDGE_LOOP('',(#9627,#9637,#9647,#9657));
#9627=ORIENTED_EDGE('',*,*,#9530,.T.);
#9637=ORIENTED_EDGE('',*,*,#9481,.T.);
#9647=ORIENTED_EDGE('',*,*,#9432,.T.);
#9657=ORIENTED_EDGE('',*,*,#9579,.T.);
#9667=STYLED_ITEM('',(#34),#9668);
#9668=ADVANCED_FACE('',(#9674),#9669,.T.);
#9669=PLANE('',#9670);
#9670=AXIS2_PLACEMENT_3D('',#9671,#9672,#9673);
#9671=CARTESIAN_POINT('',(2.096,2.598,0.051));
#9672=DIRECTION('',(0.0,0.0,1.0));
#9673=DIRECTION('',(0.,1.,0.));
#9674=FACE_OUTER_BOUND('',#9675,.T.);
#9675=EDGE_LOOP('',(#9676,#9686,#9696,#9706));
#9676=ORIENTED_EDGE('',*,*,#9452,.T.);
#9686=ORIENTED_EDGE('',*,*,#9501,.T.);
#9696=ORIENTED_EDGE('',*,*,#9550,.T.);
#9706=ORIENTED_EDGE('',*,*,#9599,.T.);
#9716=MANIFOLD_SOLID_BREP($,#9717);
#9717=CLOSED_SHELL('',(#9719,#9768,#9817,#9866,#9915,#9964));
#9718=STYLED_ITEM('',(#34),#9719);
#9719=ADVANCED_FACE('',(#9725),#9720,.T.);
#9720=PLANE('',#9721);
#9721=AXIS2_PLACEMENT_3D('',#9722,#9723,#9724);
#9722=CARTESIAN_POINT('',(1.348,3.099,0.0));
#9723=DIRECTION('',(0.0,-1.0,0.0));
#9724=DIRECTION('',(0.,0.,1.));
#9725=FACE_OUTER_BOUND('',#9726,.T.);
#9726=EDGE_LOOP('',(#9727,#9737,#9747,#9757));
#9730=CARTESIAN_POINT('',(1.652,3.099,0.0));
#9729=VERTEX_POINT('',#9730);
#9732=CARTESIAN_POINT('',(1.348,3.099,0.0));
#9731=VERTEX_POINT('',#9732);
#9728=EDGE_CURVE('',#9729,#9731,#9733,.T.);
#9733=LINE('',#9730,#9735);
#9735=VECTOR('',#9736,0.3048);
#9736=DIRECTION('',(-1.0,0.0,0.0));
#9727=ORIENTED_EDGE('',*,*,#9728,.F.);
#9740=CARTESIAN_POINT('',(1.652,3.099,0.051));
#9739=VERTEX_POINT('',#9740);
#9738=EDGE_CURVE('',#9739,#9729,#9743,.T.);
#9743=LINE('',#9740,#9745);
#9745=VECTOR('',#9746,0.0508);
#9746=DIRECTION('',(0.0,0.0,-1.0));
#9737=ORIENTED_EDGE('',*,*,#9738,.F.);
#9750=CARTESIAN_POINT('',(1.348,3.099,0.051));
#9749=VERTEX_POINT('',#9750);
#9748=EDGE_CURVE('',#9749,#9739,#9753,.T.);
#9753=LINE('',#9750,#9755);
#9755=VECTOR('',#9756,0.3048);
#9756=DIRECTION('',(1.0,0.0,0.0));
#9747=ORIENTED_EDGE('',*,*,#9748,.F.);
#9758=EDGE_CURVE('',#9731,#9749,#9763,.T.);
#9763=LINE('',#9732,#9765);
#9765=VECTOR('',#9766,0.0508);
#9766=DIRECTION('',(0.0,0.0,1.0));
#9757=ORIENTED_EDGE('',*,*,#9758,.F.);
#9767=STYLED_ITEM('',(#34),#9768);
#9768=ADVANCED_FACE('',(#9774),#9769,.T.);
#9769=PLANE('',#9770);
#9770=AXIS2_PLACEMENT_3D('',#9771,#9772,#9773);
#9771=CARTESIAN_POINT('',(1.652,3.099,0.0));
#9772=DIRECTION('',(1.0,0.0,0.0));
#9773=DIRECTION('',(0.,0.,1.));
#9774=FACE_OUTER_BOUND('',#9775,.T.);
#9775=EDGE_LOOP('',(#9776,#9786,#9796,#9806));
#9779=CARTESIAN_POINT('',(1.652,3.556,0.0));
#9778=VERTEX_POINT('',#9779);
#9777=EDGE_CURVE('',#9778,#9729,#9782,.T.);
#9782=LINE('',#9779,#9784);
#9784=VECTOR('',#9785,0.4572);
#9785=DIRECTION('',(0.0,-1.0,0.0));
#9776=ORIENTED_EDGE('',*,*,#9777,.F.);
#9789=CARTESIAN_POINT('',(1.652,3.556,0.051));
#9788=VERTEX_POINT('',#9789);
#9787=EDGE_CURVE('',#9788,#9778,#9792,.T.);
#9792=LINE('',#9789,#9794);
#9794=VECTOR('',#9795,0.0508);
#9795=DIRECTION('',(0.0,0.0,-1.0));
#9786=ORIENTED_EDGE('',*,*,#9787,.F.);
#9797=EDGE_CURVE('',#9739,#9788,#9802,.T.);
#9802=LINE('',#9740,#9804);
#9804=VECTOR('',#9805,0.4572);
#9805=DIRECTION('',(0.0,1.0,0.0));
#9796=ORIENTED_EDGE('',*,*,#9797,.F.);
#9806=ORIENTED_EDGE('',*,*,#9738,.T.);
#9816=STYLED_ITEM('',(#34),#9817);
#9817=ADVANCED_FACE('',(#9823),#9818,.T.);
#9818=PLANE('',#9819);
#9819=AXIS2_PLACEMENT_3D('',#9820,#9821,#9822);
#9820=CARTESIAN_POINT('',(1.652,3.556,0.0));
#9821=DIRECTION('',(0.0,1.0,0.0));
#9822=DIRECTION('',(0.,0.,1.));
#9823=FACE_OUTER_BOUND('',#9824,.T.);
#9824=EDGE_LOOP('',(#9825,#9835,#9845,#9855));
#9828=CARTESIAN_POINT('',(1.348,3.556,0.0));
#9827=VERTEX_POINT('',#9828);
#9826=EDGE_CURVE('',#9827,#9778,#9831,.T.);
#9831=LINE('',#9828,#9833);
#9833=VECTOR('',#9834,0.3048);
#9834=DIRECTION('',(1.0,0.0,0.0));
#9825=ORIENTED_EDGE('',*,*,#9826,.F.);
#9838=CARTESIAN_POINT('',(1.348,3.556,0.051));
#9837=VERTEX_POINT('',#9838);
#9836=EDGE_CURVE('',#9837,#9827,#9841,.T.);
#9841=LINE('',#9838,#9843);
#9843=VECTOR('',#9844,0.0508);
#9844=DIRECTION('',(0.0,0.0,-1.0));
#9835=ORIENTED_EDGE('',*,*,#9836,.F.);
#9846=EDGE_CURVE('',#9788,#9837,#9851,.T.);
#9851=LINE('',#9789,#9853);
#9853=VECTOR('',#9854,0.3048);
#9854=DIRECTION('',(-1.0,0.0,0.0));
#9845=ORIENTED_EDGE('',*,*,#9846,.F.);
#9855=ORIENTED_EDGE('',*,*,#9787,.T.);
#9865=STYLED_ITEM('',(#34),#9866);
#9866=ADVANCED_FACE('',(#9872),#9867,.T.);
#9867=PLANE('',#9868);
#9868=AXIS2_PLACEMENT_3D('',#9869,#9870,#9871);
#9869=CARTESIAN_POINT('',(1.348,3.556,0.0));
#9870=DIRECTION('',(-1.0,0.0,0.0));
#9871=DIRECTION('',(0.,0.,1.));
#9872=FACE_OUTER_BOUND('',#9873,.T.);
#9873=EDGE_LOOP('',(#9874,#9884,#9894,#9904));
#9875=EDGE_CURVE('',#9731,#9827,#9880,.T.);
#9880=LINE('',#9732,#9882);
#9882=VECTOR('',#9883,0.4572);
#9883=DIRECTION('',(0.0,1.0,0.0));
#9874=ORIENTED_EDGE('',*,*,#9875,.F.);
#9884=ORIENTED_EDGE('',*,*,#9758,.T.);
#9895=EDGE_CURVE('',#9837,#9749,#9900,.T.);
#9900=LINE('',#9838,#9902);
#9902=VECTOR('',#9903,0.4572);
#9903=DIRECTION('',(0.0,-1.0,0.0));
#9894=ORIENTED_EDGE('',*,*,#9895,.F.);
#9904=ORIENTED_EDGE('',*,*,#9836,.T.);
#9914=STYLED_ITEM('',(#34),#9915);
#9915=ADVANCED_FACE('',(#9921),#9916,.T.);
#9916=PLANE('',#9917);
#9917=AXIS2_PLACEMENT_3D('',#9918,#9919,#9920);
#9918=CARTESIAN_POINT('',(1.348,3.556,0.0));
#9919=DIRECTION('',(0.0,0.0,-1.0));
#9920=DIRECTION('',(0.,1.,0.));
#9921=FACE_OUTER_BOUND('',#9922,.T.);
#9922=EDGE_LOOP('',(#9923,#9933,#9943,#9953));
#9923=ORIENTED_EDGE('',*,*,#9826,.T.);
#9933=ORIENTED_EDGE('',*,*,#9777,.T.);
#9943=ORIENTED_EDGE('',*,*,#9728,.T.);
#9953=ORIENTED_EDGE('',*,*,#9875,.T.);
#9963=STYLED_ITEM('',(#34),#9964);
#9964=ADVANCED_FACE('',(#9970),#9965,.T.);
#9965=PLANE('',#9966);
#9966=AXIS2_PLACEMENT_3D('',#9967,#9968,#9969);
#9967=CARTESIAN_POINT('',(1.348,3.099,0.051));
#9968=DIRECTION('',(0.0,0.0,1.0));
#9969=DIRECTION('',(0.,1.,0.));
#9970=FACE_OUTER_BOUND('',#9971,.T.);
#9971=EDGE_LOOP('',(#9972,#9982,#9992,#10002));
#9972=ORIENTED_EDGE('',*,*,#9748,.T.);
#9982=ORIENTED_EDGE('',*,*,#9797,.T.);
#9992=ORIENTED_EDGE('',*,*,#9846,.T.);
#10002=ORIENTED_EDGE('',*,*,#9895,.T.);
#10012=MANIFOLD_SOLID_BREP($,#10013);
#10013=CLOSED_SHELL('',(#10015,#10064,#10113,#10162,#10211,#10260));
#10014=STYLED_ITEM('',(#34),#10015);
#10015=ADVANCED_FACE('',(#10021),#10016,.T.);
#10016=PLANE('',#10017);
#10017=AXIS2_PLACEMENT_3D('',#10018,#10019,#10020);
#10018=CARTESIAN_POINT('',(0.848,3.099,0.0));
#10019=DIRECTION('',(0.0,-1.0,0.0));
#10020=DIRECTION('',(0.,0.,1.));
#10021=FACE_OUTER_BOUND('',#10022,.T.);
#10022=EDGE_LOOP('',(#10023,#10033,#10043,#10053));
#10026=CARTESIAN_POINT('',(1.152,3.099,0.0));
#10025=VERTEX_POINT('',#10026);
#10028=CARTESIAN_POINT('',(0.848,3.099,0.0));
#10027=VERTEX_POINT('',#10028);
#10024=EDGE_CURVE('',#10025,#10027,#10029,.T.);
#10029=LINE('',#10026,#10031);
#10031=VECTOR('',#10032,0.3048);
#10032=DIRECTION('',(-1.0,0.0,0.0));
#10023=ORIENTED_EDGE('',*,*,#10024,.F.);
#10036=CARTESIAN_POINT('',(1.152,3.099,0.051));
#10035=VERTEX_POINT('',#10036);
#10034=EDGE_CURVE('',#10035,#10025,#10039,.T.);
#10039=LINE('',#10036,#10041);
#10041=VECTOR('',#10042,0.0508);
#10042=DIRECTION('',(0.0,0.0,-1.0));
#10033=ORIENTED_EDGE('',*,*,#10034,.F.);
#10046=CARTESIAN_POINT('',(0.848,3.099,0.051));
#10045=VERTEX_POINT('',#10046);
#10044=EDGE_CURVE('',#10045,#10035,#10049,.T.);
#10049=LINE('',#10046,#10051);
#10051=VECTOR('',#10052,0.3048);
#10052=DIRECTION('',(1.0,0.0,0.0));
#10043=ORIENTED_EDGE('',*,*,#10044,.F.);
#10054=EDGE_CURVE('',#10027,#10045,#10059,.T.);
#10059=LINE('',#10028,#10061);
#10061=VECTOR('',#10062,0.0508);
#10062=DIRECTION('',(0.0,0.0,1.0));
#10053=ORIENTED_EDGE('',*,*,#10054,.F.);
#10063=STYLED_ITEM('',(#34),#10064);
#10064=ADVANCED_FACE('',(#10070),#10065,.T.);
#10065=PLANE('',#10066);
#10066=AXIS2_PLACEMENT_3D('',#10067,#10068,#10069);
#10067=CARTESIAN_POINT('',(1.152,3.099,0.0));
#10068=DIRECTION('',(1.0,0.0,0.0));
#10069=DIRECTION('',(0.,0.,1.));
#10070=FACE_OUTER_BOUND('',#10071,.T.);
#10071=EDGE_LOOP('',(#10072,#10082,#10092,#10102));
#10075=CARTESIAN_POINT('',(1.152,3.556,0.0));
#10074=VERTEX_POINT('',#10075);
#10073=EDGE_CURVE('',#10074,#10025,#10078,.T.);
#10078=LINE('',#10075,#10080);
#10080=VECTOR('',#10081,0.4572);
#10081=DIRECTION('',(0.0,-1.0,0.0));
#10072=ORIENTED_EDGE('',*,*,#10073,.F.);
#10085=CARTESIAN_POINT('',(1.152,3.556,0.051));
#10084=VERTEX_POINT('',#10085);
#10083=EDGE_CURVE('',#10084,#10074,#10088,.T.);
#10088=LINE('',#10085,#10090);
#10090=VECTOR('',#10091,0.0508);
#10091=DIRECTION('',(0.0,0.0,-1.0));
#10082=ORIENTED_EDGE('',*,*,#10083,.F.);
#10093=EDGE_CURVE('',#10035,#10084,#10098,.T.);
#10098=LINE('',#10036,#10100);
#10100=VECTOR('',#10101,0.4572);
#10101=DIRECTION('',(0.0,1.0,0.0));
#10092=ORIENTED_EDGE('',*,*,#10093,.F.);
#10102=ORIENTED_EDGE('',*,*,#10034,.T.);
#10112=STYLED_ITEM('',(#34),#10113);
#10113=ADVANCED_FACE('',(#10119),#10114,.T.);
#10114=PLANE('',#10115);
#10115=AXIS2_PLACEMENT_3D('',#10116,#10117,#10118);
#10116=CARTESIAN_POINT('',(1.152,3.556,0.0));
#10117=DIRECTION('',(0.0,1.0,0.0));
#10118=DIRECTION('',(0.,0.,1.));
#10119=FACE_OUTER_BOUND('',#10120,.T.);
#10120=EDGE_LOOP('',(#10121,#10131,#10141,#10151));
#10124=CARTESIAN_POINT('',(0.848,3.556,0.0));
#10123=VERTEX_POINT('',#10124);
#10122=EDGE_CURVE('',#10123,#10074,#10127,.T.);
#10127=LINE('',#10124,#10129);
#10129=VECTOR('',#10130,0.3048);
#10130=DIRECTION('',(1.0,0.0,0.0));
#10121=ORIENTED_EDGE('',*,*,#10122,.F.);
#10134=CARTESIAN_POINT('',(0.848,3.556,0.051));
#10133=VERTEX_POINT('',#10134);
#10132=EDGE_CURVE('',#10133,#10123,#10137,.T.);
#10137=LINE('',#10134,#10139);
#10139=VECTOR('',#10140,0.0508);
#10140=DIRECTION('',(0.0,0.0,-1.0));
#10131=ORIENTED_EDGE('',*,*,#10132,.F.);
#10142=EDGE_CURVE('',#10084,#10133,#10147,.T.);
#10147=LINE('',#10085,#10149);
#10149=VECTOR('',#10150,0.3048);
#10150=DIRECTION('',(-1.0,0.0,0.0));
#10141=ORIENTED_EDGE('',*,*,#10142,.F.);
#10151=ORIENTED_EDGE('',*,*,#10083,.T.);
#10161=STYLED_ITEM('',(#34),#10162);
#10162=ADVANCED_FACE('',(#10168),#10163,.T.);
#10163=PLANE('',#10164);
#10164=AXIS2_PLACEMENT_3D('',#10165,#10166,#10167);
#10165=CARTESIAN_POINT('',(0.848,3.556,0.0));
#10166=DIRECTION('',(-1.0,0.0,0.0));
#10167=DIRECTION('',(0.,0.,1.));
#10168=FACE_OUTER_BOUND('',#10169,.T.);
#10169=EDGE_LOOP('',(#10170,#10180,#10190,#10200));
#10171=EDGE_CURVE('',#10027,#10123,#10176,.T.);
#10176=LINE('',#10028,#10178);
#10178=VECTOR('',#10179,0.4572);
#10179=DIRECTION('',(0.0,1.0,0.0));
#10170=ORIENTED_EDGE('',*,*,#10171,.F.);
#10180=ORIENTED_EDGE('',*,*,#10054,.T.);
#10191=EDGE_CURVE('',#10133,#10045,#10196,.T.);
#10196=LINE('',#10134,#10198);
#10198=VECTOR('',#10199,0.4572);
#10199=DIRECTION('',(0.0,-1.0,0.0));
#10190=ORIENTED_EDGE('',*,*,#10191,.F.);
#10200=ORIENTED_EDGE('',*,*,#10132,.T.);
#10210=STYLED_ITEM('',(#34),#10211);
#10211=ADVANCED_FACE('',(#10217),#10212,.T.);
#10212=PLANE('',#10213);
#10213=AXIS2_PLACEMENT_3D('',#10214,#10215,#10216);
#10214=CARTESIAN_POINT('',(0.848,3.556,0.0));
#10215=DIRECTION('',(0.0,0.0,-1.0));
#10216=DIRECTION('',(0.,1.,0.));
#10217=FACE_OUTER_BOUND('',#10218,.T.);
#10218=EDGE_LOOP('',(#10219,#10229,#10239,#10249));
#10219=ORIENTED_EDGE('',*,*,#10122,.T.);
#10229=ORIENTED_EDGE('',*,*,#10073,.T.);
#10239=ORIENTED_EDGE('',*,*,#10024,.T.);
#10249=ORIENTED_EDGE('',*,*,#10171,.T.);
#10259=STYLED_ITEM('',(#34),#10260);
#10260=ADVANCED_FACE('',(#10266),#10261,.T.);
#10261=PLANE('',#10262);
#10262=AXIS2_PLACEMENT_3D('',#10263,#10264,#10265);
#10263=CARTESIAN_POINT('',(0.848,3.099,0.051));
#10264=DIRECTION('',(0.0,0.0,1.0));
#10265=DIRECTION('',(0.,1.,0.));
#10266=FACE_OUTER_BOUND('',#10267,.T.);
#10267=EDGE_LOOP('',(#10268,#10278,#10288,#10298));
#10268=ORIENTED_EDGE('',*,*,#10044,.T.);
#10278=ORIENTED_EDGE('',*,*,#10093,.T.);
#10288=ORIENTED_EDGE('',*,*,#10142,.T.);
#10298=ORIENTED_EDGE('',*,*,#10191,.T.);
#10308=MANIFOLD_SOLID_BREP($,#10309);
#10309=CLOSED_SHELL('',(#10311,#10360,#10409,#10458,#10507,#10556));
#10310=STYLED_ITEM('',(#34),#10311);
#10311=ADVANCED_FACE('',(#10317),#10312,.T.);
#10312=PLANE('',#10313);
#10313=AXIS2_PLACEMENT_3D('',#10314,#10315,#10316);
#10314=CARTESIAN_POINT('',(0.348,3.099,0.0));
#10315=DIRECTION('',(0.0,-1.0,0.0));
#10316=DIRECTION('',(0.,0.,1.));
#10317=FACE_OUTER_BOUND('',#10318,.T.);
#10318=EDGE_LOOP('',(#10319,#10329,#10339,#10349));
#10322=CARTESIAN_POINT('',(0.652,3.099,0.0));
#10321=VERTEX_POINT('',#10322);
#10324=CARTESIAN_POINT('',(0.348,3.099,0.0));
#10323=VERTEX_POINT('',#10324);
#10320=EDGE_CURVE('',#10321,#10323,#10325,.T.);
#10325=LINE('',#10322,#10327);
#10327=VECTOR('',#10328,0.3048);
#10328=DIRECTION('',(-1.0,0.0,0.0));
#10319=ORIENTED_EDGE('',*,*,#10320,.F.);
#10332=CARTESIAN_POINT('',(0.652,3.099,0.051));
#10331=VERTEX_POINT('',#10332);
#10330=EDGE_CURVE('',#10331,#10321,#10335,.T.);
#10335=LINE('',#10332,#10337);
#10337=VECTOR('',#10338,0.0508);
#10338=DIRECTION('',(0.0,0.0,-1.0));
#10329=ORIENTED_EDGE('',*,*,#10330,.F.);
#10342=CARTESIAN_POINT('',(0.348,3.099,0.051));
#10341=VERTEX_POINT('',#10342);
#10340=EDGE_CURVE('',#10341,#10331,#10345,.T.);
#10345=LINE('',#10342,#10347);
#10347=VECTOR('',#10348,0.3048);
#10348=DIRECTION('',(1.0,0.0,0.0));
#10339=ORIENTED_EDGE('',*,*,#10340,.F.);
#10350=EDGE_CURVE('',#10323,#10341,#10355,.T.);
#10355=LINE('',#10324,#10357);
#10357=VECTOR('',#10358,0.0508);
#10358=DIRECTION('',(0.0,0.0,1.0));
#10349=ORIENTED_EDGE('',*,*,#10350,.F.);
#10359=STYLED_ITEM('',(#34),#10360);
#10360=ADVANCED_FACE('',(#10366),#10361,.T.);
#10361=PLANE('',#10362);
#10362=AXIS2_PLACEMENT_3D('',#10363,#10364,#10365);
#10363=CARTESIAN_POINT('',(0.652,3.099,0.0));
#10364=DIRECTION('',(1.0,0.0,0.0));
#10365=DIRECTION('',(0.,0.,1.));
#10366=FACE_OUTER_BOUND('',#10367,.T.);
#10367=EDGE_LOOP('',(#10368,#10378,#10388,#10398));
#10371=CARTESIAN_POINT('',(0.652,3.556,0.0));
#10370=VERTEX_POINT('',#10371);
#10369=EDGE_CURVE('',#10370,#10321,#10374,.T.);
#10374=LINE('',#10371,#10376);
#10376=VECTOR('',#10377,0.4572);
#10377=DIRECTION('',(0.0,-1.0,0.0));
#10368=ORIENTED_EDGE('',*,*,#10369,.F.);
#10381=CARTESIAN_POINT('',(0.652,3.556,0.051));
#10380=VERTEX_POINT('',#10381);
#10379=EDGE_CURVE('',#10380,#10370,#10384,.T.);
#10384=LINE('',#10381,#10386);
#10386=VECTOR('',#10387,0.0508);
#10387=DIRECTION('',(0.0,0.0,-1.0));
#10378=ORIENTED_EDGE('',*,*,#10379,.F.);
#10389=EDGE_CURVE('',#10331,#10380,#10394,.T.);
#10394=LINE('',#10332,#10396);
#10396=VECTOR('',#10397,0.4572);
#10397=DIRECTION('',(0.0,1.0,0.0));
#10388=ORIENTED_EDGE('',*,*,#10389,.F.);
#10398=ORIENTED_EDGE('',*,*,#10330,.T.);
#10408=STYLED_ITEM('',(#34),#10409);
#10409=ADVANCED_FACE('',(#10415),#10410,.T.);
#10410=PLANE('',#10411);
#10411=AXIS2_PLACEMENT_3D('',#10412,#10413,#10414);
#10412=CARTESIAN_POINT('',(0.652,3.556,0.0));
#10413=DIRECTION('',(0.0,1.0,0.0));
#10414=DIRECTION('',(0.,0.,1.));
#10415=FACE_OUTER_BOUND('',#10416,.T.);
#10416=EDGE_LOOP('',(#10417,#10427,#10437,#10447));
#10420=CARTESIAN_POINT('',(0.348,3.556,0.0));
#10419=VERTEX_POINT('',#10420);
#10418=EDGE_CURVE('',#10419,#10370,#10423,.T.);
#10423=LINE('',#10420,#10425);
#10425=VECTOR('',#10426,0.3048);
#10426=DIRECTION('',(1.0,0.0,0.0));
#10417=ORIENTED_EDGE('',*,*,#10418,.F.);
#10430=CARTESIAN_POINT('',(0.348,3.556,0.051));
#10429=VERTEX_POINT('',#10430);
#10428=EDGE_CURVE('',#10429,#10419,#10433,.T.);
#10433=LINE('',#10430,#10435);
#10435=VECTOR('',#10436,0.0508);
#10436=DIRECTION('',(0.0,0.0,-1.0));
#10427=ORIENTED_EDGE('',*,*,#10428,.F.);
#10438=EDGE_CURVE('',#10380,#10429,#10443,.T.);
#10443=LINE('',#10381,#10445);
#10445=VECTOR('',#10446,0.3048);
#10446=DIRECTION('',(-1.0,0.0,0.0));
#10437=ORIENTED_EDGE('',*,*,#10438,.F.);
#10447=ORIENTED_EDGE('',*,*,#10379,.T.);
#10457=STYLED_ITEM('',(#34),#10458);
#10458=ADVANCED_FACE('',(#10464),#10459,.T.);
#10459=PLANE('',#10460);
#10460=AXIS2_PLACEMENT_3D('',#10461,#10462,#10463);
#10461=CARTESIAN_POINT('',(0.348,3.556,0.0));
#10462=DIRECTION('',(-1.0,0.0,0.0));
#10463=DIRECTION('',(0.,0.,1.));
#10464=FACE_OUTER_BOUND('',#10465,.T.);
#10465=EDGE_LOOP('',(#10466,#10476,#10486,#10496));
#10467=EDGE_CURVE('',#10323,#10419,#10472,.T.);
#10472=LINE('',#10324,#10474);
#10474=VECTOR('',#10475,0.4572);
#10475=DIRECTION('',(0.0,1.0,0.0));
#10466=ORIENTED_EDGE('',*,*,#10467,.F.);
#10476=ORIENTED_EDGE('',*,*,#10350,.T.);
#10487=EDGE_CURVE('',#10429,#10341,#10492,.T.);
#10492=LINE('',#10430,#10494);
#10494=VECTOR('',#10495,0.4572);
#10495=DIRECTION('',(0.0,-1.0,0.0));
#10486=ORIENTED_EDGE('',*,*,#10487,.F.);
#10496=ORIENTED_EDGE('',*,*,#10428,.T.);
#10506=STYLED_ITEM('',(#34),#10507);
#10507=ADVANCED_FACE('',(#10513),#10508,.T.);
#10508=PLANE('',#10509);
#10509=AXIS2_PLACEMENT_3D('',#10510,#10511,#10512);
#10510=CARTESIAN_POINT('',(0.348,3.556,0.0));
#10511=DIRECTION('',(0.0,0.0,-1.0));
#10512=DIRECTION('',(0.,1.,0.));
#10513=FACE_OUTER_BOUND('',#10514,.T.);
#10514=EDGE_LOOP('',(#10515,#10525,#10535,#10545));
#10515=ORIENTED_EDGE('',*,*,#10418,.T.);
#10525=ORIENTED_EDGE('',*,*,#10369,.T.);
#10535=ORIENTED_EDGE('',*,*,#10320,.T.);
#10545=ORIENTED_EDGE('',*,*,#10467,.T.);
#10555=STYLED_ITEM('',(#34),#10556);
#10556=ADVANCED_FACE('',(#10562),#10557,.T.);
#10557=PLANE('',#10558);
#10558=AXIS2_PLACEMENT_3D('',#10559,#10560,#10561);
#10559=CARTESIAN_POINT('',(0.348,3.099,0.051));
#10560=DIRECTION('',(0.0,0.0,1.0));
#10561=DIRECTION('',(0.,1.,0.));
#10562=FACE_OUTER_BOUND('',#10563,.T.);
#10563=EDGE_LOOP('',(#10564,#10574,#10584,#10594));
#10564=ORIENTED_EDGE('',*,*,#10340,.T.);
#10574=ORIENTED_EDGE('',*,*,#10389,.T.);
#10584=ORIENTED_EDGE('',*,*,#10438,.T.);
#10594=ORIENTED_EDGE('',*,*,#10487,.T.);
#10604=MANIFOLD_SOLID_BREP($,#10605);
#10605=CLOSED_SHELL('',(#10607,#10656,#10705,#10754,#10803,#10852));
#10606=STYLED_ITEM('',(#34),#10607);
#10607=ADVANCED_FACE('',(#10613),#10608,.T.);
#10608=PLANE('',#10609);
#10609=AXIS2_PLACEMENT_3D('',#10610,#10611,#10612);
#10610=CARTESIAN_POINT('',(-0.152,3.099,0.0));
#10611=DIRECTION('',(0.0,-1.0,0.0));
#10612=DIRECTION('',(0.,0.,1.));
#10613=FACE_OUTER_BOUND('',#10614,.T.);
#10614=EDGE_LOOP('',(#10615,#10625,#10635,#10645));
#10618=CARTESIAN_POINT('',(0.152,3.099,0.0));
#10617=VERTEX_POINT('',#10618);
#10620=CARTESIAN_POINT('',(-0.152,3.099,0.0));
#10619=VERTEX_POINT('',#10620);
#10616=EDGE_CURVE('',#10617,#10619,#10621,.T.);
#10621=LINE('',#10618,#10623);
#10623=VECTOR('',#10624,0.3048);
#10624=DIRECTION('',(-1.0,0.0,0.0));
#10615=ORIENTED_EDGE('',*,*,#10616,.F.);
#10628=CARTESIAN_POINT('',(0.152,3.099,0.051));
#10627=VERTEX_POINT('',#10628);
#10626=EDGE_CURVE('',#10627,#10617,#10631,.T.);
#10631=LINE('',#10628,#10633);
#10633=VECTOR('',#10634,0.0508);
#10634=DIRECTION('',(0.0,0.0,-1.0));
#10625=ORIENTED_EDGE('',*,*,#10626,.F.);
#10638=CARTESIAN_POINT('',(-0.152,3.099,0.051));
#10637=VERTEX_POINT('',#10638);
#10636=EDGE_CURVE('',#10637,#10627,#10641,.T.);
#10641=LINE('',#10638,#10643);
#10643=VECTOR('',#10644,0.3048);
#10644=DIRECTION('',(1.0,0.0,0.0));
#10635=ORIENTED_EDGE('',*,*,#10636,.F.);
#10646=EDGE_CURVE('',#10619,#10637,#10651,.T.);
#10651=LINE('',#10620,#10653);
#10653=VECTOR('',#10654,0.0508);
#10654=DIRECTION('',(0.0,0.0,1.0));
#10645=ORIENTED_EDGE('',*,*,#10646,.F.);
#10655=STYLED_ITEM('',(#34),#10656);
#10656=ADVANCED_FACE('',(#10662),#10657,.T.);
#10657=PLANE('',#10658);
#10658=AXIS2_PLACEMENT_3D('',#10659,#10660,#10661);
#10659=CARTESIAN_POINT('',(0.152,3.099,0.0));
#10660=DIRECTION('',(1.0,0.0,0.0));
#10661=DIRECTION('',(0.,0.,1.));
#10662=FACE_OUTER_BOUND('',#10663,.T.);
#10663=EDGE_LOOP('',(#10664,#10674,#10684,#10694));
#10667=CARTESIAN_POINT('',(0.152,3.556,0.0));
#10666=VERTEX_POINT('',#10667);
#10665=EDGE_CURVE('',#10666,#10617,#10670,.T.);
#10670=LINE('',#10667,#10672);
#10672=VECTOR('',#10673,0.4572);
#10673=DIRECTION('',(0.0,-1.0,0.0));
#10664=ORIENTED_EDGE('',*,*,#10665,.F.);
#10677=CARTESIAN_POINT('',(0.152,3.556,0.051));
#10676=VERTEX_POINT('',#10677);
#10675=EDGE_CURVE('',#10676,#10666,#10680,.T.);
#10680=LINE('',#10677,#10682);
#10682=VECTOR('',#10683,0.0508);
#10683=DIRECTION('',(0.0,0.0,-1.0));
#10674=ORIENTED_EDGE('',*,*,#10675,.F.);
#10685=EDGE_CURVE('',#10627,#10676,#10690,.T.);
#10690=LINE('',#10628,#10692);
#10692=VECTOR('',#10693,0.4572);
#10693=DIRECTION('',(0.0,1.0,0.0));
#10684=ORIENTED_EDGE('',*,*,#10685,.F.);
#10694=ORIENTED_EDGE('',*,*,#10626,.T.);
#10704=STYLED_ITEM('',(#34),#10705);
#10705=ADVANCED_FACE('',(#10711),#10706,.T.);
#10706=PLANE('',#10707);
#10707=AXIS2_PLACEMENT_3D('',#10708,#10709,#10710);
#10708=CARTESIAN_POINT('',(0.152,3.556,0.0));
#10709=DIRECTION('',(0.0,1.0,0.0));
#10710=DIRECTION('',(0.,0.,1.));
#10711=FACE_OUTER_BOUND('',#10712,.T.);
#10712=EDGE_LOOP('',(#10713,#10723,#10733,#10743));
#10716=CARTESIAN_POINT('',(-0.152,3.556,0.0));
#10715=VERTEX_POINT('',#10716);
#10714=EDGE_CURVE('',#10715,#10666,#10719,.T.);
#10719=LINE('',#10716,#10721);
#10721=VECTOR('',#10722,0.3048);
#10722=DIRECTION('',(1.0,0.0,0.0));
#10713=ORIENTED_EDGE('',*,*,#10714,.F.);
#10726=CARTESIAN_POINT('',(-0.152,3.556,0.051));
#10725=VERTEX_POINT('',#10726);
#10724=EDGE_CURVE('',#10725,#10715,#10729,.T.);
#10729=LINE('',#10726,#10731);
#10731=VECTOR('',#10732,0.0508);
#10732=DIRECTION('',(0.0,0.0,-1.0));
#10723=ORIENTED_EDGE('',*,*,#10724,.F.);
#10734=EDGE_CURVE('',#10676,#10725,#10739,.T.);
#10739=LINE('',#10677,#10741);
#10741=VECTOR('',#10742,0.3048);
#10742=DIRECTION('',(-1.0,0.0,0.0));
#10733=ORIENTED_EDGE('',*,*,#10734,.F.);
#10743=ORIENTED_EDGE('',*,*,#10675,.T.);
#10753=STYLED_ITEM('',(#34),#10754);
#10754=ADVANCED_FACE('',(#10760),#10755,.T.);
#10755=PLANE('',#10756);
#10756=AXIS2_PLACEMENT_3D('',#10757,#10758,#10759);
#10757=CARTESIAN_POINT('',(-0.152,3.556,0.0));
#10758=DIRECTION('',(-1.0,0.0,0.0));
#10759=DIRECTION('',(0.,0.,1.));
#10760=FACE_OUTER_BOUND('',#10761,.T.);
#10761=EDGE_LOOP('',(#10762,#10772,#10782,#10792));
#10763=EDGE_CURVE('',#10619,#10715,#10768,.T.);
#10768=LINE('',#10620,#10770);
#10770=VECTOR('',#10771,0.4572);
#10771=DIRECTION('',(0.0,1.0,0.0));
#10762=ORIENTED_EDGE('',*,*,#10763,.F.);
#10772=ORIENTED_EDGE('',*,*,#10646,.T.);
#10783=EDGE_CURVE('',#10725,#10637,#10788,.T.);
#10788=LINE('',#10726,#10790);
#10790=VECTOR('',#10791,0.4572);
#10791=DIRECTION('',(0.0,-1.0,0.0));
#10782=ORIENTED_EDGE('',*,*,#10783,.F.);
#10792=ORIENTED_EDGE('',*,*,#10724,.T.);
#10802=STYLED_ITEM('',(#34),#10803);
#10803=ADVANCED_FACE('',(#10809),#10804,.T.);
#10804=PLANE('',#10805);
#10805=AXIS2_PLACEMENT_3D('',#10806,#10807,#10808);
#10806=CARTESIAN_POINT('',(-0.152,3.556,0.0));
#10807=DIRECTION('',(0.0,0.0,-1.0));
#10808=DIRECTION('',(0.,1.,0.));
#10809=FACE_OUTER_BOUND('',#10810,.T.);
#10810=EDGE_LOOP('',(#10811,#10821,#10831,#10841));
#10811=ORIENTED_EDGE('',*,*,#10714,.T.);
#10821=ORIENTED_EDGE('',*,*,#10665,.T.);
#10831=ORIENTED_EDGE('',*,*,#10616,.T.);
#10841=ORIENTED_EDGE('',*,*,#10763,.T.);
#10851=STYLED_ITEM('',(#34),#10852);
#10852=ADVANCED_FACE('',(#10858),#10853,.T.);
#10853=PLANE('',#10854);
#10854=AXIS2_PLACEMENT_3D('',#10855,#10856,#10857);
#10855=CARTESIAN_POINT('',(-0.152,3.099,0.051));
#10856=DIRECTION('',(0.0,0.0,1.0));
#10857=DIRECTION('',(0.,1.,0.));
#10858=FACE_OUTER_BOUND('',#10859,.T.);
#10859=EDGE_LOOP('',(#10860,#10870,#10880,#10890));
#10860=ORIENTED_EDGE('',*,*,#10636,.T.);
#10870=ORIENTED_EDGE('',*,*,#10685,.T.);
#10880=ORIENTED_EDGE('',*,*,#10734,.T.);
#10890=ORIENTED_EDGE('',*,*,#10783,.T.);
#10900=MANIFOLD_SOLID_BREP($,#10901);
#10901=CLOSED_SHELL('',(#10903,#10952,#11001,#11050,#11099,#11148));
#10902=STYLED_ITEM('',(#34),#10903);
#10903=ADVANCED_FACE('',(#10909),#10904,.T.);
#10904=PLANE('',#10905);
#10905=AXIS2_PLACEMENT_3D('',#10906,#10907,#10908);
#10906=CARTESIAN_POINT('',(-0.652,3.099,0.0));
#10907=DIRECTION('',(0.0,-1.0,0.0));
#10908=DIRECTION('',(0.,0.,1.));
#10909=FACE_OUTER_BOUND('',#10910,.T.);
#10910=EDGE_LOOP('',(#10911,#10921,#10931,#10941));
#10914=CARTESIAN_POINT('',(-0.348,3.099,0.0));
#10913=VERTEX_POINT('',#10914);
#10916=CARTESIAN_POINT('',(-0.652,3.099,0.0));
#10915=VERTEX_POINT('',#10916);
#10912=EDGE_CURVE('',#10913,#10915,#10917,.T.);
#10917=LINE('',#10914,#10919);
#10919=VECTOR('',#10920,0.3048);
#10920=DIRECTION('',(-1.0,0.0,0.0));
#10911=ORIENTED_EDGE('',*,*,#10912,.F.);
#10924=CARTESIAN_POINT('',(-0.348,3.099,0.051));
#10923=VERTEX_POINT('',#10924);
#10922=EDGE_CURVE('',#10923,#10913,#10927,.T.);
#10927=LINE('',#10924,#10929);
#10929=VECTOR('',#10930,0.0508);
#10930=DIRECTION('',(0.0,0.0,-1.0));
#10921=ORIENTED_EDGE('',*,*,#10922,.F.);
#10934=CARTESIAN_POINT('',(-0.652,3.099,0.051));
#10933=VERTEX_POINT('',#10934);
#10932=EDGE_CURVE('',#10933,#10923,#10937,.T.);
#10937=LINE('',#10934,#10939);
#10939=VECTOR('',#10940,0.3048);
#10940=DIRECTION('',(1.0,0.0,0.0));
#10931=ORIENTED_EDGE('',*,*,#10932,.F.);
#10942=EDGE_CURVE('',#10915,#10933,#10947,.T.);
#10947=LINE('',#10916,#10949);
#10949=VECTOR('',#10950,0.0508);
#10950=DIRECTION('',(0.0,0.0,1.0));
#10941=ORIENTED_EDGE('',*,*,#10942,.F.);
#10951=STYLED_ITEM('',(#34),#10952);
#10952=ADVANCED_FACE('',(#10958),#10953,.T.);
#10953=PLANE('',#10954);
#10954=AXIS2_PLACEMENT_3D('',#10955,#10956,#10957);
#10955=CARTESIAN_POINT('',(-0.348,3.099,0.0));
#10956=DIRECTION('',(1.0,0.0,0.0));
#10957=DIRECTION('',(0.,0.,1.));
#10958=FACE_OUTER_BOUND('',#10959,.T.);
#10959=EDGE_LOOP('',(#10960,#10970,#10980,#10990));
#10963=CARTESIAN_POINT('',(-0.348,3.556,0.0));
#10962=VERTEX_POINT('',#10963);
#10961=EDGE_CURVE('',#10962,#10913,#10966,.T.);
#10966=LINE('',#10963,#10968);
#10968=VECTOR('',#10969,0.4572);
#10969=DIRECTION('',(0.0,-1.0,0.0));
#10960=ORIENTED_EDGE('',*,*,#10961,.F.);
#10973=CARTESIAN_POINT('',(-0.348,3.556,0.051));
#10972=VERTEX_POINT('',#10973);
#10971=EDGE_CURVE('',#10972,#10962,#10976,.T.);
#10976=LINE('',#10973,#10978);
#10978=VECTOR('',#10979,0.0508);
#10979=DIRECTION('',(0.0,0.0,-1.0));
#10970=ORIENTED_EDGE('',*,*,#10971,.F.);
#10981=EDGE_CURVE('',#10923,#10972,#10986,.T.);
#10986=LINE('',#10924,#10988);
#10988=VECTOR('',#10989,0.4572);
#10989=DIRECTION('',(0.0,1.0,0.0));
#10980=ORIENTED_EDGE('',*,*,#10981,.F.);
#10990=ORIENTED_EDGE('',*,*,#10922,.T.);
#11000=STYLED_ITEM('',(#34),#11001);
#11001=ADVANCED_FACE('',(#11007),#11002,.T.);
#11002=PLANE('',#11003);
#11003=AXIS2_PLACEMENT_3D('',#11004,#11005,#11006);
#11004=CARTESIAN_POINT('',(-0.348,3.556,0.0));
#11005=DIRECTION('',(0.0,1.0,0.0));
#11006=DIRECTION('',(0.,0.,1.));
#11007=FACE_OUTER_BOUND('',#11008,.T.);
#11008=EDGE_LOOP('',(#11009,#11019,#11029,#11039));
#11012=CARTESIAN_POINT('',(-0.652,3.556,0.0));
#11011=VERTEX_POINT('',#11012);
#11010=EDGE_CURVE('',#11011,#10962,#11015,.T.);
#11015=LINE('',#11012,#11017);
#11017=VECTOR('',#11018,0.3048);
#11018=DIRECTION('',(1.0,0.0,0.0));
#11009=ORIENTED_EDGE('',*,*,#11010,.F.);
#11022=CARTESIAN_POINT('',(-0.652,3.556,0.051));
#11021=VERTEX_POINT('',#11022);
#11020=EDGE_CURVE('',#11021,#11011,#11025,.T.);
#11025=LINE('',#11022,#11027);
#11027=VECTOR('',#11028,0.0508);
#11028=DIRECTION('',(0.0,0.0,-1.0));
#11019=ORIENTED_EDGE('',*,*,#11020,.F.);
#11030=EDGE_CURVE('',#10972,#11021,#11035,.T.);
#11035=LINE('',#10973,#11037);
#11037=VECTOR('',#11038,0.3048);
#11038=DIRECTION('',(-1.0,0.0,0.0));
#11029=ORIENTED_EDGE('',*,*,#11030,.F.);
#11039=ORIENTED_EDGE('',*,*,#10971,.T.);
#11049=STYLED_ITEM('',(#34),#11050);
#11050=ADVANCED_FACE('',(#11056),#11051,.T.);
#11051=PLANE('',#11052);
#11052=AXIS2_PLACEMENT_3D('',#11053,#11054,#11055);
#11053=CARTESIAN_POINT('',(-0.652,3.556,0.0));
#11054=DIRECTION('',(-1.0,0.0,0.0));
#11055=DIRECTION('',(0.,0.,1.));
#11056=FACE_OUTER_BOUND('',#11057,.T.);
#11057=EDGE_LOOP('',(#11058,#11068,#11078,#11088));
#11059=EDGE_CURVE('',#10915,#11011,#11064,.T.);
#11064=LINE('',#10916,#11066);
#11066=VECTOR('',#11067,0.4572);
#11067=DIRECTION('',(0.0,1.0,0.0));
#11058=ORIENTED_EDGE('',*,*,#11059,.F.);
#11068=ORIENTED_EDGE('',*,*,#10942,.T.);
#11079=EDGE_CURVE('',#11021,#10933,#11084,.T.);
#11084=LINE('',#11022,#11086);
#11086=VECTOR('',#11087,0.4572);
#11087=DIRECTION('',(0.0,-1.0,0.0));
#11078=ORIENTED_EDGE('',*,*,#11079,.F.);
#11088=ORIENTED_EDGE('',*,*,#11020,.T.);
#11098=STYLED_ITEM('',(#34),#11099);
#11099=ADVANCED_FACE('',(#11105),#11100,.T.);
#11100=PLANE('',#11101);
#11101=AXIS2_PLACEMENT_3D('',#11102,#11103,#11104);
#11102=CARTESIAN_POINT('',(-0.652,3.556,0.0));
#11103=DIRECTION('',(0.0,0.0,-1.0));
#11104=DIRECTION('',(0.,1.,0.));
#11105=FACE_OUTER_BOUND('',#11106,.T.);
#11106=EDGE_LOOP('',(#11107,#11117,#11127,#11137));
#11107=ORIENTED_EDGE('',*,*,#11010,.T.);
#11117=ORIENTED_EDGE('',*,*,#10961,.T.);
#11127=ORIENTED_EDGE('',*,*,#10912,.T.);
#11137=ORIENTED_EDGE('',*,*,#11059,.T.);
#11147=STYLED_ITEM('',(#34),#11148);
#11148=ADVANCED_FACE('',(#11154),#11149,.T.);
#11149=PLANE('',#11150);
#11150=AXIS2_PLACEMENT_3D('',#11151,#11152,#11153);
#11151=CARTESIAN_POINT('',(-0.652,3.099,0.051));
#11152=DIRECTION('',(0.0,0.0,1.0));
#11153=DIRECTION('',(0.,1.,0.));
#11154=FACE_OUTER_BOUND('',#11155,.T.);
#11155=EDGE_LOOP('',(#11156,#11166,#11176,#11186));
#11156=ORIENTED_EDGE('',*,*,#10932,.T.);
#11166=ORIENTED_EDGE('',*,*,#10981,.T.);
#11176=ORIENTED_EDGE('',*,*,#11030,.T.);
#11186=ORIENTED_EDGE('',*,*,#11079,.T.);
#11196=MANIFOLD_SOLID_BREP($,#11197);
#11197=CLOSED_SHELL('',(#11199,#11248,#11297,#11346,#11395,#11444));
#11198=STYLED_ITEM('',(#34),#11199);
#11199=ADVANCED_FACE('',(#11205),#11200,.T.);
#11200=PLANE('',#11201);
#11201=AXIS2_PLACEMENT_3D('',#11202,#11203,#11204);
#11202=CARTESIAN_POINT('',(-1.152,3.099,0.0));
#11203=DIRECTION('',(0.0,-1.0,0.0));
#11204=DIRECTION('',(0.,0.,1.));
#11205=FACE_OUTER_BOUND('',#11206,.T.);
#11206=EDGE_LOOP('',(#11207,#11217,#11227,#11237));
#11210=CARTESIAN_POINT('',(-0.848,3.099,0.0));
#11209=VERTEX_POINT('',#11210);
#11212=CARTESIAN_POINT('',(-1.152,3.099,0.0));
#11211=VERTEX_POINT('',#11212);
#11208=EDGE_CURVE('',#11209,#11211,#11213,.T.);
#11213=LINE('',#11210,#11215);
#11215=VECTOR('',#11216,0.3048);
#11216=DIRECTION('',(-1.0,0.0,0.0));
#11207=ORIENTED_EDGE('',*,*,#11208,.F.);
#11220=CARTESIAN_POINT('',(-0.848,3.099,0.051));
#11219=VERTEX_POINT('',#11220);
#11218=EDGE_CURVE('',#11219,#11209,#11223,.T.);
#11223=LINE('',#11220,#11225);
#11225=VECTOR('',#11226,0.0508);
#11226=DIRECTION('',(0.0,0.0,-1.0));
#11217=ORIENTED_EDGE('',*,*,#11218,.F.);
#11230=CARTESIAN_POINT('',(-1.152,3.099,0.051));
#11229=VERTEX_POINT('',#11230);
#11228=EDGE_CURVE('',#11229,#11219,#11233,.T.);
#11233=LINE('',#11230,#11235);
#11235=VECTOR('',#11236,0.3048);
#11236=DIRECTION('',(1.0,0.0,0.0));
#11227=ORIENTED_EDGE('',*,*,#11228,.F.);
#11238=EDGE_CURVE('',#11211,#11229,#11243,.T.);
#11243=LINE('',#11212,#11245);
#11245=VECTOR('',#11246,0.0508);
#11246=DIRECTION('',(0.0,0.0,1.0));
#11237=ORIENTED_EDGE('',*,*,#11238,.F.);
#11247=STYLED_ITEM('',(#34),#11248);
#11248=ADVANCED_FACE('',(#11254),#11249,.T.);
#11249=PLANE('',#11250);
#11250=AXIS2_PLACEMENT_3D('',#11251,#11252,#11253);
#11251=CARTESIAN_POINT('',(-0.848,3.099,0.0));
#11252=DIRECTION('',(1.0,0.0,0.0));
#11253=DIRECTION('',(0.,0.,1.));
#11254=FACE_OUTER_BOUND('',#11255,.T.);
#11255=EDGE_LOOP('',(#11256,#11266,#11276,#11286));
#11259=CARTESIAN_POINT('',(-0.848,3.556,0.0));
#11258=VERTEX_POINT('',#11259);
#11257=EDGE_CURVE('',#11258,#11209,#11262,.T.);
#11262=LINE('',#11259,#11264);
#11264=VECTOR('',#11265,0.4572);
#11265=DIRECTION('',(0.0,-1.0,0.0));
#11256=ORIENTED_EDGE('',*,*,#11257,.F.);
#11269=CARTESIAN_POINT('',(-0.848,3.556,0.051));
#11268=VERTEX_POINT('',#11269);
#11267=EDGE_CURVE('',#11268,#11258,#11272,.T.);
#11272=LINE('',#11269,#11274);
#11274=VECTOR('',#11275,0.0508);
#11275=DIRECTION('',(0.0,0.0,-1.0));
#11266=ORIENTED_EDGE('',*,*,#11267,.F.);
#11277=EDGE_CURVE('',#11219,#11268,#11282,.T.);
#11282=LINE('',#11220,#11284);
#11284=VECTOR('',#11285,0.4572);
#11285=DIRECTION('',(0.0,1.0,0.0));
#11276=ORIENTED_EDGE('',*,*,#11277,.F.);
#11286=ORIENTED_EDGE('',*,*,#11218,.T.);
#11296=STYLED_ITEM('',(#34),#11297);
#11297=ADVANCED_FACE('',(#11303),#11298,.T.);
#11298=PLANE('',#11299);
#11299=AXIS2_PLACEMENT_3D('',#11300,#11301,#11302);
#11300=CARTESIAN_POINT('',(-0.848,3.556,0.0));
#11301=DIRECTION('',(0.0,1.0,0.0));
#11302=DIRECTION('',(0.,0.,1.));
#11303=FACE_OUTER_BOUND('',#11304,.T.);
#11304=EDGE_LOOP('',(#11305,#11315,#11325,#11335));
#11308=CARTESIAN_POINT('',(-1.152,3.556,0.0));
#11307=VERTEX_POINT('',#11308);
#11306=EDGE_CURVE('',#11307,#11258,#11311,.T.);
#11311=LINE('',#11308,#11313);
#11313=VECTOR('',#11314,0.3048);
#11314=DIRECTION('',(1.0,0.0,0.0));
#11305=ORIENTED_EDGE('',*,*,#11306,.F.);
#11318=CARTESIAN_POINT('',(-1.152,3.556,0.051));
#11317=VERTEX_POINT('',#11318);
#11316=EDGE_CURVE('',#11317,#11307,#11321,.T.);
#11321=LINE('',#11318,#11323);
#11323=VECTOR('',#11324,0.0508);
#11324=DIRECTION('',(0.0,0.0,-1.0));
#11315=ORIENTED_EDGE('',*,*,#11316,.F.);
#11326=EDGE_CURVE('',#11268,#11317,#11331,.T.);
#11331=LINE('',#11269,#11333);
#11333=VECTOR('',#11334,0.3048);
#11334=DIRECTION('',(-1.0,0.0,0.0));
#11325=ORIENTED_EDGE('',*,*,#11326,.F.);
#11335=ORIENTED_EDGE('',*,*,#11267,.T.);
#11345=STYLED_ITEM('',(#34),#11346);
#11346=ADVANCED_FACE('',(#11352),#11347,.T.);
#11347=PLANE('',#11348);
#11348=AXIS2_PLACEMENT_3D('',#11349,#11350,#11351);
#11349=CARTESIAN_POINT('',(-1.152,3.556,0.0));
#11350=DIRECTION('',(-1.0,0.0,0.0));
#11351=DIRECTION('',(0.,0.,1.));
#11352=FACE_OUTER_BOUND('',#11353,.T.);
#11353=EDGE_LOOP('',(#11354,#11364,#11374,#11384));
#11355=EDGE_CURVE('',#11211,#11307,#11360,.T.);
#11360=LINE('',#11212,#11362);
#11362=VECTOR('',#11363,0.4572);
#11363=DIRECTION('',(0.0,1.0,0.0));
#11354=ORIENTED_EDGE('',*,*,#11355,.F.);
#11364=ORIENTED_EDGE('',*,*,#11238,.T.);
#11375=EDGE_CURVE('',#11317,#11229,#11380,.T.);
#11380=LINE('',#11318,#11382);
#11382=VECTOR('',#11383,0.4572);
#11383=DIRECTION('',(0.0,-1.0,0.0));
#11374=ORIENTED_EDGE('',*,*,#11375,.F.);
#11384=ORIENTED_EDGE('',*,*,#11316,.T.);
#11394=STYLED_ITEM('',(#34),#11395);
#11395=ADVANCED_FACE('',(#11401),#11396,.T.);
#11396=PLANE('',#11397);
#11397=AXIS2_PLACEMENT_3D('',#11398,#11399,#11400);
#11398=CARTESIAN_POINT('',(-1.152,3.556,0.0));
#11399=DIRECTION('',(0.0,0.0,-1.0));
#11400=DIRECTION('',(0.,1.,0.));
#11401=FACE_OUTER_BOUND('',#11402,.T.);
#11402=EDGE_LOOP('',(#11403,#11413,#11423,#11433));
#11403=ORIENTED_EDGE('',*,*,#11306,.T.);
#11413=ORIENTED_EDGE('',*,*,#11257,.T.);
#11423=ORIENTED_EDGE('',*,*,#11208,.T.);
#11433=ORIENTED_EDGE('',*,*,#11355,.T.);
#11443=STYLED_ITEM('',(#34),#11444);
#11444=ADVANCED_FACE('',(#11450),#11445,.T.);
#11445=PLANE('',#11446);
#11446=AXIS2_PLACEMENT_3D('',#11447,#11448,#11449);
#11447=CARTESIAN_POINT('',(-1.152,3.099,0.051));
#11448=DIRECTION('',(0.0,0.0,1.0));
#11449=DIRECTION('',(0.,1.,0.));
#11450=FACE_OUTER_BOUND('',#11451,.T.);
#11451=EDGE_LOOP('',(#11452,#11462,#11472,#11482));
#11452=ORIENTED_EDGE('',*,*,#11228,.T.);
#11462=ORIENTED_EDGE('',*,*,#11277,.T.);
#11472=ORIENTED_EDGE('',*,*,#11326,.T.);
#11482=ORIENTED_EDGE('',*,*,#11375,.T.);
#11492=MANIFOLD_SOLID_BREP($,#11493);
#11493=CLOSED_SHELL('',(#11495,#11544,#11593,#11642,#11691,#11740));
#11494=STYLED_ITEM('',(#34),#11495);
#11495=ADVANCED_FACE('',(#11501),#11496,.T.);
#11496=PLANE('',#11497);
#11497=AXIS2_PLACEMENT_3D('',#11498,#11499,#11500);
#11498=CARTESIAN_POINT('',(-1.652,3.099,0.0));
#11499=DIRECTION('',(0.0,-1.0,0.0));
#11500=DIRECTION('',(0.,0.,1.));
#11501=FACE_OUTER_BOUND('',#11502,.T.);
#11502=EDGE_LOOP('',(#11503,#11513,#11523,#11533));
#11506=CARTESIAN_POINT('',(-1.348,3.099,0.0));
#11505=VERTEX_POINT('',#11506);
#11508=CARTESIAN_POINT('',(-1.652,3.099,0.0));
#11507=VERTEX_POINT('',#11508);
#11504=EDGE_CURVE('',#11505,#11507,#11509,.T.);
#11509=LINE('',#11506,#11511);
#11511=VECTOR('',#11512,0.3048);
#11512=DIRECTION('',(-1.0,0.0,0.0));
#11503=ORIENTED_EDGE('',*,*,#11504,.F.);
#11516=CARTESIAN_POINT('',(-1.348,3.099,0.051));
#11515=VERTEX_POINT('',#11516);
#11514=EDGE_CURVE('',#11515,#11505,#11519,.T.);
#11519=LINE('',#11516,#11521);
#11521=VECTOR('',#11522,0.0508);
#11522=DIRECTION('',(0.0,0.0,-1.0));
#11513=ORIENTED_EDGE('',*,*,#11514,.F.);
#11526=CARTESIAN_POINT('',(-1.652,3.099,0.051));
#11525=VERTEX_POINT('',#11526);
#11524=EDGE_CURVE('',#11525,#11515,#11529,.T.);
#11529=LINE('',#11526,#11531);
#11531=VECTOR('',#11532,0.3048);
#11532=DIRECTION('',(1.0,0.0,0.0));
#11523=ORIENTED_EDGE('',*,*,#11524,.F.);
#11534=EDGE_CURVE('',#11507,#11525,#11539,.T.);
#11539=LINE('',#11508,#11541);
#11541=VECTOR('',#11542,0.0508);
#11542=DIRECTION('',(0.0,0.0,1.0));
#11533=ORIENTED_EDGE('',*,*,#11534,.F.);
#11543=STYLED_ITEM('',(#34),#11544);
#11544=ADVANCED_FACE('',(#11550),#11545,.T.);
#11545=PLANE('',#11546);
#11546=AXIS2_PLACEMENT_3D('',#11547,#11548,#11549);
#11547=CARTESIAN_POINT('',(-1.348,3.099,0.0));
#11548=DIRECTION('',(1.0,0.0,0.0));
#11549=DIRECTION('',(0.,0.,1.));
#11550=FACE_OUTER_BOUND('',#11551,.T.);
#11551=EDGE_LOOP('',(#11552,#11562,#11572,#11582));
#11555=CARTESIAN_POINT('',(-1.348,3.556,0.0));
#11554=VERTEX_POINT('',#11555);
#11553=EDGE_CURVE('',#11554,#11505,#11558,.T.);
#11558=LINE('',#11555,#11560);
#11560=VECTOR('',#11561,0.4572);
#11561=DIRECTION('',(0.0,-1.0,0.0));
#11552=ORIENTED_EDGE('',*,*,#11553,.F.);
#11565=CARTESIAN_POINT('',(-1.348,3.556,0.051));
#11564=VERTEX_POINT('',#11565);
#11563=EDGE_CURVE('',#11564,#11554,#11568,.T.);
#11568=LINE('',#11565,#11570);
#11570=VECTOR('',#11571,0.0508);
#11571=DIRECTION('',(0.0,0.0,-1.0));
#11562=ORIENTED_EDGE('',*,*,#11563,.F.);
#11573=EDGE_CURVE('',#11515,#11564,#11578,.T.);
#11578=LINE('',#11516,#11580);
#11580=VECTOR('',#11581,0.4572);
#11581=DIRECTION('',(0.0,1.0,0.0));
#11572=ORIENTED_EDGE('',*,*,#11573,.F.);
#11582=ORIENTED_EDGE('',*,*,#11514,.T.);
#11592=STYLED_ITEM('',(#34),#11593);
#11593=ADVANCED_FACE('',(#11599),#11594,.T.);
#11594=PLANE('',#11595);
#11595=AXIS2_PLACEMENT_3D('',#11596,#11597,#11598);
#11596=CARTESIAN_POINT('',(-1.348,3.556,0.0));
#11597=DIRECTION('',(0.0,1.0,0.0));
#11598=DIRECTION('',(0.,0.,1.));
#11599=FACE_OUTER_BOUND('',#11600,.T.);
#11600=EDGE_LOOP('',(#11601,#11611,#11621,#11631));
#11604=CARTESIAN_POINT('',(-1.652,3.556,0.0));
#11603=VERTEX_POINT('',#11604);
#11602=EDGE_CURVE('',#11603,#11554,#11607,.T.);
#11607=LINE('',#11604,#11609);
#11609=VECTOR('',#11610,0.3048);
#11610=DIRECTION('',(1.0,0.0,0.0));
#11601=ORIENTED_EDGE('',*,*,#11602,.F.);
#11614=CARTESIAN_POINT('',(-1.652,3.556,0.051));
#11613=VERTEX_POINT('',#11614);
#11612=EDGE_CURVE('',#11613,#11603,#11617,.T.);
#11617=LINE('',#11614,#11619);
#11619=VECTOR('',#11620,0.0508);
#11620=DIRECTION('',(0.0,0.0,-1.0));
#11611=ORIENTED_EDGE('',*,*,#11612,.F.);
#11622=EDGE_CURVE('',#11564,#11613,#11627,.T.);
#11627=LINE('',#11565,#11629);
#11629=VECTOR('',#11630,0.3048);
#11630=DIRECTION('',(-1.0,0.0,0.0));
#11621=ORIENTED_EDGE('',*,*,#11622,.F.);
#11631=ORIENTED_EDGE('',*,*,#11563,.T.);
#11641=STYLED_ITEM('',(#34),#11642);
#11642=ADVANCED_FACE('',(#11648),#11643,.T.);
#11643=PLANE('',#11644);
#11644=AXIS2_PLACEMENT_3D('',#11645,#11646,#11647);
#11645=CARTESIAN_POINT('',(-1.652,3.556,0.0));
#11646=DIRECTION('',(-1.0,0.0,0.0));
#11647=DIRECTION('',(0.,0.,1.));
#11648=FACE_OUTER_BOUND('',#11649,.T.);
#11649=EDGE_LOOP('',(#11650,#11660,#11670,#11680));
#11651=EDGE_CURVE('',#11507,#11603,#11656,.T.);
#11656=LINE('',#11508,#11658);
#11658=VECTOR('',#11659,0.4572);
#11659=DIRECTION('',(0.0,1.0,0.0));
#11650=ORIENTED_EDGE('',*,*,#11651,.F.);
#11660=ORIENTED_EDGE('',*,*,#11534,.T.);
#11671=EDGE_CURVE('',#11613,#11525,#11676,.T.);
#11676=LINE('',#11614,#11678);
#11678=VECTOR('',#11679,0.4572);
#11679=DIRECTION('',(0.0,-1.0,0.0));
#11670=ORIENTED_EDGE('',*,*,#11671,.F.);
#11680=ORIENTED_EDGE('',*,*,#11612,.T.);
#11690=STYLED_ITEM('',(#34),#11691);
#11691=ADVANCED_FACE('',(#11697),#11692,.T.);
#11692=PLANE('',#11693);
#11693=AXIS2_PLACEMENT_3D('',#11694,#11695,#11696);
#11694=CARTESIAN_POINT('',(-1.652,3.556,0.0));
#11695=DIRECTION('',(0.0,0.0,-1.0));
#11696=DIRECTION('',(0.,1.,0.));
#11697=FACE_OUTER_BOUND('',#11698,.T.);
#11698=EDGE_LOOP('',(#11699,#11709,#11719,#11729));
#11699=ORIENTED_EDGE('',*,*,#11602,.T.);
#11709=ORIENTED_EDGE('',*,*,#11553,.T.);
#11719=ORIENTED_EDGE('',*,*,#11504,.T.);
#11729=ORIENTED_EDGE('',*,*,#11651,.T.);
#11739=STYLED_ITEM('',(#34),#11740);
#11740=ADVANCED_FACE('',(#11746),#11741,.T.);
#11741=PLANE('',#11742);
#11742=AXIS2_PLACEMENT_3D('',#11743,#11744,#11745);
#11743=CARTESIAN_POINT('',(-1.652,3.099,0.051));
#11744=DIRECTION('',(0.0,0.0,1.0));
#11745=DIRECTION('',(0.,1.,0.));
#11746=FACE_OUTER_BOUND('',#11747,.T.);
#11747=EDGE_LOOP('',(#11748,#11758,#11768,#11778));
#11748=ORIENTED_EDGE('',*,*,#11524,.T.);
#11758=ORIENTED_EDGE('',*,*,#11573,.T.);
#11768=ORIENTED_EDGE('',*,*,#11622,.T.);
#11778=ORIENTED_EDGE('',*,*,#11671,.T.);
#11788=MANIFOLD_SOLID_BREP($,#11789);
#11789=CLOSED_SHELL('',(#11791,#11840,#11889,#11938,#11987,#12036));
#11790=STYLED_ITEM('',(#61),#11791);
#11791=ADVANCED_FACE('',(#11797),#11792,.T.);
#11792=PLANE('',#11793);
#11793=AXIS2_PLACEMENT_3D('',#11794,#11795,#11796);
#11794=CARTESIAN_POINT('',(-1.854,-2.845,0.0));
#11795=DIRECTION('',(0.0,-1.0,0.0));
#11796=DIRECTION('',(0.,0.,1.));
#11797=FACE_OUTER_BOUND('',#11798,.T.);
#11798=EDGE_LOOP('',(#11799,#11809,#11819,#11829));
#11802=CARTESIAN_POINT('',(1.854,-2.845,0.0));
#11801=VERTEX_POINT('',#11802);
#11804=CARTESIAN_POINT('',(-1.854,-2.845,0.0));
#11803=VERTEX_POINT('',#11804);
#11800=EDGE_CURVE('',#11801,#11803,#11805,.T.);
#11805=LINE('',#11802,#11807);
#11807=VECTOR('',#11808,3.7084);
#11808=DIRECTION('',(-1.0,0.0,0.0));
#11799=ORIENTED_EDGE('',*,*,#11800,.F.);
#11812=CARTESIAN_POINT('',(1.854,-2.845,0.051));
#11811=VERTEX_POINT('',#11812);
#11810=EDGE_CURVE('',#11811,#11801,#11815,.T.);
#11815=LINE('',#11812,#11817);
#11817=VECTOR('',#11818,0.0508);
#11818=DIRECTION('',(0.0,0.0,-1.0));
#11809=ORIENTED_EDGE('',*,*,#11810,.F.);
#11822=CARTESIAN_POINT('',(-1.854,-2.845,0.051));
#11821=VERTEX_POINT('',#11822);
#11820=EDGE_CURVE('',#11821,#11811,#11825,.T.);
#11825=LINE('',#11822,#11827);
#11827=VECTOR('',#11828,3.7084);
#11828=DIRECTION('',(1.0,0.0,0.0));
#11819=ORIENTED_EDGE('',*,*,#11820,.F.);
#11830=EDGE_CURVE('',#11803,#11821,#11835,.T.);
#11835=LINE('',#11804,#11837);
#11837=VECTOR('',#11838,0.0508);
#11838=DIRECTION('',(0.0,0.0,1.0));
#11829=ORIENTED_EDGE('',*,*,#11830,.F.);
#11839=STYLED_ITEM('',(#61),#11840);
#11840=ADVANCED_FACE('',(#11846),#11841,.T.);
#11841=PLANE('',#11842);
#11842=AXIS2_PLACEMENT_3D('',#11843,#11844,#11845);
#11843=CARTESIAN_POINT('',(1.854,-2.845,0.0));
#11844=DIRECTION('',(1.0,0.0,0.0));
#11845=DIRECTION('',(0.,0.,1.));
#11846=FACE_OUTER_BOUND('',#11847,.T.);
#11847=EDGE_LOOP('',(#11848,#11858,#11868,#11878));
#11851=CARTESIAN_POINT('',(1.854,2.845,0.0));
#11850=VERTEX_POINT('',#11851);
#11849=EDGE_CURVE('',#11850,#11801,#11854,.T.);
#11854=LINE('',#11851,#11856);
#11856=VECTOR('',#11857,5.6896);
#11857=DIRECTION('',(0.0,-1.0,0.0));
#11848=ORIENTED_EDGE('',*,*,#11849,.F.);
#11861=CARTESIAN_POINT('',(1.854,2.845,0.051));
#11860=VERTEX_POINT('',#11861);
#11859=EDGE_CURVE('',#11860,#11850,#11864,.T.);
#11864=LINE('',#11861,#11866);
#11866=VECTOR('',#11867,0.0508);
#11867=DIRECTION('',(0.0,0.0,-1.0));
#11858=ORIENTED_EDGE('',*,*,#11859,.F.);
#11869=EDGE_CURVE('',#11811,#11860,#11874,.T.);
#11874=LINE('',#11812,#11876);
#11876=VECTOR('',#11877,5.6896);
#11877=DIRECTION('',(0.0,1.0,0.0));
#11868=ORIENTED_EDGE('',*,*,#11869,.F.);
#11878=ORIENTED_EDGE('',*,*,#11810,.T.);
#11888=STYLED_ITEM('',(#61),#11889);
#11889=ADVANCED_FACE('',(#11895),#11890,.T.);
#11890=PLANE('',#11891);
#11891=AXIS2_PLACEMENT_3D('',#11892,#11893,#11894);
#11892=CARTESIAN_POINT('',(1.854,2.845,0.0));
#11893=DIRECTION('',(0.0,1.0,0.0));
#11894=DIRECTION('',(0.,0.,1.));
#11895=FACE_OUTER_BOUND('',#11896,.T.);
#11896=EDGE_LOOP('',(#11897,#11907,#11917,#11927));
#11900=CARTESIAN_POINT('',(-1.854,2.845,0.0));
#11899=VERTEX_POINT('',#11900);
#11898=EDGE_CURVE('',#11899,#11850,#11903,.T.);
#11903=LINE('',#11900,#11905);
#11905=VECTOR('',#11906,3.7084);
#11906=DIRECTION('',(1.0,0.0,0.0));
#11897=ORIENTED_EDGE('',*,*,#11898,.F.);
#11910=CARTESIAN_POINT('',(-1.854,2.845,0.051));
#11909=VERTEX_POINT('',#11910);
#11908=EDGE_CURVE('',#11909,#11899,#11913,.T.);
#11913=LINE('',#11910,#11915);
#11915=VECTOR('',#11916,0.0508);
#11916=DIRECTION('',(0.0,0.0,-1.0));
#11907=ORIENTED_EDGE('',*,*,#11908,.F.);
#11918=EDGE_CURVE('',#11860,#11909,#11923,.T.);
#11923=LINE('',#11861,#11925);
#11925=VECTOR('',#11926,3.7084);
#11926=DIRECTION('',(-1.0,0.0,0.0));
#11917=ORIENTED_EDGE('',*,*,#11918,.F.);
#11927=ORIENTED_EDGE('',*,*,#11859,.T.);
#11937=STYLED_ITEM('',(#61),#11938);
#11938=ADVANCED_FACE('',(#11944),#11939,.T.);
#11939=PLANE('',#11940);
#11940=AXIS2_PLACEMENT_3D('',#11941,#11942,#11943);
#11941=CARTESIAN_POINT('',(-1.854,2.845,0.0));
#11942=DIRECTION('',(-1.0,0.0,0.0));
#11943=DIRECTION('',(0.,0.,1.));
#11944=FACE_OUTER_BOUND('',#11945,.T.);
#11945=EDGE_LOOP('',(#11946,#11956,#11966,#11976));
#11947=EDGE_CURVE('',#11803,#11899,#11952,.T.);
#11952=LINE('',#11804,#11954);
#11954=VECTOR('',#11955,5.6896);
#11955=DIRECTION('',(0.0,1.0,0.0));
#11946=ORIENTED_EDGE('',*,*,#11947,.F.);
#11956=ORIENTED_EDGE('',*,*,#11830,.T.);
#11967=EDGE_CURVE('',#11909,#11821,#11972,.T.);
#11972=LINE('',#11910,#11974);
#11974=VECTOR('',#11975,5.6896);
#11975=DIRECTION('',(0.0,-1.0,0.0));
#11966=ORIENTED_EDGE('',*,*,#11967,.F.);
#11976=ORIENTED_EDGE('',*,*,#11908,.T.);
#11986=STYLED_ITEM('',(#61),#11987);
#11987=ADVANCED_FACE('',(#11993),#11988,.T.);
#11988=PLANE('',#11989);
#11989=AXIS2_PLACEMENT_3D('',#11990,#11991,#11992);
#11990=CARTESIAN_POINT('',(-1.854,2.845,0.0));
#11991=DIRECTION('',(0.0,0.0,-1.0));
#11992=DIRECTION('',(0.,1.,0.));
#11993=FACE_OUTER_BOUND('',#11994,.T.);
#11994=EDGE_LOOP('',(#11995,#12005,#12015,#12025));
#11995=ORIENTED_EDGE('',*,*,#11898,.T.);
#12005=ORIENTED_EDGE('',*,*,#11849,.T.);
#12015=ORIENTED_EDGE('',*,*,#11800,.T.);
#12025=ORIENTED_EDGE('',*,*,#11947,.T.);
#12035=STYLED_ITEM('',(#61),#12036);
#12036=ADVANCED_FACE('',(#12042),#12037,.T.);
#12037=PLANE('',#12038);
#12038=AXIS2_PLACEMENT_3D('',#12039,#12040,#12041);
#12039=CARTESIAN_POINT('',(-1.854,-2.845,0.051));
#12040=DIRECTION('',(0.0,0.0,1.0));
#12041=DIRECTION('',(0.,1.,0.));
#12042=FACE_OUTER_BOUND('',#12043,.T.);
#12043=EDGE_LOOP('',(#12044,#12054,#12064,#12074));
#12044=ORIENTED_EDGE('',*,*,#11820,.T.);
#12054=ORIENTED_EDGE('',*,*,#11869,.T.);
#12064=ORIENTED_EDGE('',*,*,#11918,.T.);
#12074=ORIENTED_EDGE('',*,*,#11967,.T.);
ENDSEC;
END-ISO-10303-21;
